$MeshFormat
4.1 0 8
$EndMeshFormat
$Entities
4 4 1 0
1 0 0 0 0 
2 3.141592653589793 0 0 0 
3 3.141592653589793 3.141592653589793 0 0 
4 0 3.141592653589793 0 0 
1 0 0 0 3.141592653589793 0 0 0 2 1 -2 
2 3.141592653589793 0 0 3.141592653589793 3.141592653589793 0 0 2 2 -3 
3 0 3.141592653589793 0 3.141592653589793 3.141592653589793 0 0 2 3 -4 
4 0 0 0 0 3.141592653589793 0 0 2 4 -1 
1 0 0 0 3.141592653589793 3.141592653589793 0 0 4 1 2 3 4 
$EndEntities
$Nodes
9 4889 1 4889
0 1 0 1
1
0 0 0
0 2 0 1
2
3.141592653589793 0 0
0 3 0 1
3
3.141592653589793 3.141592653589793 0
0 4 0 1
4
0 3.141592653589793 0
1 1 0 63
5
6
7
8
9
10
11
12
13
14
15
16
17
18
19
20
21
22
23
24
25
26
27
28
29
30
31
32
33
34
35
36
37
38
39
40
41
42
43
44
45
46
47
48
49
50
51
52
53
54
55
56
57
58
59
60
61
62
63
64
65
66
67
0.04908738521224779 0 0
0.09817477042449339 0 0
0.1472621556367228 0 0
0.1963495408489548 0 0
0.2454369260612194 0 0
0.2945243112734677 0 0
0.343611696485716 0 0
0.3926990816979535 0 0
0.4417864669101693 0 0
0.4908738521223743 0 0
0.5399612373345576 0 0
0.5890486225467626 0 0
0.6381360077589676 0 0
0.6872233929711726 0 0
0.7363107781833775 0 0
0.7853981633955825 0 0
0.8344855486077875 0 0
0.8835729338199925 0 0
0.9326603190321975 0 0
0.9817477042444025 0 0
1.030835089456672 0 0
1.079922474668856 0 0
1.129009859881039 0 0
1.178097245093266 0 0
1.227184630305492 0 0
1.276272015517675 0 0
1.325359400729859 0 0
1.374446785942085 0 0
1.423534171154312 0 0
1.472621556366495 0 0
1.521708941578679 0 0
1.570796326790949 0 0
1.619883712003349 0 0
1.668971097215836 0 0
1.718058482428323 0 0
1.767145867640766 0 0
1.81623325285321 0 0
1.865320638065697 0 0
1.914408023278183 0 0
1.963495408490627 0 0
2.01258279370307 0 0
2.061670178915514 0 0
2.110757564127958 0 0
2.159844949340488 0 0
2.208932334553019 0 0
2.258019719765462 0 0
2.307107104977905 0 0
2.356194490190349 0 0
2.405281875402792 0 0
2.454369260615236 0 0
2.50345664582768 0 0
2.55254403104021 0 0
2.601631416252741 0 0
2.650718801465184 0 0
2.699806186677627 0 0
2.748893571890071 0 0
2.797980957102514 0 0
2.847068342314958 0 0
2.896155727527402 0 0
2.945243112739932 0 0
2.994330497952463 0 0
3.043417883164906 0 0
3.09250526837735 0 0
1 2 0 63
68
69
70
71
72
73
74
75
76
77
78
79
80
81
82
83
84
85
86
87
88
89
90
91
92
93
94
95
96
97
98
99
100
101
102
103
104
105
106
107
108
109
110
111
112
113
114
115
116
117
118
119
120
121
122
123
124
125
126
127
128
129
130
3.141592653589793 0.04908738521224779 0
3.141592653589793 0.09817477042449339 0
3.141592653589793 0.1472621556367228 0
3.141592653589793 0.1963495408489548 0
3.141592653589793 0.2454369260612194 0
3.141592653589793 0.2945243112734677 0
3.141592653589793 0.343611696485716 0
3.141592653589793 0.3926990816979535 0
3.141592653589793 0.4417864669101693 0
3.141592653589793 0.4908738521223743 0
3.141592653589793 0.5399612373345576 0
3.141592653589793 0.5890486225467626 0
3.141592653589793 0.6381360077589676 0
3.141592653589793 0.6872233929711726 0
3.141592653589793 0.7363107781833775 0
3.141592653589793 0.7853981633955825 0
3.141592653589793 0.8344855486077875 0
3.141592653589793 0.8835729338199925 0
3.141592653589793 0.9326603190321975 0
3.141592653589793 0.9817477042444025 0
3.141592653589793 1.030835089456672 0
3.141592653589793 1.079922474668856 0
3.141592653589793 1.129009859881039 0
3.141592653589793 1.178097245093266 0
3.141592653589793 1.227184630305492 0
3.141592653589793 1.276272015517675 0
3.141592653589793 1.325359400729859 0
3.141592653589793 1.374446785942085 0
3.141592653589793 1.423534171154312 0
3.141592653589793 1.472621556366495 0
3.141592653589793 1.521708941578679 0
3.141592653589793 1.570796326790949 0
3.141592653589793 1.619883712003349 0
3.141592653589793 1.668971097215836 0
3.141592653589793 1.718058482428323 0
3.141592653589793 1.767145867640766 0
3.141592653589793 1.81623325285321 0
3.141592653589793 1.865320638065697 0
3.141592653589793 1.914408023278183 0
3.141592653589793 1.963495408490627 0
3.141592653589793 2.01258279370307 0
3.141592653589793 2.061670178915514 0
3.141592653589793 2.110757564127958 0
3.141592653589793 2.159844949340488 0
3.141592653589793 2.208932334553019 0
3.141592653589793 2.258019719765462 0
3.141592653589793 2.307107104977905 0
3.141592653589793 2.356194490190349 0
3.141592653589793 2.405281875402792 0
3.141592653589793 2.454369260615236 0
3.141592653589793 2.50345664582768 0
3.141592653589793 2.55254403104021 0
3.141592653589793 2.601631416252741 0
3.141592653589793 2.650718801465184 0
3.141592653589793 2.699806186677627 0
3.141592653589793 2.748893571890071 0
3.141592653589793 2.797980957102514 0
3.141592653589793 2.847068342314958 0
3.141592653589793 2.896155727527402 0
3.141592653589793 2.945243112739932 0
3.141592653589793 2.994330497952463 0
3.141592653589793 3.043417883164906 0
3.141592653589793 3.09250526837735 0
1 3 0 63
131
132
133
134
135
136
137
138
139
140
141
142
143
144
145
146
147
148
149
150
151
152
153
154
155
156
157
158
159
160
161
162
163
164
165
166
167
168
169
170
171
172
173
174
175
176
177
178
179
180
181
182
183
184
185
186
187
188
189
190
191
192
193
3.092505268377436 3.141592653589793 0
3.04341788316534 3.141592653589793 0
2.994330497952983 3.141592653589793 0
2.9452431127408 3.141592653589793 0
2.896155727528616 3.141592653589793 0
2.847068342316173 3.141592653589793 0
2.79798095710399 3.141592653589793 0
2.748893571891807 3.141592653589793 0
2.699806186679623 3.141592653589793 0
2.650718801467527 3.141592653589793 0
2.60163141625517 3.141592653589793 0
2.552544031042987 3.141592653589793 0
2.50345664583089 3.141592653589793 0
2.454369260618794 3.141592653589793 0
2.405281875406697 3.141592653589793 0
2.356194490194341 3.141592653589793 0
2.307107104981984 3.141592653589793 0
2.258019719769887 3.141592653589793 0
2.208932334557791 3.141592653589793 0
2.159844949345694 3.141592653589793 0
2.110757564133338 3.141592653589793 0
2.061670178920894 3.141592653589793 0
2.012582793708711 3.141592653589793 0
1.963495408496527 3.141592653589793 0
1.914408023284301 3.141592653589793 0
1.865320638072118 3.141592653589793 0
1.816233252859934 3.141592653589793 0
1.767145867647708 3.141592653589793 0
1.718058482435481 3.141592653589793 0
1.668971097223298 3.141592653589793 0
1.619883712011114 3.141592653589793 0
1.570796326798844 3.141592653589793 0
1.521708941586444 3.141592653589793 0
1.472621556373957 3.141592653589793 0
1.42353417116147 3.141592653589793 0
1.374446785949027 3.141592653589793 0
1.325359400736583 3.141592653589793 0
1.276272015524097 3.141592653589793 0
1.22718463031161 3.141592653589793 0
1.178097245099166 3.141592653589793 0
1.129009859886723 3.141592653589793 0
1.079922474674279 3.141592653589793 0
1.030835089461835 3.141592653589793 0
0.981747704249305 3.141592653589793 0
0.9326603190367746 3.141592653589793 0
0.8835729338243312 3.141592653589793 0
0.8344855486118878 3.141592653589793 0
0.785398163399444 3.141592653589793 0
0.7363107781870006 3.141592653589793 0
0.6872233929745568 3.141592653589793 0
0.6381360077621134 3.141592653589793 0
0.589048622549583 3.141592653589793 0
0.5399612373370526 3.141592653589793 0
0.4908738521246092 3.141592653589793 0
0.4417864669121658 3.141592653589793 0
0.392699081699722 3.141592653589793 0
0.3436116964872786 3.141592653589793 0
0.2945243112748348 3.141592653589793 0
0.2454369260623914 3.141592653589793 0
0.196349540849861 3.141592653589793 0
0.1472621556373306 3.141592653589793 0
0.0981747704248872 3.141592653589793 0
0.04908738521244338 3.141592653589793 0
1 4 0 63
194
195
196
197
198
199
200
201
202
203
204
205
206
207
208
209
210
211
212
213
214
215
216
217
218
219
220
221
222
223
224
225
226
227
228
229
230
231
232
233
234
235
236
237
238
239
240
241
242
243
244
245
246
247
248
249
250
251
252
253
254
255
256
0 3.092505268377436 0
0 3.04341788316534 0
0 2.994330497952983 0
0 2.9452431127408 0
0 2.896155727528616 0
0 2.847068342316173 0
0 2.79798095710399 0
0 2.748893571891807 0
0 2.699806186679623 0
0 2.650718801467527 0
0 2.60163141625517 0
0 2.552544031042987 0
0 2.50345664583089 0
0 2.454369260618794 0
0 2.405281875406697 0
0 2.356194490194341 0
0 2.307107104981984 0
0 2.258019719769887 0
0 2.208932334557791 0
0 2.159844949345694 0
0 2.110757564133338 0
0 2.061670178920894 0
0 2.012582793708711 0
0 1.963495408496527 0
0 1.914408023284301 0
0 1.865320638072118 0
0 1.816233252859934 0
0 1.767145867647708 0
0 1.718058482435481 0
0 1.668971097223298 0
0 1.619883712011114 0
0 1.570796326798844 0
0 1.521708941586444 0
0 1.472621556373957 0
0 1.42353417116147 0
0 1.374446785949027 0
0 1.325359400736583 0
0 1.276272015524097 0
0 1.22718463031161 0
0 1.178097245099166 0
0 1.129009859886723 0
0 1.079922474674279 0
0 1.030835089461835 0
0 0.981747704249305 0
0 0.9326603190367746 0
0 0.8835729338243312 0
0 0.8344855486118878 0
0 0.785398163399444 0
0 0.7363107781870006 0
0 0.6872233929745568 0
0 0.6381360077621134 0
0 0.589048622549583 0
0 0.5399612373370526 0
0 0.4908738521246092 0
0 0.4417864669121658 0
0 0.392699081699722 0
0 0.3436116964872786 0
0 0.2945243112748348 0
0 0.2454369260623914 0
0 0.196349540849861 0
0 0.1472621556373306 0
0 0.0981747704248872 0
0 0.04908738521244338 0
2 1 0 4633
257
258
259
260
261
262
263
264
265
266
267
268
269
270
271
272
273
274
275
276
277
278
279
280
281
282
283
284
285
286
287
288
289
290
291
292
293
294
295
296
297
298
299
300
301
302
303
304
305
306
307
308
309
310
311
312
313
314
315
316
317
318
319
320
321
322
323
324
325
326
327
328
329
330
331
332
333
334
335
336
337
338
339
340
341
342
343
344
345
346
347
348
349
350
351
352
353
354
355
356
357
358
359
360
361
362
363
364
365
366
367
368
369
370
371
372
373
374
375
376
377
378
379
380
381
382
383
384
385
386
387
388
389
390
391
392
393
394
395
396
397
398
399
400
401
402
403
404
405
406
407
408
409
410
411
412
413
414
415
416
417
418
419
420
421
422
423
424
425
426
427
428
429
430
431
432
433
434
435
436
437
438
439
440
441
442
443
444
445
446
447
448
449
450
451
452
453
454
455
456
457
458
459
460
461
462
463
464
465
466
467
468
469
470
471
472
473
474
475
476
477
478
479
480
481
482
483
484
485
486
487
488
489
490
491
492
493
494
495
496
497
498
499
500
501
502
503
504
505
506
507
508
509
510
511
512
513
514
515
516
517
518
519
520
521
522
523
524
525
526
527
528
529
530
531
532
533
534
535
536
537
538
539
540
541
542
543
544
545
546
547
548
549
550
551
552
553
554
555
556
557
558
559
560
561
562
563
564
565
566
567
568
569
570
571
572
573
574
575
576
577
578
579
580
581
582
583
584
585
586
587
588
589
590
591
592
593
594
595
596
597
598
599
600
601
602
603
604
605
606
607
608
609
610
611
612
613
614
615
616
617
618
619
620
621
622
623
624
625
626
627
628
629
630
631
632
633
634
635
636
637
638
639
640
641
642
643
644
645
646
647
648
649
650
651
652
653
654
655
656
657
658
659
660
661
662
663
664
665
666
667
668
669
670
671
672
673
674
675
676
677
678
679
680
681
682
683
684
685
686
687
688
689
690
691
692
693
694
695
696
697
698
699
700
701
702
703
704
705
706
707
708
709
710
711
712
713
714
715
716
717
718
719
720
721
722
723
724
725
726
727
728
729
730
731
732
733
734
735
736
737
738
739
740
741
742
743
744
745
746
747
748
749
750
751
752
753
754
755
756
757
758
759
760
761
762
763
764
765
766
767
768
769
770
771
772
773
774
775
776
777
778
779
780
781
782
783
784
785
786
787
788
789
790
791
792
793
794
795
796
797
798
799
800
801
802
803
804
805
806
807
808
809
810
811
812
813
814
815
816
817
818
819
820
821
822
823
824
825
826
827
828
829
830
831
832
833
834
835
836
837
838
839
840
841
842
843
844
845
846
847
848
849
850
851
852
853
854
855
856
857
858
859
860
861
862
863
864
865
866
867
868
869
870
871
872
873
874
875
876
877
878
879
880
881
882
883
884
885
886
887
888
889
890
891
892
893
894
895
896
897
898
899
900
901
902
903
904
905
906
907
908
909
910
911
912
913
914
915
916
917
918
919
920
921
922
923
924
925
926
927
928
929
930
931
932
933
934
935
936
937
938
939
940
941
942
943
944
945
946
947
948
949
950
951
952
953
954
955
956
957
958
959
960
961
962
963
964
965
966
967
968
969
970
971
972
973
974
975
976
977
978
979
980
981
982
983
984
985
986
987
988
989
990
991
992
993
994
995
996
997
998
999
1000
1001
1002
1003
1004
1005
1006
1007
1008
1009
1010
1011
1012
1013
1014
1015
1016
1017
1018
1019
1020
1021
1022
1023
1024
1025
1026
1027
1028
1029
1030
1031
1032
1033
1034
1035
1036
1037
1038
1039
1040
1041
1042
1043
1044
1045
1046
1047
1048
1049
1050
1051
1052
1053
1054
1055
1056
1057
1058
1059
1060
1061
1062
1063
1064
1065
1066
1067
1068
1069
1070
1071
1072
1073
1074
1075
1076
1077
1078
1079
1080
1081
1082
1083
1084
1085
1086
1087
1088
1089
1090
1091
1092
1093
1094
1095
1096
1097
1098
1099
1100
1101
1102
1103
1104
1105
1106
1107
1108
1109
1110
1111
1112
1113
1114
1115
1116
1117
1118
1119
1120
1121
1122
1123
1124
1125
1126
1127
1128
1129
1130
1131
1132
1133
1134
1135
1136
1137
1138
1139
1140
1141
1142
1143
1144
1145
1146
1147
1148
1149
1150
1151
1152
1153
1154
1155
1156
1157
1158
1159
1160
1161
1162
1163
1164
1165
1166
1167
1168
1169
1170
1171
1172
1173
1174
1175
1176
1177
1178
1179
1180
1181
1182
1183
1184
1185
1186
1187
1188
1189
1190
1191
1192
1193
1194
1195
1196
1197
1198
1199
1200
1201
1202
1203
1204
1205
1206
1207
1208
1209
1210
1211
1212
1213
1214
1215
1216
1217
1218
1219
1220
1221
1222
1223
1224
1225
1226
1227
1228
1229
1230
1231
1232
1233
1234
1235
1236
1237
1238
1239
1240
1241
1242
1243
1244
1245
1246
1247
1248
1249
1250
1251
1252
1253
1254
1255
1256
1257
1258
1259
1260
1261
1262
1263
1264
1265
1266
1267
1268
1269
1270
1271
1272
1273
1274
1275
1276
1277
1278
1279
1280
1281
1282
1283
1284
1285
1286
1287
1288
1289
1290
1291
1292
1293
1294
1295
1296
1297
1298
1299
1300
1301
1302
1303
1304
1305
1306
1307
1308
1309
1310
1311
1312
1313
1314
1315
1316
1317
1318
1319
1320
1321
1322
1323
1324
1325
1326
1327
1328
1329
1330
1331
1332
1333
1334
1335
1336
1337
1338
1339
1340
1341
1342
1343
1344
1345
1346
1347
1348
1349
1350
1351
1352
1353
1354
1355
1356
1357
1358
1359
1360
1361
1362
1363
1364
1365
1366
1367
1368
1369
1370
1371
1372
1373
1374
1375
1376
1377
1378
1379
1380
1381
1382
1383
1384
1385
1386
1387
1388
1389
1390
1391
1392
1393
1394
1395
1396
1397
1398
1399
1400
1401
1402
1403
1404
1405
1406
1407
1408
1409
1410
1411
1412
1413
1414
1415
1416
1417
1418
1419
1420
1421
1422
1423
1424
1425
1426
1427
1428
1429
1430
1431
1432
1433
1434
1435
1436
1437
1438
1439
1440
1441
1442
1443
1444
1445
1446
1447
1448
1449
1450
1451
1452
1453
1454
1455
1456
1457
1458
1459
1460
1461
1462
1463
1464
1465
1466
1467
1468
1469
1470
1471
1472
1473
1474
1475
1476
1477
1478
1479
1480
1481
1482
1483
1484
1485
1486
1487
1488
1489
1490
1491
1492
1493
1494
1495
1496
1497
1498
1499
1500
1501
1502
1503
1504
1505
1506
1507
1508
1509
1510
1511
1512
1513
1514
1515
1516
1517
1518
1519
1520
1521
1522
1523
1524
1525
1526
1527
1528
1529
1530
1531
1532
1533
1534
1535
1536
1537
1538
1539
1540
1541
1542
1543
1544
1545
1546
1547
1548
1549
1550
1551
1552
1553
1554
1555
1556
1557
1558
1559
1560
1561
1562
1563
1564
1565
1566
1567
1568
1569
1570
1571
1572
1573
1574
1575
1576
1577
1578
1579
1580
1581
1582
1583
1584
1585
1586
1587
1588
1589
1590
1591
1592
1593
1594
1595
1596
1597
1598
1599
1600
1601
1602
1603
1604
1605
1606
1607
1608
1609
1610
1611
1612
1613
1614
1615
1616
1617
1618
1619
1620
1621
1622
1623
1624
1625
1626
1627
1628
1629
1630
1631
1632
1633
1634
1635
1636
1637
1638
1639
1640
1641
1642
1643
1644
1645
1646
1647
1648
1649
1650
1651
1652
1653
1654
1655
1656
1657
1658
1659
1660
1661
1662
1663
1664
1665
1666
1667
1668
1669
1670
1671
1672
1673
1674
1675
1676
1677
1678
1679
1680
1681
1682
1683
1684
1685
1686
1687
1688
1689
1690
1691
1692
1693
1694
1695
1696
1697
1698
1699
1700
1701
1702
1703
1704
1705
1706
1707
1708
1709
1710
1711
1712
1713
1714
1715
1716
1717
1718
1719
1720
1721
1722
1723
1724
1725
1726
1727
1728
1729
1730
1731
1732
1733
1734
1735
1736
1737
1738
1739
1740
1741
1742
1743
1744
1745
1746
1747
1748
1749
1750
1751
1752
1753
1754
1755
1756
1757
1758
1759
1760
1761
1762
1763
1764
1765
1766
1767
1768
1769
1770
1771
1772
1773
1774
1775
1776
1777
1778
1779
1780
1781
1782
1783
1784
1785
1786
1787
1788
1789
1790
1791
1792
1793
1794
1795
1796
1797
1798
1799
1800
1801
1802
1803
1804
1805
1806
1807
1808
1809
1810
1811
1812
1813
1814
1815
1816
1817
1818
1819
1820
1821
1822
1823
1824
1825
1826
1827
1828
1829
1830
1831
1832
1833
1834
1835
1836
1837
1838
1839
1840
1841
1842
1843
1844
1845
1846
1847
1848
1849
1850
1851
1852
1853
1854
1855
1856
1857
1858
1859
1860
1861
1862
1863
1864
1865
1866
1867
1868
1869
1870
1871
1872
1873
1874
1875
1876
1877
1878
1879
1880
1881
1882
1883
1884
1885
1886
1887
1888
1889
1890
1891
1892
1893
1894
1895
1896
1897
1898
1899
1900
1901
1902
1903
1904
1905
1906
1907
1908
1909
1910
1911
1912
1913
1914
1915
1916
1917
1918
1919
1920
1921
1922
1923
1924
1925
1926
1927
1928
1929
1930
1931
1932
1933
1934
1935
1936
1937
1938
1939
1940
1941
1942
1943
1944
1945
1946
1947
1948
1949
1950
1951
1952
1953
1954
1955
1956
1957
1958
1959
1960
1961
1962
1963
1964
1965
1966
1967
1968
1969
1970
1971
1972
1973
1974
1975
1976
1977
1978
1979
1980
1981
1982
1983
1984
1985
1986
1987
1988
1989
1990
1991
1992
1993
1994
1995
1996
1997
1998
1999
2000
2001
2002
2003
2004
2005
2006
2007
2008
2009
2010
2011
2012
2013
2014
2015
2016
2017
2018
2019
2020
2021
2022
2023
2024
2025
2026
2027
2028
2029
2030
2031
2032
2033
2034
2035
2036
2037
2038
2039
2040
2041
2042
2043
2044
2045
2046
2047
2048
2049
2050
2051
2052
2053
2054
2055
2056
2057
2058
2059
2060
2061
2062
2063
2064
2065
2066
2067
2068
2069
2070
2071
2072
2073
2074
2075
2076
2077
2078
2079
2080
2081
2082
2083
2084
2085
2086
2087
2088
2089
2090
2091
2092
2093
2094
2095
2096
2097
2098
2099
2100
2101
2102
2103
2104
2105
2106
2107
2108
2109
2110
2111
2112
2113
2114
2115
2116
2117
2118
2119
2120
2121
2122
2123
2124
2125
2126
2127
2128
2129
2130
2131
2132
2133
2134
2135
2136
2137
2138
2139
2140
2141
2142
2143
2144
2145
2146
2147
2148
2149
2150
2151
2152
2153
2154
2155
2156
2157
2158
2159
2160
2161
2162
2163
2164
2165
2166
2167
2168
2169
2170
2171
2172
2173
2174
2175
2176
2177
2178
2179
2180
2181
2182
2183
2184
2185
2186
2187
2188
2189
2190
2191
2192
2193
2194
2195
2196
2197
2198
2199
2200
2201
2202
2203
2204
2205
2206
2207
2208
2209
2210
2211
2212
2213
2214
2215
2216
2217
2218
2219
2220
2221
2222
2223
2224
2225
2226
2227
2228
2229
2230
2231
2232
2233
2234
2235
2236
2237
2238
2239
2240
2241
2242
2243
2244
2245
2246
2247
2248
2249
2250
2251
2252
2253
2254
2255
2256
2257
2258
2259
2260
2261
2262
2263
2264
2265
2266
2267
2268
2269
2270
2271
2272
2273
2274
2275
2276
2277
2278
2279
2280
2281
2282
2283
2284
2285
2286
2287
2288
2289
2290
2291
2292
2293
2294
2295
2296
2297
2298
2299
2300
2301
2302
2303
2304
2305
2306
2307
2308
2309
2310
2311
2312
2313
2314
2315
2316
2317
2318
2319
2320
2321
2322
2323
2324
2325
2326
2327
2328
2329
2330
2331
2332
2333
2334
2335
2336
2337
2338
2339
2340
2341
2342
2343
2344
2345
2346
2347
2348
2349
2350
2351
2352
2353
2354
2355
2356
2357
2358
2359
2360
2361
2362
2363
2364
2365
2366
2367
2368
2369
2370
2371
2372
2373
2374
2375
2376
2377
2378
2379
2380
2381
2382
2383
2384
2385
2386
2387
2388
2389
2390
2391
2392
2393
2394
2395
2396
2397
2398
2399
2400
2401
2402
2403
2404
2405
2406
2407
2408
2409
2410
2411
2412
2413
2414
2415
2416
2417
2418
2419
2420
2421
2422
2423
2424
2425
2426
2427
2428
2429
2430
2431
2432
2433
2434
2435
2436
2437
2438
2439
2440
2441
2442
2443
2444
2445
2446
2447
2448
2449
2450
2451
2452
2453
2454
2455
2456
2457
2458
2459
2460
2461
2462
2463
2464
2465
2466
2467
2468
2469
2470
2471
2472
2473
2474
2475
2476
2477
2478
2479
2480
2481
2482
2483
2484
2485
2486
2487
2488
2489
2490
2491
2492
2493
2494
2495
2496
2497
2498
2499
2500
2501
2502
2503
2504
2505
2506
2507
2508
2509
2510
2511
2512
2513
2514
2515
2516
2517
2518
2519
2520
2521
2522
2523
2524
2525
2526
2527
2528
2529
2530
2531
2532
2533
2534
2535
2536
2537
2538
2539
2540
2541
2542
2543
2544
2545
2546
2547
2548
2549
2550
2551
2552
2553
2554
2555
2556
2557
2558
2559
2560
2561
2562
2563
2564
2565
2566
2567
2568
2569
2570
2571
2572
2573
2574
2575
2576
2577
2578
2579
2580
2581
2582
2583
2584
2585
2586
2587
2588
2589
2590
2591
2592
2593
2594
2595
2596
2597
2598
2599
2600
2601
2602
2603
2604
2605
2606
2607
2608
2609
2610
2611
2612
2613
2614
2615
2616
2617
2618
2619
2620
2621
2622
2623
2624
2625
2626
2627
2628
2629
2630
2631
2632
2633
2634
2635
2636
2637
2638
2639
2640
2641
2642
2643
2644
2645
2646
2647
2648
2649
2650
2651
2652
2653
2654
2655
2656
2657
2658
2659
2660
2661
2662
2663
2664
2665
2666
2667
2668
2669
2670
2671
2672
2673
2674
2675
2676
2677
2678
2679
2680
2681
2682
2683
2684
2685
2686
2687
2688
2689
2690
2691
2692
2693
2694
2695
2696
2697
2698
2699
2700
2701
2702
2703
2704
2705
2706
2707
2708
2709
2710
2711
2712
2713
2714
2715
2716
2717
2718
2719
2720
2721
2722
2723
2724
2725
2726
2727
2728
2729
2730
2731
2732
2733
2734
2735
2736
2737
2738
2739
2740
2741
2742
2743
2744
2745
2746
2747
2748
2749
2750
2751
2752
2753
2754
2755
2756
2757
2758
2759
2760
2761
2762
2763
2764
2765
2766
2767
2768
2769
2770
2771
2772
2773
2774
2775
2776
2777
2778
2779
2780
2781
2782
2783
2784
2785
2786
2787
2788
2789
2790
2791
2792
2793
2794
2795
2796
2797
2798
2799
2800
2801
2802
2803
2804
2805
2806
2807
2808
2809
2810
2811
2812
2813
2814
2815
2816
2817
2818
2819
2820
2821
2822
2823
2824
2825
2826
2827
2828
2829
2830
2831
2832
2833
2834
2835
2836
2837
2838
2839
2840
2841
2842
2843
2844
2845
2846
2847
2848
2849
2850
2851
2852
2853
2854
2855
2856
2857
2858
2859
2860
2861
2862
2863
2864
2865
2866
2867
2868
2869
2870
2871
2872
2873
2874
2875
2876
2877
2878
2879
2880
2881
2882
2883
2884
2885
2886
2887
2888
2889
2890
2891
2892
2893
2894
2895
2896
2897
2898
2899
2900
2901
2902
2903
2904
2905
2906
2907
2908
2909
2910
2911
2912
2913
2914
2915
2916
2917
2918
2919
2920
2921
2922
2923
2924
2925
2926
2927
2928
2929
2930
2931
2932
2933
2934
2935
2936
2937
2938
2939
2940
2941
2942
2943
2944
2945
2946
2947
2948
2949
2950
2951
2952
2953
2954
2955
2956
2957
2958
2959
2960
2961
2962
2963
2964
2965
2966
2967
2968
2969
2970
2971
2972
2973
2974
2975
2976
2977
2978
2979
2980
2981
2982
2983
2984
2985
2986
2987
2988
2989
2990
2991
2992
2993
2994
2995
2996
2997
2998
2999
3000
3001
3002
3003
3004
3005
3006
3007
3008
3009
3010
3011
3012
3013
3014
3015
3016
3017
3018
3019
3020
3021
3022
3023
3024
3025
3026
3027
3028
3029
3030
3031
3032
3033
3034
3035
3036
3037
3038
3039
3040
3041
3042
3043
3044
3045
3046
3047
3048
3049
3050
3051
3052
3053
3054
3055
3056
3057
3058
3059
3060
3061
3062
3063
3064
3065
3066
3067
3068
3069
3070
3071
3072
3073
3074
3075
3076
3077
3078
3079
3080
3081
3082
3083
3084
3085
3086
3087
3088
3089
3090
3091
3092
3093
3094
3095
3096
3097
3098
3099
3100
3101
3102
3103
3104
3105
3106
3107
3108
3109
3110
3111
3112
3113
3114
3115
3116
3117
3118
3119
3120
3121
3122
3123
3124
3125
3126
3127
3128
3129
3130
3131
3132
3133
3134
3135
3136
3137
3138
3139
3140
3141
3142
3143
3144
3145
3146
3147
3148
3149
3150
3151
3152
3153
3154
3155
3156
3157
3158
3159
3160
3161
3162
3163
3164
3165
3166
3167
3168
3169
3170
3171
3172
3173
3174
3175
3176
3177
3178
3179
3180
3181
3182
3183
3184
3185
3186
3187
3188
3189
3190
3191
3192
3193
3194
3195
3196
3197
3198
3199
3200
3201
3202
3203
3204
3205
3206
3207
3208
3209
3210
3211
3212
3213
3214
3215
3216
3217
3218
3219
3220
3221
3222
3223
3224
3225
3226
3227
3228
3229
3230
3231
3232
3233
3234
3235
3236
3237
3238
3239
3240
3241
3242
3243
3244
3245
3246
3247
3248
3249
3250
3251
3252
3253
3254
3255
3256
3257
3258
3259
3260
3261
3262
3263
3264
3265
3266
3267
3268
3269
3270
3271
3272
3273
3274
3275
3276
3277
3278
3279
3280
3281
3282
3283
3284
3285
3286
3287
3288
3289
3290
3291
3292
3293
3294
3295
3296
3297
3298
3299
3300
3301
3302
3303
3304
3305
3306
3307
3308
3309
3310
3311
3312
3313
3314
3315
3316
3317
3318
3319
3320
3321
3322
3323
3324
3325
3326
3327
3328
3329
3330
3331
3332
3333
3334
3335
3336
3337
3338
3339
3340
3341
3342
3343
3344
3345
3346
3347
3348
3349
3350
3351
3352
3353
3354
3355
3356
3357
3358
3359
3360
3361
3362
3363
3364
3365
3366
3367
3368
3369
3370
3371
3372
3373
3374
3375
3376
3377
3378
3379
3380
3381
3382
3383
3384
3385
3386
3387
3388
3389
3390
3391
3392
3393
3394
3395
3396
3397
3398
3399
3400
3401
3402
3403
3404
3405
3406
3407
3408
3409
3410
3411
3412
3413
3414
3415
3416
3417
3418
3419
3420
3421
3422
3423
3424
3425
3426
3427
3428
3429
3430
3431
3432
3433
3434
3435
3436
3437
3438
3439
3440
3441
3442
3443
3444
3445
3446
3447
3448
3449
3450
3451
3452
3453
3454
3455
3456
3457
3458
3459
3460
3461
3462
3463
3464
3465
3466
3467
3468
3469
3470
3471
3472
3473
3474
3475
3476
3477
3478
3479
3480
3481
3482
3483
3484
3485
3486
3487
3488
3489
3490
3491
3492
3493
3494
3495
3496
3497
3498
3499
3500
3501
3502
3503
3504
3505
3506
3507
3508
3509
3510
3511
3512
3513
3514
3515
3516
3517
3518
3519
3520
3521
3522
3523
3524
3525
3526
3527
3528
3529
3530
3531
3532
3533
3534
3535
3536
3537
3538
3539
3540
3541
3542
3543
3544
3545
3546
3547
3548
3549
3550
3551
3552
3553
3554
3555
3556
3557
3558
3559
3560
3561
3562
3563
3564
3565
3566
3567
3568
3569
3570
3571
3572
3573
3574
3575
3576
3577
3578
3579
3580
3581
3582
3583
3584
3585
3586
3587
3588
3589
3590
3591
3592
3593
3594
3595
3596
3597
3598
3599
3600
3601
3602
3603
3604
3605
3606
3607
3608
3609
3610
3611
3612
3613
3614
3615
3616
3617
3618
3619
3620
3621
3622
3623
3624
3625
3626
3627
3628
3629
3630
3631
3632
3633
3634
3635
3636
3637
3638
3639
3640
3641
3642
3643
3644
3645
3646
3647
3648
3649
3650
3651
3652
3653
3654
3655
3656
3657
3658
3659
3660
3661
3662
3663
3664
3665
3666
3667
3668
3669
3670
3671
3672
3673
3674
3675
3676
3677
3678
3679
3680
3681
3682
3683
3684
3685
3686
3687
3688
3689
3690
3691
3692
3693
3694
3695
3696
3697
3698
3699
3700
3701
3702
3703
3704
3705
3706
3707
3708
3709
3710
3711
3712
3713
3714
3715
3716
3717
3718
3719
3720
3721
3722
3723
3724
3725
3726
3727
3728
3729
3730
3731
3732
3733
3734
3735
3736
3737
3738
3739
3740
3741
3742
3743
3744
3745
3746
3747
3748
3749
3750
3751
3752
3753
3754
3755
3756
3757
3758
3759
3760
3761
3762
3763
3764
3765
3766
3767
3768
3769
3770
3771
3772
3773
3774
3775
3776
3777
3778
3779
3780
3781
3782
3783
3784
3785
3786
3787
3788
3789
3790
3791
3792
3793
3794
3795
3796
3797
3798
3799
3800
3801
3802
3803
3804
3805
3806
3807
3808
3809
3810
3811
3812
3813
3814
3815
3816
3817
3818
3819
3820
3821
3822
3823
3824
3825
3826
3827
3828
3829
3830
3831
3832
3833
3834
3835
3836
3837
3838
3839
3840
3841
3842
3843
3844
3845
3846
3847
3848
3849
3850
3851
3852
3853
3854
3855
3856
3857
3858
3859
3860
3861
3862
3863
3864
3865
3866
3867
3868
3869
3870
3871
3872
3873
3874
3875
3876
3877
3878
3879
3880
3881
3882
3883
3884
3885
3886
3887
3888
3889
3890
3891
3892
3893
3894
3895
3896
3897
3898
3899
3900
3901
3902
3903
3904
3905
3906
3907
3908
3909
3910
3911
3912
3913
3914
3915
3916
3917
3918
3919
3920
3921
3922
3923
3924
3925
3926
3927
3928
3929
3930
3931
3932
3933
3934
3935
3936
3937
3938
3939
3940
3941
3942
3943
3944
3945
3946
3947
3948
3949
3950
3951
3952
3953
3954
3955
3956
3957
3958
3959
3960
3961
3962
3963
3964
3965
3966
3967
3968
3969
3970
3971
3972
3973
3974
3975
3976
3977
3978
3979
3980
3981
3982
3983
3984
3985
3986
3987
3988
3989
3990
3991
3992
3993
3994
3995
3996
3997
3998
3999
4000
4001
4002
4003
4004
4005
4006
4007
4008
4009
4010
4011
4012
4013
4014
4015
4016
4017
4018
4019
4020
4021
4022
4023
4024
4025
4026
4027
4028
4029
4030
4031
4032
4033
4034
4035
4036
4037
4038
4039
4040
4041
4042
4043
4044
4045
4046
4047
4048
4049
4050
4051
4052
4053
4054
4055
4056
4057
4058
4059
4060
4061
4062
4063
4064
4065
4066
4067
4068
4069
4070
4071
4072
4073
4074
4075
4076
4077
4078
4079
4080
4081
4082
4083
4084
4085
4086
4087
4088
4089
4090
4091
4092
4093
4094
4095
4096
4097
4098
4099
4100
4101
4102
4103
4104
4105
4106
4107
4108
4109
4110
4111
4112
4113
4114
4115
4116
4117
4118
4119
4120
4121
4122
4123
4124
4125
4126
4127
4128
4129
4130
4131
4132
4133
4134
4135
4136
4137
4138
4139
4140
4141
4142
4143
4144
4145
4146
4147
4148
4149
4150
4151
4152
4153
4154
4155
4156
4157
4158
4159
4160
4161
4162
4163
4164
4165
4166
4167
4168
4169
4170
4171
4172
4173
4174
4175
4176
4177
4178
4179
4180
4181
4182
4183
4184
4185
4186
4187
4188
4189
4190
4191
4192
4193
4194
4195
4196
4197
4198
4199
4200
4201
4202
4203
4204
4205
4206
4207
4208
4209
4210
4211
4212
4213
4214
4215
4216
4217
4218
4219
4220
4221
4222
4223
4224
4225
4226
4227
4228
4229
4230
4231
4232
4233
4234
4235
4236
4237
4238
4239
4240
4241
4242
4243
4244
4245
4246
4247
4248
4249
4250
4251
4252
4253
4254
4255
4256
4257
4258
4259
4260
4261
4262
4263
4264
4265
4266
4267
4268
4269
4270
4271
4272
4273
4274
4275
4276
4277
4278
4279
4280
4281
4282
4283
4284
4285
4286
4287
4288
4289
4290
4291
4292
4293
4294
4295
4296
4297
4298
4299
4300
4301
4302
4303
4304
4305
4306
4307
4308
4309
4310
4311
4312
4313
4314
4315
4316
4317
4318
4319
4320
4321
4322
4323
4324
4325
4326
4327
4328
4329
4330
4331
4332
4333
4334
4335
4336
4337
4338
4339
4340
4341
4342
4343
4344
4345
4346
4347
4348
4349
4350
4351
4352
4353
4354
4355
4356
4357
4358
4359
4360
4361
4362
4363
4364
4365
4366
4367
4368
4369
4370
4371
4372
4373
4374
4375
4376
4377
4378
4379
4380
4381
4382
4383
4384
4385
4386
4387
4388
4389
4390
4391
4392
4393
4394
4395
4396
4397
4398
4399
4400
4401
4402
4403
4404
4405
4406
4407
4408
4409
4410
4411
4412
4413
4414
4415
4416
4417
4418
4419
4420
4421
4422
4423
4424
4425
4426
4427
4428
4429
4430
4431
4432
4433
4434
4435
4436
4437
4438
4439
4440
4441
4442
4443
4444
4445
4446
4447
4448
4449
4450
4451
4452
4453
4454
4455
4456
4457
4458
4459
4460
4461
4462
4463
4464
4465
4466
4467
4468
4469
4470
4471
4472
4473
4474
4475
4476
4477
4478
4479
4480
4481
4482
4483
4484
4485
4486
4487
4488
4489
4490
4491
4492
4493
4494
4495
4496
4497
4498
4499
4500
4501
4502
4503
4504
4505
4506
4507
4508
4509
4510
4511
4512
4513
4514
4515
4516
4517
4518
4519
4520
4521
4522
4523
4524
4525
4526
4527
4528
4529
4530
4531
4532
4533
4534
4535
4536
4537
4538
4539
4540
4541
4542
4543
4544
4545
4546
4547
4548
4549
4550
4551
4552
4553
4554
4555
4556
4557
4558
4559
4560
4561
4562
4563
4564
4565
4566
4567
4568
4569
4570
4571
4572
4573
4574
4575
4576
4577
4578
4579
4580
4581
4582
4583
4584
4585
4586
4587
4588
4589
4590
4591
4592
4593
4594
4595
4596
4597
4598
4599
4600
4601
4602
4603
4604
4605
4606
4607
4608
4609
4610
4611
4612
4613
4614
4615
4616
4617
4618
4619
4620
4621
4622
4623
4624
4625
4626
4627
4628
4629
4630
4631
4632
4633
4634
4635
4636
4637
4638
4639
4640
4641
4642
4643
4644
4645
4646
4647
4648
4649
4650
4651
4652
4653
4654
4655
4656
4657
4658
4659
4660
4661
4662
4663
4664
4665
4666
4667
4668
4669
4670
4671
4672
4673
4674
4675
4676
4677
4678
4679
4680
4681
4682
4683
4684
4685
4686
4687
4688
4689
4690
4691
4692
4693
4694
4695
4696
4697
4698
4699
4700
4701
4702
4703
4704
4705
4706
4707
4708
4709
4710
4711
4712
4713
4714
4715
4716
4717
4718
4719
4720
4721
4722
4723
4724
4725
4726
4727
4728
4729
4730
4731
4732
4733
4734
4735
4736
4737
4738
4739
4740
4741
4742
4743
4744
4745
4746
4747
4748
4749
4750
4751
4752
4753
4754
4755
4756
4757
4758
4759
4760
4761
4762
4763
4764
4765
4766
4767
4768
4769
4770
4771
4772
4773
4774
4775
4776
4777
4778
4779
4780
4781
4782
4783
4784
4785
4786
4787
4788
4789
4790
4791
4792
4793
4794
4795
4796
4797
4798
4799
4800
4801
4802
4803
4804
4805
4806
4807
4808
4809
4810
4811
4812
4813
4814
4815
4816
4817
4818
4819
4820
4821
4822
4823
4824
4825
4826
4827
4828
4829
4830
4831
4832
4833
4834
4835
4836
4837
4838
4839
4840
4841
4842
4843
4844
4845
4846
4847
4848
4849
4850
4851
4852
4853
4854
4855
4856
4857
4858
4859
4860
4861
4862
4863
4864
4865
4866
4867
4868
4869
4870
4871
4872
4873
4874
4875
4876
4877
4878
4879
4880
4881
4882
4883
4884
4885
4886
4887
4888
4889
1.595636521300134 0.04233973714572854 0
3.094947790838961 1.602438029573687 0
1.546252634192269 3.099081730990629 0
0.03650732676448017 1.545592887243853 0
1.251135319108772 0.04110571635014045 0
3.106576067594133 1.254582140016026 0
1.889864330678209 3.09908173099069 0
0.0391257258822511 1.890603101310903 0
1.938951715884381 0.0425109225993354 0
3.099081730990442 1.938951715884405 0
1.202640937705387 3.099081730990502 0
0.04148594633645744 1.202640937705396 0
2.184388641951551 3.099081730990726 0
0.03923092593832404 2.18408637726021 0
0.9572040116383 0.04251092259912213 0
3.099081730990671 0.9572040116383 0
3.099853689782027 2.232600340185855 0
0.9081166264306102 3.099081730990476 0
2.23347602715924 0.04251092259932856 0
0.04267078171473282 0.9062134773726594 0
2.429825568012559 3.099081730990946 0
0.04407794639885913 2.432536031015228 0
0.7117670855772751 0.04251092259912203 0
3.096308141165536 0.7077362933431012 0
3.094919494777173 2.471347617160296 0
0.6626797003685998 3.099081730990519 0
2.478912953221458 0.04251092259932856 0
0.04666966783888539 0.6688418264452987 0
2.62617510886095 3.099081730990739 0
0.04946376925129869 2.628407048571457 0
0.5154175447284659 0.04251092259910328 0
3.096166875382605 0.5105264618601748 0
3.108220673595348 2.673741044477571 0
0.4663301595187909 3.099081730990468 0
2.675262494071406 0.04251092259932856 0
0.04426229420131651 0.471598512244378 0
0.04251092259910318 2.822524649710081 0
2.82252464971012 3.099081730990678 0
0.3188562168066645 0.04162939910753437 0
3.09511733819231 0.3269684890471871 0
3.100160000515226 1.744469792635676 0
1.398990478555207 3.099081730990506 0
1.74260217503456 0.04215950894524595 0
0.03342452194454095 1.397716621169055 0
3.097559517598455 1.10298088009993 0
1.104466167274947 0.04251092259910338 0
0.04352438265475347 2.03699789869774 0
2.03712648631451 3.099081730990631 0
1.398778691475533 0.04162939910791139 0
0.04029077166816896 1.739929763599413 0
3.108139715915697 1.398007501524946 0
1.742602175041461 3.099081730990626 0
3.101589540994973 2.823429011066574 0
0.3190680038811674 3.09908173099044 0
2.82231286263633 0.04162939910822625 0
0.04753911727918797 0.3268846770210121 0
3.100016132202981 2.087832301896468 0
1.055378782068019 3.099081730990467 0
2.086213871521735 0.04251092259932875 0
0.04251092259932875 1.055378782068057 0
0.1672349096281345 3.094751633707846 0
3.094401120866213 2.970261071149841 0
0.04682083891121921 0.1686001127239482 0
2.969786805346175 0.04251092259937379 0
0.04251092259913448 2.969786805346907 0
2.969786805346913 3.099081730990867 0
0.171212844439039 0.04110571634921309 0
3.097976400054109 0.1713541461725905 0
2.331650797587904 3.099081730990666 0
0.03899260058549243 2.329081747841815 0
1.300815708130339 3.099081730990476 0
0.04401946953715974 1.298701041857368 0
3.099081730990442 1.840776945459408 0
1.841073447362464 0.04198843558285741 0
0.03884912552350604 2.725424932969732 0
2.724349879285669 3.099081730990678 0
3.099830704314647 2.575790463795432 0
0.5645049299436843 3.099081730990486 0
2.577087723646475 0.04251092259936625 0
0.04390583806843935 0.5655947743047917 0
3.098513253144152 2.379205813104056 0
0.7608544707932223 3.099081730990465 0
0.4172427743040615 0.04251092259912679 0
3.098407311477269 0.4185336231926725 0
2.380738182796572 0.04251092259932856 0
0.04454440379422887 0.7607130985332963 0
0.8588174541411565 0.04162939910783241 0
3.094917120277362 0.8529703080265223 0
3.099081730990671 0.6135923151528651 0
0.6135923151528651 0.04251092259912213 0
2.528000338436527 3.099081730990752 0
0.04148409328230396 2.52800033843696 0
1.644427404616932 3.099081730990652 0
0.0425109225991397 1.64442740461722 0
1.497165248972587 0.04251092259910328 0
3.097595914721922 1.499062604449918 0
3.099482923054206 3.069582974194034 0
0.07813855735359185 3.097134343918963 0
3.066063114541126 0.04141484549716977 0
0.0443455786133772 0.07720495767988479 0
2.871612034922395 3.099081730990683 0
2.847068342316194 3.056570808391583 0
2.797980957104004 3.056570808391549 0
2.822524649710085 3.014059885792458 0
2.77343726449791 3.014059885792399 0
2.797980957104012 2.971548963193302 0
2.748893571891839 2.971548963193245 0
2.773437264497955 2.92903804059414 0
2.724349879285759 2.929038040594093 0
2.748893571891859 2.886527117994993 0
2.699806186679668 2.88652711799494 0
2.724349879285777 2.84401619539583 0
2.675262494073575 2.844016195395781 0
2.699806186679711 2.801505272796653 0
2.650718801467448 2.801505272796638 0
2.675262494073595 2.758994350197491 0
2.626175108861308 2.758994350197498 0
2.650718801467526 2.716483427598294 0
2.601631416255268 2.716483427598265 0
2.62617510886142 2.673972504999103 0
2.577087723649162 2.673972504999066 0
2.601631416255315 2.631461582399904 0
2.552544031043047 2.631461582399869 0
2.577087723649213 2.5889506598007 0
2.528000338436781 2.588950659800759 0
2.552544031043078 2.546439737201515 0
2.503456645830638 2.546439737201578 0
2.528000338436955 2.503928814602322 0
2.47891295322453 2.503928814602378 0
2.503456645830834 2.461417892003127 0
2.454369260618416 2.461417892003181 0
2.478912953224718 2.418906969403931 0
2.429825568012445 2.418906969403904 0
2.454369260618642 2.376396046804714 0
2.405281875406364 2.376396046804691 0
2.429825568012529 2.333885124205522 0
2.380738182800113 2.333885124205591 0
2.405281875406394 2.291374201606349 0
2.356194490193839 2.291374201606521 0
2.380738182800253 2.248863279007185 0
2.331650797587847 2.248863279007261 0
2.356194490194158 2.206352356407989 0
2.30710710498188 2.20635235640797 0
2.331650797588097 2.163841433808773 0
2.282563412375815 2.163841433808757 0
2.307107104981986 2.121330511209591 0
2.258019719769726 2.121330511209561 0
2.282563412375883 2.078819588610407 0
2.233476027163624 2.078819588610375 0
2.258019719769782 2.036308666011221 0
2.208932334557524 2.036308666011191 0
2.233476027163679 1.993797743412037 0
2.184388641951418 1.993797743412007 0
2.208932334557559 1.951286820812861 0
2.15984494934531 1.951286820812823 0
2.184388641951451 1.908775898213677 0
2.135301256739202 1.908775898213638 0
2.159844949345365 1.866264975614477 0
2.110757564133095 1.866264975614447 0
2.135301256739259 1.823754053015281 0
2.086213871526987 1.823754053015254 0
2.110757564133149 1.781243130416087 0
2.061670178920874 1.781243130416057 0
2.086213871527039 1.738732207816889 0
2.037126486314758 1.738732207816858 0
2.012582793708594 1.781243130416031 0
1.988039101102486 1.738732207816833 0
1.963495408496309 1.781243130416135 0
1.938951715890199 1.738732207816807 0
1.914408023284017 1.781243130416132 0
1.889864330677892 1.738732207816767 0
1.865320638071611 1.781243130416053 0
1.840776945465576 1.738732207816755 0
1.816233252859289 1.781243130416067 0
1.791689560253269 1.738732207816736 0
1.76714586764704 1.781243130416033 0
1.742602175040974 1.738732207816709 0
1.718058482434696 1.781243130415972 0
1.693514789828663 1.738732207816676 0
1.668971097222331 1.781243130416025 0
1.644427404616347 1.738732207816661 0
1.619883712010118 1.781243130415943 0
1.595340019404056 1.738732207816627 0
1.668971097222574 1.696221285217468 0
2.01258279370865 1.696221285217655 0
1.5707963267979 1.781243130415796 0
1.546252634191771 1.738732207816579 0
1.5217089415856 1.781243130415765 0
1.497165248979474 1.738732207816547 0
1.4726215563733 1.781243130415735 0
1.448077863767176 1.738732207816518 0
1.423534171161003 1.781243130415705 0
1.398990478554879 1.73873220781649 0
1.374446785948708 1.781243130415675 0
1.42353417116105 1.696221285217301 0
1.374446785948752 1.696221285217274 0
1.398990478554919 1.653710362618086 0
1.349903093342625 1.653710362618058 0
1.374446785948791 1.61119944001887 0
1.325359400736497 1.611199440018841 0
1.349903093342668 1.568688517419649 0
1.30081570813037 1.568688517419627 0
1.32535940073654 1.526177594820432 0
1.27627201552424 1.526177594820408 0
1.300815708130405 1.483666672221219 0
1.251728322918109 1.483666672221191 0
1.276272015524283 1.441155749621998 0
1.251728322918073 1.568688517419604 0
1.497165248979424 1.82375405301495 0
1.22718463031198 1.441155749621974 0
1.251728322918146 1.398644827022786 0
1.202640937705851 1.398644827022758 0
1.227184630312023 1.356133904423567 0
1.276272015524329 1.356133904423619 0
1.25172832291821 1.313622981824389 0
1.300815708130491 1.313622981824402 0
1.20264093770586 1.313622981824446 0
2.23347602716343 2.163841433808828 0
1.276272015524382 1.2711120592252 0
1.325359400736661 1.271112059225217 0
1.30081570813055 1.228601136626014 0
1.349903093342831 1.228601136626033 0
1.325359400736719 1.186090214026828 0
1.374446785949001 1.186090214026847 0
1.349903093342876 1.143579291427633 0
1.39899047855517 1.143579291427657 0
1.374446785949044 1.101068368828441 0
1.423534171161347 1.101068368828465 0
1.325359400736747 1.101068368828417 0
2.135301256739314 1.738732207816917 0
1.349903093342914 1.058557446229226 0
1.300815708130617 1.058557446229203 0
1.325359400736783 1.016046523630014 0
1.27627201552449 1.016046523629992 0
1.74260217504054 1.823754053015442 0
2.356194490193656 2.376396046804968 0
1.300815708130654 0.9735356010308044 0
1.251728322918364 0.9735356010307827 0
2.258019719769914 1.951286820812942 0
1.276272015524528 0.9310246784315972 0
1.227184630312246 0.9310246784315781 0
1.325359400736816 0.9310246784316187 0
1.300815708130691 0.8885137558324129 0
1.34990309334298 0.8885137558324351 0
1.325359400736855 0.8460028332332288 0
1.374446785949148 0.8460028332332503 0
2.356194490194281 2.121330511209573 0
1.34990309334302 0.803491910634041 0
1.398990478555316 0.8034919106340621 0
1.448077863767477 1.143579291427686 0
1.472621556373657 1.101068368828489 0
1.497165248979791 1.143579291427715 0
1.52170894158597 1.101068368828512 0
1.546252634192106 1.143579291427743 0
1.570796326798287 1.101068368828536 0
1.595340019404424 1.143579291427769 0
1.619883712010606 1.101068368828561 0
1.644427404616746 1.143579291427797 0
1.668971097222927 1.101068368828585 0
2.454369260618053 2.546439737201701 0
1.693514789829068 1.143579291427825 0
1.71805848243525 1.101068368828609 0
1.74260217504139 1.143579291427849 0
1.767145867647575 1.101068368828634 0
1.791689560253715 1.143579291427873 0
1.8162332528599 1.101068368828659 0
1.791689560253759 1.05855744622942 0
1.840776945466084 1.058557446229446 0
1.816233252859945 1.016046523630206 0
1.865320638072273 1.016046523630233 0
1.840776945466131 0.9735356010309892 0
1.889864330678462 0.9735356010310159 0
1.914408023284604 1.016046523630261 0
1.938951715890794 0.9735356010310441 0
1.963495408496936 1.016046523630289 0
1.988039101103126 0.9735356010310734 0
2.012582793709265 1.016046523630316 0
2.037126486315454 0.9735356010311034 0
2.061670178921593 1.016046523630344 0
2.086213871527776 0.9735356010311365 0
2.110757564133912 1.016046523630369 0
2.135301256740094 0.9735356010311653 0
2.159844949346224 1.016046523630399 0
2.184388641952404 0.973535601031197 0
2.208932334558532 1.016046523630425 0
2.233476027164709 0.9735356010312276 0
2.258019719770836 1.016046523630445 0
2.159844949346275 0.9310246784319799 0
1.865320638072317 0.9310246784317698 0
2.28256341237701 0.9735356010312574 0
2.307107104983133 1.016046523630515 0
2.331650797589305 0.9735356010312947 0
2.356194490195425 1.016046523630549 0
2.380738182801598 0.9735356010313196 0
2.356194490195476 0.9310246784321065 0
2.405281875407714 1.016046523630521 0
2.380738182801566 1.058557446229763 0
2.405281875407775 0.931024678432133 0
2.380738182801645 0.8885137558329228 0
1.374446785949187 0.7609809880348521 0
1.325359400736894 0.7609809880348331 0
2.429825568013832 1.058557446229735 0
2.405281875407668 1.101068368828896 0
2.42982556801394 0.8885137558329481 0
2.405281875407811 0.8460028332337374 0
1.423534171161485 0.7609809880348731 0
2.454369260618812 2.291374201606326 0
2.454369260620105 0.8460028332337626 0
2.42982556801398 0.8034919106345485 0
2.454369260620053 1.101068368828859 0
2.429825568013804 1.143579291428078 0
1.349903093343057 0.7184700654356467 0
1.300815708130774 0.7184700654356241 0
2.478912953226186 1.143579291428038 0
2.454369260619925 1.186090214027263 0
2.478912953226277 0.8034919106345741 0
2.454369260620149 0.7609809880353554 0
2.135301256740033 1.058557446229607 0
2.135301256738913 1.99379774341217 0
2.50345664583219 1.186090214027289 0
2.478912953226012 1.228601136626464 0
1.325359400736927 0.6759591428364462 0
1.276272015524652 0.6759591428364233 0
2.50345664583245 0.7609809880353843 0
2.478912953226326 0.7184700654361614 0
2.429825568014016 0.7184700654361321 0
2.454369260620198 0.6759591428369373 0
2.405281875407883 0.6759591428369035 0
2.503456645832526 0.6759591428369683 0
2.52800033843868 1.14357929142792 0
2.528000338438274 1.228601136626491 0
2.503456645832245 1.271112059225578 0
2.454369260619878 1.271112059225613 0
2.47891295322599 1.313622981824798 0
2.528000338438379 1.313622981824748 0
2.503456645832106 1.35613390442398 0
1.3008157081308 0.6334482202372491 0
1.251728322918526 0.6334482202372312 0
2.42982556801408 0.6334482202377076 0
2.380738182801743 0.6334482202376701 0
2.552544031043188 2.461417892003154 0
2.552544031044376 1.356133904423997 0
2.528000338438195 1.398644827023174 0
2.528000338438572 0.8034919106346005 0
1.202640937706075 0.9735356010307586 0
1.178097245099957 0.9310246784315546 0
1.153553552493784 0.9735356010307369 0
1.129009859887665 0.9310246784315321 0
1.104466167281488 0.9735356010307157 0
1.079922474675366 0.9310246784315086 0
1.055378782069172 0.9735356010307346 0
1.03083508946305 0.9310246784314828 0
1.006291396856868 0.9735356010307055 0
0.9817477042507379 0.9310246784314522 0
0.9572040116445586 0.9735356010306582 0
0.9326603190384213 0.93102467843142 0
0.9081166264322404 0.9735356010306297 0
0.8835729338261007 0.931024678431392 0
0.8590292412199139 0.9735356010306166 0
0.8344855486137694 0.9310246784313636 0
0.8099418560075815 0.9735356010305961 0
0.7853981634014421 0.9310246784313361 0
0.8099418560076251 0.8885137558321143 0
0.7608544707952604 0.9735356010305487 0
0.7853981634013835 1.016046523629829 0
0.7608544707952981 0.8885137558320704 0
0.7853981634014815 0.8460028332328654 0
0.7363107781890623 1.016046523629779 0
0.7608544707951923 1.058557446229051 0
0.736310778189147 0.8460028332328235 0
0.760854470795335 0.8034919106336189 0
0.7117670855830023 0.8034919106335936 0
0.7363107781891884 0.7609809880343763 0
0.7117670855828698 1.058557446229024 0
0.7363107781890142 1.101068368828274 0
0.6872233929766806 1.101068368828256 0
0.7117670855828249 1.143579291427504 0
0.6872233929768738 0.7609809880343419 0
0.7117670855830459 0.718470065435133 0
0.66267970037049 1.143579291427486 0
0.6872233929766249 1.186090214026744 0
0.662679700370732 0.7184700654350999 0
0.6381360077643679 1.101068368828216 0
0.6381360077643009 1.186090214026718 0
0.6626797003704252 1.228601136625977 0
0.687223392976903 0.6759591428358922 0
0.6381360077645797 0.6759591428358653 0
0.6135923151584153 0.7184700654350502 0
0.613592315158106 1.228601136625938 0
0.6381360077642417 1.271112059225186 0
0.6626797003707597 0.633448220236654 0
0.7117670855830657 0.6334482202366907 0
0.6135923151584383 0.6334482202366274 0
0.5890486225519235 1.271112059225157 0
0.6135923151580682 1.313622981824394 0
0.6626797003703735 1.313622981824427 0
0.6381360077642055 1.356133904423622 0
0.589048622551898 1.356133904423596 0
0.6135923151580325 1.398644827022817 0
0.6626797003703317 1.398644827022842 0
0.638136007764163 1.441155749622029 0
0.6872233929764557 1.441155749622055 0
0.6626797003702877 1.483666672221237 0
0.6135923151580073 1.483666672221215 0
0.6381360077641304 1.526177594820412 0
0.6872233929764098 1.526177594820437 0
0.6626797003702454 1.568688517419604 0
0.613592315157977 1.568688517419582 0
0.6381360077640886 1.61119944001877 0
0.6872233929763543 1.611199440018793 0
0.6626797003701991 1.653710362617955 0
0.7117670855824609 1.65371036261798 0
0.6872233929763074 1.696221285217139 0
0.736310778188568 1.696221285217165 0
0.7117670855824141 1.738732207816322 0
0.7608544707946739 1.738732207816348 0
0.7363107781885206 1.781243130415504 0
0.6872233929761347 1.781243130415486 0
0.7117670855823679 1.823754053014662 0
0.7608544707946318 1.823754053014689 0
0.7363107781884466 1.86626497561387 0
0.7853981634007314 1.866264975613889 0
0.7608544707945498 1.90877589821307 0
0.8099418560068533 1.90877589821308 0
0.7853981634006664 1.951286820812268 0
0.8344855486129605 1.951286820812288 0
0.8099418560067806 1.993797743411474 0
0.8590292412190964 1.993797743411487 0
0.8344855486129363 2.036308666010677 0
0.8835729338252269 2.036308666010697 0
0.8590292412190645 2.078819588609891 0
0.9081166264313525 2.078819588609911 0
0.8835729338251783 2.121330511209105 0
0.9326603190374678 2.121330511209162 0
0.9081166264312996 2.163841433808334 0
0.9572040116436026 2.163841433808383 0
0.9326603190374225 2.206352356407564 0
0.981747704249742 2.206352356407589 0
0.8835729338251082 2.206352356407523 0
0.9572040116435514 2.248863279006791 0
1.006291396855868 2.24886327900682 0
0.9817477042496834 2.29137420160602 0
1.030835089461999 2.291374201606053 0
0.7853981634006304 2.036308666010676 0
1.006291396855813 2.333885124205252 0
1.055378782068125 2.333885124205286 0
1.030835089461944 2.376396046804484 0
1.079922474674255 2.376396046804512 0
0.9817477042496265 2.376396046804455 0
1.104466167280432 2.333885124205338 0
1.129009859886561 2.376396046804544 0
0.6872233929762073 1.866264975613824 0
1.104466167280385 2.418906969403736 0
1.153553552492688 2.41890696940376 0
1.178097245098862 2.376396046804568 0
1.202640937704989 2.418906969403782 0
1.227184630311161 2.376396046804593 0
1.251728322917287 2.418906969403807 0
1.276272015523456 2.376396046804617 0
1.300815708129582 2.418906969403829 0
1.325359400735747 2.376396046804663 0
1.349903093341872 2.418906969403816 0
1.374446785948037 2.376396046804686 0
1.398990478554226 2.418906969403793 0
1.423534171160336 2.376396046804683 0
1.448077863766525 2.41890696940384 0
1.472621556372623 2.376396046804705 0
1.497165248978743 2.418906969403904 0
1.521708941584891 2.376396046804738 0
1.546252634191006 2.418906969403937 0
1.570796326797164 2.376396046804766 0
1.595340019403281 2.418906969403956 0
1.619883712009435 2.376396046804789 0
1.644427404615552 2.418906969403977 0
1.472621556372606 2.461417892003068 0
1.129009859886515 2.461417892002852 0
1.668971097221706 2.37639604680483 0
1.693514789827822 2.418906969404003 0
1.668971097221667 2.461417892003168 0
1.718058482433936 2.46141789200319 0
1.693514789827784 2.503928814602354 0
1.742602175040045 2.503928814602377 0
0.5890486225518251 1.611199440018746 0
2.429825568013706 1.313622981824785 0
1.718058482433968 2.376396046804886 0
1.300815708129609 2.333885124205485 0
2.577087723650454 1.398644827023198 0
2.552544031044281 1.441155749622395 0
1.718058482433898 2.546439737201537 0
1.767145867646154 2.54643973720156 0
1.276272015524678 0.5909372976380576 0
1.32535940073695 0.5909372976380771 0
1.227184630312404 0.5909372976380403 0
0.6381360077646188 0.5909372976374168 0
0.5890486225522977 0.5909372976373917 0
2.405281875407947 0.5909372976384586 0
2.356194490195598 0.5909372976384227 0
1.006291396855878 2.163841433808434 0
2.60163141625656 1.441155749622388 0
2.577087723650397 1.48366667222159 0
0.8835729338252349 1.951286820812323 0
1.644427404615583 2.333885124205679 0
1.76714586764753 1.186090214027086 0
1.300815708130829 0.5484263750388858 0
1.349903093343097 0.5484263750389051 0
1.742602175040008 2.588950659800716 0
1.791689560252259 2.588950659800737 0
1.816233252858404 2.546439737201587 0
1.840776945464506 2.58895065980076 0
1.865320638070651 2.546439737201615 0
1.889864330676749 2.588950659800784 0
0.6135923151584824 0.548426375038184 0
0.564504929946162 0.5484263750381548 0
2.380738182801792 0.5484263750392 0
2.331650797589452 0.5484263750391685 0
2.626175108862724 1.398644827023223 0
2.62617510886267 1.483666672221575 0
2.601631416256523 1.526177594820735 0
0.7853981634008287 1.696221285217192 0
2.552544031042746 2.71648342759836 0
1.816233252859853 1.186090214027111 0
1.865320638071823 1.696221285217565 0
1.325359400735732 2.461417892002893 0
2.626175108861518 2.588950659800754 0
2.012582793709313 0.9310246784318592 0
0.5645049299457764 1.228601136625916 0
2.429825568014145 0.5484263750392366 0
1.619883712010568 1.186090214027007 0
1.448077863766489 2.333885124205525 0
0.5399612373399727 0.5909372976373679 0
0.5154175447338336 0.5484263750381253 0
0.7363107781889311 1.186090214026791 0
2.650718801468779 1.526177594820754 0
2.626175108862626 1.568688517419911 0
0.4908738521276402 0.5909372976373433 0
1.914408023282893 2.546439737201641 0
1.938951715888992 2.588950659800808 0
2.503456645831935 1.441155749622522 0
2.577087723650355 1.568688517419982 0
2.601631416256482 1.611199440019086 0
2.650718801468735 1.611199440019093 0
2.626175108862545 1.653710362618344 0
0.7853981634015181 0.7609809880344031 0
1.79168956025367 1.228601136626322 0
1.840776945465989 1.228601136626347 0
1.816233252858371 2.631461582399904 0
1.325359400736978 0.505915452439717 0
1.374446785949247 0.5059154524397352 0
1.178097245099679 1.44115574962195 0
0.5399612373400275 0.5059154524389193 0
0.4908738521276991 0.5059154524388841 0
2.405281875407987 0.5059154524399733 0
2.454369260620335 0.5059154524400035 0
1.398990478554986 1.568688517419701 0
1.889864330677526 1.823754053015566 0
2.675262494074846 1.653710362618298 0
2.650718801468584 1.69622128521762 0
2.577087723650251 1.653710362618487 0
0.9817477042506273 1.016046523629992 0
2.307107104983256 0.5909372976384002 0
2.282563412377109 0.5484263750391416 0
2.258019719770913 0.5909372976383729 0
2.23347602716476 0.5484263750391166 0
2.258019719770958 0.5059154524398797 0
2.208932334558605 0.5059154524398557 0
2.184388641952407 0.5484263750390951 0
2.159844949346249 0.5059154524398295 0
2.13530125674005 0.548426375039069 0
2.110757564133892 0.5059154524398273 0
2.086213871527693 0.5484263750390509 0
2.061670178921534 0.5059154524398166 0
2.037126486315335 0.5484263750390299 0
2.012582793709179 0.5059154524397751 0
1.988039101102981 0.5484263750390028 0
1.963495408496826 0.5059154524397427 0
1.938951715890632 0.5484263750389747 0
1.914408023284478 0.5059154524397212 0
1.889864330678286 0.5484263750389516 0
1.865320638072134 0.5059154524397016 0
1.840776945465945 0.5484263750389252 0
1.816233252859796 0.5059154524396768 0
1.963495408495137 2.546439737201666 0
1.988039101101236 2.588950659800832 0
1.963495408495093 2.631461582399973 0
2.01258279370733 2.631461582399997 0
1.988039101101192 2.673972504999132 0
2.037126486313426 2.673972504999159 0
1.816233252859986 0.9310246784317445 0
1.816233252859809 1.271112059225554 0
1.865320638072124 1.27111205922558 0
2.69980618668093 1.696221285217494 0
2.675262494074722 1.738732207816752 0
2.699806186679869 2.716483427598509 0
1.988039101103023 0.4634045298405215 0
2.135301256740097 0.4634045298406262 0
1.349903093343126 0.4634045298405497 0
1.300815708130861 0.463404529840533 0
1.398990478555397 0.4634045298405614 0
2.429825568014182 0.4634045298407409 0
2.478912953226537 0.4634045298407704 0
1.791689560253611 0.5484263750389013 0
0.5154175447338887 0.4634045298396806 0
0.4663301595215653 0.4634045298396455 0
1.840776945465985 0.4634045298404548 0
1.791689560253648 0.4634045298404298 0
1.006291396856955 0.8885137558322624 0
1.693514789827751 2.588950659800696 0
1.938951715889037 2.503928814602498 0
2.724349879287222 1.653710362618191 0
2.724349879287129 1.738732207816558 0
2.699806186680933 1.781243130415858 0
2.65071880146856 1.781243130415971 0
2.675262494074747 1.823754053015097 0
2.724349879287121 1.823754053014948 0
2.699806186680884 1.866264975614251 0
1.423534171161519 0.5059154524397569 0
2.061670178919564 2.631461582400024 0
2.086213871525654 2.673972504999183 0
1.988039101101284 2.50392881460252 0
1.963495408495181 2.461417892003351 0
2.650718801468586 1.866264975614267 0
2.675262494074711 1.908775898213452 0
2.72434987928707 1.908775898213383 0
2.699806186680838 1.951286820812669 0
1.325359400737004 0.4208936072413701 0
1.276272015524747 0.420893607241353 0
2.012582793707286 2.716483427598289 0
1.595340019404445 1.058557446229344 0
1.840776945465943 1.313622981824785 0
1.889864330678257 1.31362298182481 0
1.791689560253629 1.31362298182476 0
1.448077863767675 0.4634045298405765 0
2.454369260620383 0.4208936072415055 0
2.50345664583274 0.4208936072415351 0
2.528000338438891 0.4634045298407997 0
2.552544031045092 0.4208936072415684 0
2.577087723651238 0.4634045298408302 0
2.60163141625744 0.4208936072416028 0
2.626175108863576 0.4634045298408621 0
2.650718801469779 0.4208936072416399 0
2.675262494075911 0.4634045298408885 0
2.699806186682109 0.420893607241676 0
2.724349879288243 0.4634045298409127 0
0.4908738521277506 0.4208936072404419 0
0.5399612373400757 0.4208936072404868 0
0.441786466915428 0.420893607240405 0
0.4172427743092403 0.4634045298396188 0
1.816233252859836 0.4208936072412092 0
1.767145867647501 0.4208936072411835 0
2.748893571893232 1.951286820812602 0
2.72434987928698 1.993797743411888 0
0.3926990817031049 0.4208936072403708 0
2.748893571894428 0.4208936072417057 0
2.110757564131793 2.631461582400051 0
2.135301256737888 2.673972504999213 0
2.01258279370743 2.461417892003374 0
1.988039101101325 2.418906969404201 0
2.773437264498124 2.844016195396123 0
2.699806186682057 0.5059154524401178 0
2.748893571894381 0.505915452440125 0
2.724349879288191 0.5484263750393368 0
2.380738182801504 1.143579291428105 0
1.349903093342818 1.313622981824486 0
0.6872233929768212 0.8460028332327717 0
0.3681553890969064 0.4634045298395931 0
2.773437264499305 1.993797743411916 0
2.748893571893103 2.036308666011142 0
2.699806186680734 2.03630866601116 0
2.7243498792869 2.078819588610368 0
2.773437264499234 2.07881958861039 0
2.748893571893037 2.121330511209612 0
2.626175108862415 1.908775898213421 0
1.816233252859764 1.356133904423989 0
1.767145867647451 1.356133904423963 0
1.963495408496862 0.5909372976381928 0
2.110757564133869 0.5909372976383067 0
2.773437264500494 0.5484263750393571 0
2.748893571894304 0.5909372976385583 0
1.300815708130886 0.3783826846421963 0
1.251728322918615 0.3783826846421701 0
2.724349879288301 0.3783826846424699 0
2.773437264500618 0.3783826846425041 0
2.528000338438948 0.3783826846423164 0
0.4663301595218603 0.3783826846412444 0
1.791689560253688 0.3783826846419625 0
1.742602175041351 0.3783826846419337 0
1.202640937706252 0.6334482202372145 0
1.178097245100129 0.5909372976380223 0
1.472621556373799 0.5059154524397808 0
2.037126486313578 2.418906969404226 0
2.012582793707475 2.37639604680505 0
1.816233252859755 0.590937297638146 0
1.767145867647448 0.5909372976381317 0
2.626175108860788 2.844016195395933 0
1.153553552493975 0.6334482202371978 0
1.129009859887852 0.5909372976380022 0
1.448077863767614 0.8034919106340876 0
1.472621556373785 0.7609809880348937 0
1.104466167281696 0.6334482202371775 0
1.079922474675572 0.5909372976379806 0
1.497165248979915 0.8034919106341134 0
2.797980957106628 0.5909372976385557 0
2.77343726450043 0.6334482202377603 0
2.797980957105372 2.12133051120964 0
2.773437264499174 2.163841433808861 0
2.797980957105475 1.951286820812722 0
0.3436116964907615 0.4208936072403275 0
2.159844949344025 2.631461582400076 0
2.184388641950119 2.673972504999237 0
2.159844949343985 2.716483427598372 0
2.208932334556208 2.716483427598392 0
2.184388641950078 2.758994350197519 0
2.233476027162293 2.758994350197542 0
2.675262494074556 2.078819588610376 0
1.914408023284437 1.271112059225608 0
1.938951715890569 1.313622981824836 0
1.129009859887534 1.016046523630016 0
1.791689560253583 1.398644827023191 0
1.742602175041273 1.398644827023163 0
2.748893571894491 0.335871762043263 0
2.797980957106816 0.3358717620432965 0
2.208932334556176 2.801505272796661 0
2.258019719768381 2.801505272796689 0
1.055378782069413 0.6334482202371606 0
1.030835089463288 0.5909372976379605 0
1.055378782069447 0.5484263750387814 0
1.006291396857165 0.5484263750387602 0
1.030835089463321 0.5059154524395837 0
0.9817477042510436 0.5059154524395626 0
1.006291396857199 0.4634045298403883 0
0.9572040116449236 0.4634045298403672 0
0.9817477042510783 0.4208936072411978 0
0.9326603190388073 0.4208936072411767 0
0.9572040116449592 0.3783826846420109 0
0.9081166264326932 0.3783826846419897 0
2.3561944901955 0.8460028332337217 0
1.791689560253623 0.6334482202373934 0
1.521708941586088 0.7609809880349157 0
1.54625263419222 0.8034919106341376 0
0.3190680038845665 0.4634045298395555 0
2.822524649712836 0.5484263750393447 0
1.27627201552477 0.3358717620430258 0
1.325359400737021 0.3358717620430421 0
1.227184630312526 0.3358717620430117 0
1.767145867647539 0.3358717620427099 0
1.816233252859883 0.3358717620427412 0
1.718058482435199 0.3358717620426762 0
0.9326603190388463 0.335871762042823 0
0.8835729338265816 0.3358717620428067 0
0.8590292412204302 0.3783826846419662 0
0.8344855486143175 0.3358717620427842 0
2.822524649712744 0.6334482202377532 0
2.797980957106563 0.675959142836936 0
2.822524649711515 2.163841433808893 0
2.79798095710531 2.206352356408115 0
2.748893571892973 2.206352356408078 0
2.773437264499103 2.248863279007334 0
2.822524649711446 2.248863279007377 0
2.797980957105238 2.291374201606598 0
2.282563412374506 2.758994350197571 0
2.307107104980585 2.801505272796711 0
2.061670178919726 2.376396046805077 0
2.037126486313622 2.3338851242059 0
1.988039101101367 2.333885124205878 0
2.01258279370752 2.291374201606721 0
1.963495408495265 2.291374201606691 0
1.988039101101419 2.248863279007534 0
1.938951715889158 2.248863279007506 0
1.963495408495314 2.206352356408346 0
1.914408023283042 2.206352356408325 0
1.938951715889204 2.16384143380916 0
1.889864330676928 2.163841433809137 0
1.914408023283102 2.121330511209967 0
1.865320638070827 2.121330511209937 0
1.963495408496748 1.271112059225637 0
1.988039101102877 1.313622981824865 0
1.963495408496701 1.356133904424058 0
2.012582793709007 1.356133904424084 0
2.037126486315181 1.313622981824891 0
2.061670178921307 1.356133904424107 0
2.086213871527479 1.313622981824917 0
2.110757564133607 1.356133904424129 0
2.086213871527439 1.398644827023317 0
2.135301256739734 1.398644827023341 0
2.135301256739775 1.313622981824938 0
2.110757564133567 1.441155749622524 0
2.159844949345857 1.441155749622547 0
2.724349879286768 2.248863279007288 0
1.767145867647414 1.441155749622389 0
1.718058482435097 1.441155749622358 0
2.847068342316351 2.971548963193684 0
0.2945243112784215 0.420893607240288 0
0.3190680038846183 0.378382684641059 0
0.9817477042511387 0.3358717620428564 0
1.693514789828964 1.398644827023135 0
1.668971097222786 1.441155749622329 0
1.644427404616656 1.398644827023109 0
2.08621387152583 2.418906969404254 0
2.847068342317585 2.291374201606642 0
2.822524649711371 2.333885124205871 0
2.847068342317715 2.121330511209673 0
2.847068342318825 0.6759591428369541 0
2.82252464971267 0.7184700654361186 0
2.208932334556278 2.631461582400123 0
2.282563412374467 2.844016195395822 0
2.331650797586662 2.844016195395842 0
2.773437264500354 0.7184700654361507 0
2.797980957106522 0.7609809880352824 0
2.847068342318781 0.7609809880353084 0
2.822524649712632 0.8034919106344592 0
2.773437264500315 0.8034919106345004 0
2.79798095710649 0.84600283323362 0
2.847068342318747 0.8460028332336403 0
2.822524649712605 0.8885137558327874 0
2.773437264500358 0.888513755832774 0
2.797980957106468 0.9310246784319403 0
2.748893571894216 0.9310246784319249 0
2.773437264500329 0.9735356010310942 0
2.822524649712577 0.9735356010311074 0
2.797980957106443 1.016046523630259 0
2.847068342318684 1.01604652363027 0
2.822524649712551 1.058557446229417 0
2.773437264500311 1.058557446229413 0
2.797980957106423 1.101068368828568 0
2.847068342318662 1.101068368828579 0
2.822524649712531 1.143579291427728 0
2.773437264500293 1.143579291427724 0
2.797980957106401 1.186090214026872 0
2.847068342318638 1.186090214026885 0
2.822524649712508 1.228601136626025 0
0.9572040116448746 0.5484263750387326 0
0.8099418560081659 0.3783826846419459 0
0.785398163402051 0.3358717620427606 0
1.840776945466171 0.8885137558325242 0
1.791689560253841 0.8885137558324995 0
1.840776945464656 2.163841433809111 0
1.816233252858552 2.121330511209907 0
1.840776945464719 2.078819588610735 0
1.791689560252442 2.078819588610703 0
1.767145867646273 2.121330511209875 0
1.742602175040163 2.078819588610669 0
1.718058482433992 2.121330511209848 0
1.693514789827884 2.078819588610639 0
1.668971097221709 2.121330511209826 0
1.644427404615602 2.078819588610608 0
1.619883712009429 2.121330511209786 0
1.595340019403319 2.078819588610568 0
1.570796326797148 2.12133051120975 0
1.546252634191034 2.078819588610533 0
1.521708941584866 2.121330511209717 0
1.497165248978751 2.078819588610502 0
1.47262155637258 2.121330511209679 0
1.448077863766465 2.078819588610468 0
1.423534171160292 2.121330511209646 0
1.398990478554178 2.078819588610416 0
1.374446785948005 2.121330511209607 0
1.34990309334189 2.078819588610378 0
1.325359400735716 2.121330511209575 0
1.300815708129599 2.078819588610359 0
1.276272015523424 2.121330511209544 0
1.251728322917307 2.078819588610329 0
1.276272015523482 2.036308666011148 0
1.22718463031119 2.036308666011116 0
1.251728322917363 1.993797743411935 0
1.202640937705072 1.993797743411903 0
1.227184630311337 1.951286820812669 0
1.17809724509897 1.95128682081268 0
1.202640937705238 1.908775898213446 0
1.153553552492859 1.908775898213463 0
1.178097245099033 1.866264975614285 0
1.129009859886725 1.866264975614262 0
1.153553552492979 1.823754053015036 0
1.104466167280619 1.823754053015045 0
1.129009859886874 1.781243130415819 0
1.079922474674508 1.781243130415832 0
1.104466167280679 1.738732207816655 0
1.055378782068374 1.738732207816632 0
1.079922474674547 1.696221285217455 0
1.030835089462258 1.696221285217425 0
1.055378782068428 1.65371036261825 0
1.006291396856143 1.653710362618217 0
1.030835089462312 1.611199440019043 0
0.9817477042500268 1.611199440019012 0
1.006291396856239 1.568688517419785 0
0.9572040116439171 1.568688517419798 0
0.9817477042501209 1.526177594820561 0
0.9326603190378058 1.526177594820589 0
0.9572040116439611 1.483666672221398 0
1.718058482435179 0.4208936072411653 0
1.300815708130909 0.2933608394438768 0
1.349903093343154 0.2933608394438899 0
2.773437264500684 0.2933608394440484 0
2.822524649713015 0.2933608394440873 0
2.724349879288344 0.2933608394440121 0
2.847068342319139 0.3358717620433323 0
0.9081166264327283 0.2933608394436482 0
1.791689560253728 0.2933608394434787 0
1.840776945466083 0.2933608394435105 0
2.872072435605169 0.2936266519005603 0
2.110757564131976 2.376396046805104 0
2.135301256738082 2.418906969404283 0
1.619883712009614 2.036308666011364 0
2.13530125673969 1.483666672221731 0
2.184388641951975 1.483666672221755 0
2.086213871527402 1.483666672221707 0
2.208932334558143 1.441155749622577 0
2.233476027164259 1.483666672221781 0
1.619883712010479 1.441155749622302 0
1.595340019404348 1.398644827023082 0
1.129009859887824 0.675959142836378 0
1.006291396856087 1.738732207816593 0
1.129009859886669 1.951286820812644 0
1.570796326798394 0.7609809880349392 0
2.159844949343972 2.801505272796637 0
1.963495408495062 2.716483427598265 0
1.988039101101155 2.758994350197414 0
1.938951715888938 2.758994350197393 0
1.963495408495027 2.801505272796535 0
1.914408023282813 2.801505272796515 0
1.938951715888901 2.844016195395652 0
1.889864330676683 2.844016195395632 0
1.816233252859732 1.441155749622412 0
2.405281875408024 0.4208936072414746 0
0.3436116964907098 0.5059154524388229 0
0.2945243112783435 0.5059154524387618 0
0.3190680038845069 0.5484263750380662 0
0.2699806186721412 0.5484263750380401 0
0.2945243112783003 0.5909372976373228 0
2.871612034924739 1.228601136626033 0
2.84706834231861 1.271112059225175 0
0.2699806186723146 0.3783826846409976 0
0.2945243112784813 0.3358717620417905 0
2.871612034923723 2.333885124205913 0
2.847068342317506 2.376396046805142 0
2.797980957105157 2.376396046805096 0
2.822524649711288 2.418906969404363 0
2.871612034923635 2.418906969404416 0
2.847068342317414 2.461417892003635 0
2.331650797586718 2.758994350197601 0
2.773437264500279 1.228601136626025 0
1.988039101101487 2.163841433809183 0
1.423534171160352 2.036308666011256 0
2.208932334558097 1.526177594820958 0
2.258019719770378 1.526177594820981 0
2.282563412376541 1.48366667222181 0
2.307107104982655 1.52617759482101 0
2.282563412376493 1.56868851742018 0
2.331650797588768 1.568688517420209 0
2.307107104982563 1.611199440019397 0
2.356194490194872 1.611199440019409 0
2.331650797588625 1.653710362618612 0
1.816233252858609 2.036308666011533 0
1.546252634192243 0.7184700654357249 0
1.521708941586045 0.846002833233336 0
1.570796326798353 0.8460028332333605 0
0.9081166264316922 1.483666672221393 0
0.9326603190378511 1.441155749622206 0
1.742602175041256 1.483666672221579 0
2.773437264498947 2.418906969404306 0
1.227184630311132 2.12133051120951 0
1.497165248979957 0.4634045298405984 0
1.521708941586087 0.5059154524398005 0
0.7608544707958986 0.3783826846418689 0
0.7363107781897853 0.3358717620427119 0
0.7608544707959377 0.2933608394435736 0
0.7117670855836757 0.2933608394435309 0
0.7853981634020158 0.4208936072411155 0
2.896155727530843 1.271112059225194 0
2.871612034924714 1.313622981824331 0
2.748893571894542 0.2508499168447837 0
2.699806186682182 0.2508499168447506 0
1.325359400737043 0.2508499168447305 0
1.374446785949293 0.2508499168447191 0
2.89651087082256 0.336436581475686 0
0.2454369260659602 0.5909372976372725 0
0.269980618672127 0.6334482202365566 0
0.2454369260661893 0.3358717620415568 0
0.2699806186723564 0.2933608394425072 0
0.319068003884675 0.2933608394425677 0
2.896155727529761 2.461417892003694 0
2.871612034923531 2.503928814602912 0
2.896155727529941 2.291374201606685 0
2.159844949344231 2.376396046805132 0
2.184388641950334 2.418906969404309 0
2.307107104980545 2.886527117994941 0
2.356194490192733 2.886527117994965 0
1.276272015523813 1.95128682081257 0
1.153553552493205 1.738732207816527 0
2.380738182800973 1.653710362618609 0
2.356194490194784 1.696221285217785 0
2.40528187540709 1.696221285217803 0
2.380738182800887 1.738732207816987 0
2.429825568013195 1.738732207817001 0
2.405281875406993 1.781243130416186 0
2.699806186681973 0.5909372976385665 0
0.9817477042501725 1.441155749622151 0
0.9572040116440084 1.398644827022994 0
0.9081166264317306 1.398644827022992 0
0.9326603190378978 1.356133904423798 0
0.981747704250177 1.356133904423813 0
0.9572040116440765 1.313622981824611 0
0.8835729338256335 1.356133904423778 0
2.331650797588538 1.738732207816987 0
1.006291396856366 1.313622981824613 0
0.9817477042502518 1.271112059225414 0
2.110757564133646 1.271112059225728 0
2.159844949345941 1.271112059225746 0
2.258019719768366 2.886527117994931 0
1.988039101101114 2.844016195395674 0
1.963495408494991 2.886527117994787 0
2.012582793707196 2.886527117994809 0
1.030835089463348 0.4208936072412178 0
1.398990478554831 1.823754053014887 0
0.5645049299457339 1.398644827022793 0
1.595340019403904 1.823754053015146 0
2.037126486315394 1.058557446229577 0
2.724349879288078 0.9735356010310824 0
2.699806186681962 0.9310246784319103 0
2.675262494075823 0.9735356010310713 0
0.7853981634013146 1.101068368828346 0
1.276272015524806 0.2508499168447155 0
2.405281875405858 2.461417892003343 0
2.478912953226442 1.058557446229551 0
0.8344855486138282 0.8460028332329286 0
2.896155727530868 1.186090214026898 0
2.478912953226234 0.8885137558329715 0
2.675262494074934 1.483666672221595 0
1.521708941585932 1.186090214026952 0
2.233476027164631 1.058557446229665 0
1.227184630312436 0.4208936072413092 0
2.87161203492482 0.9735356010311289 0
1.349903093342721 1.483666672221271 0
1.227184630311121 2.461417892002996 0
1.938951715889067 2.418906969404191 0
0.5399612373395941 1.271112059225139 0
0.5154175447334435 1.228601136625895 0
0.490873852127256 1.271112059225123 0
0.4663301595211071 1.228601136625876 0
0.4417864669149167 1.271112059225106 0
0.4172427743087624 1.228601136625853 0
0.4417864669149525 1.186090214026618 0
0.3926990817026018 1.186090214026596 0
0.4172427743087953 1.143579291427352 0
0.3926990817025769 1.271112059225087 0
0.3681553890964351 1.143579291427333 0
0.3926990817026322 1.101068368828083 0
0.3436116964902669 1.101068368828065 0
0.3681553890964658 1.058557446228811 0
0.3190680038840963 1.058557446228793 0
0.3436116964902985 1.016046523629538 0
0.392699081702667 1.016046523629557 0
0.3681553890965015 0.9735356010302839 0
0.4172427743088677 0.9735356010303029 0
0.3926990817027036 0.9310246784310291 0
0.3436116964903358 0.9310246784310083 0
0.3190680038840679 1.143579291427321 0
0.3681553890965383 0.8885137558317525 0
0.3190680038841662 0.888513755831732 0
0.4417864669150692 0.9310246784310527 0
0.41724277430873 1.313622981824335 0
0.3681553890963967 1.313622981824325 0
0.3926990817025419 1.356133904423567 0
0.3436116964902198 1.356133904423552 0
0.3681553890963576 1.398644827022788 0
0.319068003884057 1.398644827022771 0
0.3436116964901884 1.441155749621992 0
0.2945243112778961 1.441155749621982 0
0.3190680038840285 1.48366667222119 0
0.2945243112778988 1.356133904423593 0
0.3681553890963232 1.483666672221209 0
0.3436116964901599 1.526177594820399 0
0.2945243112778718 1.526177594820381 0
0.3190680038840004 1.568688517419579 0
0.269980618671718 1.568688517419564 0
0.2945243112778439 1.611199440018752 0
0.3436116964901162 1.61119944001877 0
0.3190680038839668 1.653710362617936 0
0.3681553890962249 1.653710362617952 0
0.3436116964900826 1.696221285217106 0
0.3926990817023341 1.696221285217125 0
0.3681553890961927 1.738732207816272 0
0.3190680038839565 1.738732207816259 0
0.3436116964900633 1.781243130415415 0
0.3926990817022867 1.78124313041543 0
0.3681553890961584 1.823754053014567 0
0.3190680038839385 1.823754053014551 0
0.3436116964900413 1.866264975613699 0
0.3926990817022553 1.866264975613714 0
0.3681553890961387 1.908775898212842 0
0.4172427743083496 1.908775898212856 0
0.3926990817022276 1.951286820811979 0
0.4417864669144432 1.951286820811999 0
0.4172427743083174 1.99379774341112 0
0.3681553890961065 1.993797743411099 0
0.3926990817020789 2.0363086660104 0
0.4417864669143851 2.036308666010286 0
0.4172427743079905 2.078819588609708 0
0.4663301595204403 2.078819588609458 0
0.4417864669141563 2.12133051120872 0
0.4908738521265389 2.121330511208584 0
0.4663301595204102 2.163841433807701 0
0.4172427743077087 2.16384143380801 0
0.4417864669141851 2.20635235640685 0
0.4908738521265117 2.206352356406824 0
0.4663301595203118 2.248863279006031 0
0.5154175447325849 2.248863279005994 0
0.4908738521264001 2.291374201605225 0
0.5399612373386801 2.291374201605164 0
0.5154175447325582 2.333885124204318 0
0.5645049299448296 2.333885124204293 0
0.5399612373386812 2.376396046803444 0
0.4908738521264243 2.376396046803447 0
0.5154175447325307 2.418906969402599 0
0.564504929944788 2.418906969402629 0
0.5399612373386364 2.461417892001788 0
0.5890486225509053 2.461417892001822 0
0.5645049299447431 2.503928814600993 0
0.6135923151570297 2.503928814601024 0
0.5890486225508573 2.546439737200114 0
0.6381360077631564 2.546439737200223 0
0.5399612373385609 2.546439737199959 0
0.6135923151570288 2.58895065979929 0
0.6626797003692936 2.588950659799438 0
0.6381360077631612 2.631461582398608 0
0.6872233929754334 2.631461582398681 0
0.4663301595202731 2.418906969402562 0
0.6626797003692362 2.673972504997899 0
0.7117670855815635 2.673972504997933 0
0.6135923151570708 2.673972504997713 0
0.6872233929753607 2.71648342759716 0
0.7363107781877023 2.716483427597187 0
0.760854470793901 2.673972504997962 0
0.7853981634000445 2.716483427597217 0
0.4172427743076917 2.248863279006349 0
0.8099418560062401 2.673972504997993 0
0.8344855486123889 2.716483427597252 0
0.638136007763168 2.461417892001856 0
0.8099418560061877 2.758994350196483 0
0.8590292412185419 2.758994350196518 0
0.8835729338247447 2.716483427597282 0
0.9081166264308993 2.758994350196535 0
0.932660319037103 2.716483427597307 0
0.9572040116432572 2.75899435019656 0
0.3436116964899857 2.036308666010216 0
0.9817477042494609 2.716483427597332 0
1.006291396855616 2.758994350196581 0
1.03083508946182 2.71648342759736 0
1.055378782067991 2.758994350196597 0
1.079922474674179 2.716483427597382 0
1.104466167280352 2.758994350196638 0
1.129009859886535 2.716483427597412 0
1.153553552492689 2.758994350196656 0
1.17809724509889 2.716483427597443 0
1.202640937705046 2.758994350196668 0
1.227184630311233 2.716483427597471 0
1.251728322917386 2.758994350196706 0
1.276272015523562 2.716483427597502 0
1.300815708129703 2.758994350196738 0
1.325359400735886 2.716483427597536 0
1.349903093342021 2.758994350196763 0
1.374446785948199 2.716483427597567 0
1.398990478554327 2.758994350196792 0
0.5890486225509438 2.291374201605234 0
0.9817477042494765 2.801505272795796 0
0.8344855486123337 2.801505272795759 0
1.129009859886599 2.801505272795883 0
1.374446785948152 2.801505272795985 0
1.423534171160457 2.801505272796015 0
1.4235341711605 2.716483427597601 0
0.9572040116432279 2.673972504998192 0
0.515417544732681 2.07881958860945 0
0.2945243112778352 1.86626497561378 0
1.398990478554292 2.844016195395202 0
1.448077863766584 2.844016195395231 0
0.4663301595205698 1.908775898212872 0
0.3436116964903717 0.8460028332324758 0
0.2945243112779956 0.8460028332324535 0
0.2699806186717864 0.8885137558317103 0
1.39899047855438 2.673972504998378 0
1.448077863766676 2.673972504998412 0
0.2454369260656092 0.8460028332324246 0
0.2699806186717063 1.653710362617919 0
1.47262155637275 2.801505272796045 0
1.497165248978875 2.844016195395254 0
1.521708941585035 2.801505272796074 0
1.546252634191158 2.844016195395273 0
1.570796326797313 2.801505272796104 0
1.59534001940343 2.844016195395296 0
1.619883712009581 2.801505272796178 0
1.644427404615675 2.844016195395338 0
1.668971097221811 2.801505272796264 0
1.472621556372743 2.886527117994429 0
1.619883712009544 2.886527117994483 0
1.668971097221804 2.8865271179945 0
0.3926990817024461 1.526177594820416 0
1.055378782068081 2.67397250499817 0
0.7853981634000977 2.631461582398738 0
1.570796326797132 2.461417892003121 0
1.276272015524626 0.7609809880348144 0
1.006291396857126 0.6334482202371425 0
2.871612034925024 0.6334482202377878 0
1.448077863767232 1.653710362618117 0
1.251728322918224 1.228601136626012 0
0.2699806186717237 1.823754053014558 0
0.2454369260656177 1.866264975613781 0
2.503456645830223 2.631461582400089 0
0.3926990817027425 0.8460028332324978 0
2.675262494072914 2.929038040594113 0
1.865320638072175 1.186090214027141 0
2.896155727530922 1.016046523630283 0
1.276272015523574 2.801505272795922 0
2.380738182798853 2.844016195395874 0
2.405281875404919 2.886527117994997 0
0.2454369260655904 1.526177594820373 0
2.282563412377061 0.6334482202376287 0
2.503456645831035 2.376396046804733 0
1.767145867647639 0.9310246784317445 0
2.037126486313683 2.248863279007561 0
0.6381360077638709 1.69622128521715 0
0.6872233929754832 2.546439737200239 0
1.374446785949081 1.016046523630034 0
2.110757564133524 1.52617759482091 0
0.7363107781886252 1.611199440018825 0
1.718058482434048 2.036308666011472 0
2.405281875406523 2.206352356407957 0
2.307107104982162 2.036308666011333 0
0.8344855486128613 2.121330511209108 0
0.9326603190373555 2.291374201605988 0
1.472621556373831 0.4208936072413955 0
2.577087723650897 1.313622981824615 0
1.030835089462544 1.271112059225418 0
1.006291396856416 1.228601136626213 0
1.055378782068719 1.228601136626239 0
1.006291396855762 2.41890696940369 0
0.9572040116434397 2.418906969403662 0
2.552544031044745 0.7609809880354155 0
0.6872233929767521 1.016046523629714 0
1.52170894158492 2.036308666011324 0
2.061670178920825 1.866264975614421 0
2.233476027164803 0.4634045298406151 0
1.865320638070888 2.036308666011565 0
0.7363107781883371 1.951286820812309 0
2.18438864195124 2.078819588610474 0
1.570796326797949 1.696221285217379 0
1.570796326798173 1.441155749622276 0
1.546252634192044 1.398644827023056 0
0.4663301595212318 0.9735356010303222 0
1.153553552493859 0.8885137558323511 0
2.429825568014229 0.3783826846422301 0
2.380738182801863 0.3783826846422016 0
2.405281875408072 0.3358717620429492 0
2.356194490195696 0.3358717620429219 0
2.380738182801907 0.2933608394436628 0
2.33165079758955 0.2933608394436532 0
2.429825568014291 0.2933608394436924 0
0.8099418560068838 1.823754053014744 0
0.3190680038844707 0.6334482202366046 0
0.5399612373387623 2.206352356406965 0
2.061670178921236 1.526177594820885 0
2.822524649711188 2.503928814602846 0
2.847068342317308 2.546439737202122 0
1.374446785949206 0.6759591428364643 0
0.7117670855815029 2.758994350196411 0
0.6626797003691531 2.758994350196386 0
0.6872233929753034 2.801505272795647 0
0.6381360077629464 2.801505272795618 0
0.6626797003691054 2.844016195394889 0
0.6135923151567444 2.84401619539486 0
0.5890486225505884 2.801505272795587 0
0.5645049299443821 2.844016195394822 0
0.5399612373382379 2.801505272795577 0
0.5154175447320293 2.844016195394785 0
0.4908738521258931 2.80150527279555 0
0.4663301595196946 2.844016195394742 0
0.4417864669135587 2.801505272795533 0
0.4172427743073644 2.844016195394703 0
0.3926990817012364 2.801505272795506 0
0.3681553890950307 2.844016195394685 0
0.3436116964888126 2.801505272795487 0
0.3681553890952139 2.758994350196287 0
0.3190680038825977 2.844016195394676 0
0.3190680038827047 2.758994350196263 0
0.3436116964891149 2.716483427597056 0
0.29452431127673 2.716483427597011 0
0.3190680038829098 2.67397250499787 0
0.2699806186706569 2.673972504997823 0
0.2945243112768014 2.631461582398696 0
0.3926990817011375 2.88652711799393 0
0.2454369260645795 2.631461582398631 0
0.2699806186707228 2.588950659799534 0
0.3190680038829401 2.588950659799581 0
0.2945243112768623 2.546439737200435 0
0.2454369260642147 2.716483427597081 0
0.2454369260646562 2.546439737200389 0
0.2699806186707915 2.503928814601295 0
0.5890486225505074 2.886527117994101 0
0.4663301595200593 2.758994350196263 0
0.3681553890952622 2.673972504997886 0
1.030835089463255 0.6759591428363469 0
0.9817477042509615 0.6759591428363287 0
1.914408023282988 2.291374201606688 0
1.07992247467443 1.866264975614229 0
1.54625263419105 2.333885124205571 0
0.4908738521274307 0.9310246784310765 0
2.822524649712479 1.31362298182431 0
2.847068342318579 1.356133904423465 0
0.4908738521258189 2.886527117994006 0
1.497165248979821 1.058557446229293 0
0.9572040116441476 1.228601136626204 0
1.595340019404321 1.4836666722215 0
2.454369260619301 1.781243130416197 0
2.429825568013135 1.823754053015362 0
1.202640937705035 2.333885124205388 0
0.9326603190374902 2.036308666010767 0
1.767145867647216 1.696221285217504 0
1.816233252860027 0.8460028332332974 0
1.865320638072357 0.8460028332333073 0
1.767145867647661 0.8460028332333147 0
1.742602175040098 2.163841433809072 0
1.178097245098899 2.036308666011085 0
1.055378782068172 2.248863279006864 0
1.595340019404567 0.718470065435744 0
1.521708941586114 0.4208936072414163 0
1.497165248979987 0.3783826846422153 0
1.865320638070596 2.801505272796486 0
1.595340019403465 2.758994350197046 0
1.251728322917445 2.673972504998263 0
1.153553552492758 2.673972504998194 0
0.9817477042495784 2.461417892002899 0
0.932660319037253 2.461417892002873 0
0.908116626431115 2.418906969403635 0
0.8835729338249304 2.461417892002769 0
0.8590292412187953 2.418906969403597 0
2.896155727529653 2.546439737202186 0
2.871612034923428 2.588950659801396 0
2.896155727531082 0.6759591428369923 0
0.2454369260661285 0.4208936072400727 0
2.896155727530818 1.356133904423482 0
2.87161203492469 1.39864482702262 0
0.7363107781898249 0.2508499168443931 0
0.687223392977566 0.2508499168443684 0
2.847145075765855 0.2508942189209501 0
2.896705650565783 0.2511674150567695 0
2.405281875408124 0.2508499168443984 0
2.454369260620514 0.2508499168444314 0
1.816233252859924 0.2508499168442458 0
1.865320638072284 0.2508499168442657 0
1.767145867647574 0.2508499168442209 0
1.889864330678447 0.2933608394435412 0
1.914408023284653 0.2508499168442861 0
1.93895171589082 0.2933608394435687 0
1.96349540849703 0.2508499168443086 0
1.9880391011032 0.2933608394435963 0
2.01258279370941 0.2508499168443329 0
2.037126486315584 0.2933608394436231 0
2.061670178921796 0.2508499168443552 0
2.086213871527968 0.2933608394436465 0
2.110757564134184 0.2508499168443776 0
2.135301256740357 0.2933608394436706 0
2.159844949346578 0.2508499168444016 0
0.2945243112785414 0.2508499168433465 0
0.3436116964909467 0.2508499168434326 0
0.2454369260662541 0.2508499168432495 0
2.920699420135776 2.588950659801458 0
2.896155727529545 2.631461582400671 0
0.2208932334597228 0.5484263750377284 0
0.2208932334595103 1.823754053014555 0
0.2208932334594393 1.568688517419552 0
2.920699420136925 1.398644827022631 0
2.8961557275308 1.441155749621776 0
0.2208932334586003 2.503928814601257 0
0.2454369260647276 2.461417892002168 0
2.920699420137057 0.973535601031153 0
0.2208932334593953 0.8885137558316947 0
2.920699420137238 0.6334482202378335 0
2.920699420136091 2.333885124205956 0
0.2208932334597272 0.6334482202363438 0
2.94524311274305 1.356133904423496 0
2.429825568011046 2.844016195395907 0
2.45436926061711 2.886527117995038 0
1.98803910110108 2.929038040593922 0
2.037126486313382 2.929038040593945 0
1.938951715888877 2.929038040593898 0
2.282563412374442 2.929038040594028 0
2.233476027162275 2.929038040594021 0
2.282563412375592 2.248863279007213 0
2.797980957106102 1.356133904423689 0
2.847068342318459 1.441155749621907 0
2.871612034924683 1.483666672220968 0
2.920699420136926 1.483666672220931 0
2.896155727530811 1.5261775948201 0
2.847068342318575 1.526177594820114 0
2.871612034924704 1.568688517419253 0
2.92069942013695 1.568688517419261 0
2.896155727530835 1.611199440018423 0
0.3436116964891646 2.546439737200374 0
1.840776945464779 1.993797743412362 0
1.889864330677059 1.993797743412394 0
0.2945243112769854 2.461417892002088 0
0.2699806186708407 2.418906969403047 0
0.2208932334586663 2.418906969403039 0
0.2454369260647839 2.376396046803952 0
0.2945243112769466 2.376396046803971 0
0.2699806186708975 2.333885124204872 0
0.2208932334587242 2.333885124204844 0
0.2454369260648363 2.291374201605767 0
0.196349540852667 2.291374201605739 0
0.2208932334587743 2.248863279006666 0
1.055378782068664 1.568688517419681 0
0.7117670855834565 0.3783826846416654 0
1.202640937705445 1.823754053014947 0
2.380738182801044 1.568688517420236 0
1.325359400736456 1.69622128521725 0
0.4172427743084778 1.653710362617973 0
0.4417864669145742 1.696221285217141 0
0.5645049299457119 1.568688517419561 0
2.797980957104951 2.546439737202029 0
2.331650797588822 1.483666672221842 0
2.30710710498271 1.441155749622642 0
2.208932334557624 1.866264975614542 0
2.380738182800745 1.823754053015387 0
2.405281875406947 1.866264975614537 0
2.258019719770199 1.611199440019408 0
2.45436926061925 1.866264975614557 0
2.429825568013101 1.908775898213714 0
2.871671225473784 0.378476821214615 0
2.92058648494214 0.3787472155431401 0
1.030835089462591 1.186090214027018 0
1.079922474674896 1.186090214027046 0
2.552544031045039 0.5059154524400558 0
2.650718801469704 0.9310246784318955 0
1.668971097222832 1.356133904423911 0
0.9572040116438592 1.653710362618188 0
1.570796326798217 1.35613390442386 0
1.521708941585913 1.356133904423835 0
1.398990478554123 2.163841433808831 0
0.9081166264316252 1.568688517419777 0
1.497165248979924 0.5484263750389876 0
1.546252634192216 0.5484263750390063 0
1.840776945466213 0.8034919106340808 0
1.889864330678545 0.8034919106340892 0
1.767145867646194 2.461417892003244 0
1.521708941585881 1.441155749622254 0
0.4663301595211536 1.143579291427362 0
0.5154175447335922 0.9735356010303431 0
1.546252634192271 0.3783826846422331 0
1.521708941586143 0.3358717620430348 0
0.6626797003714174 0.2933608394434419 0
0.6381360077653142 0.2508499168443299 0
0.7117670855826277 1.39864482702287 0
0.7363107781887495 1.441155749622082 0
1.546252634192177 0.8885137558325618 0
1.595340019404487 0.888513755832588 0
0.6626797003707947 0.5484263750382105 0
1.59534001940326 2.163841433808974 0
1.497165248978696 2.163841433808901 0
1.25172832291725 2.163841433808727 0
1.840776945464461 2.844016195395609 0
2.380738182798798 2.929038040594068 0
1.718058482433864 2.631461582399872 0
0.3681553890966385 0.8034919106332774 0
0.4172427743089969 0.8034919106333037 0
1.423534171160561 2.631461582399191 0
1.472621556372845 2.631461582399353 0
0.90811662643102 2.503928814601881 0
2.945243112743154 1.016046523630303 0
1.300815708130934 0.2083389942455752 0
1.251728322918707 0.2083389942455609 0
1.988335603005631 0.2088614812611667 0
2.1353012567404 0.2083389942451021 0
2.184388641952799 0.2083389942451296 0
2.871716477672225 0.2083992942936516 0
2.921476451337069 0.2093517820337187 0
2.724349879288394 0.2083389942455053 0
2.675262494076027 0.2083389942454708 0
2.650718801469811 0.2508499168447229 0
2.626175108863652 0.2083389942454363 0
0.6626797003714622 0.2083389942451944 0
0.6135923151592115 0.2083389942451657 0
0.5890486225530629 0.2508499168443135 0
0.5645049299469629 0.2083389942451376 0
2.429825568014347 0.208338994245126 0
2.380738182801988 0.2083389942451199 0
0.2699806186724153 0.2083389942440952 0
0.2208932334600775 0.2083389942440205 0
1.889567828775494 0.2088614812614761 0
1.791689560253764 0.2083389942449883 0
1.74260217504142 0.2083389942449669 0
0.1963495408533141 1.526177594820363 0
0.1963495408532139 0.8460028332323974 0
2.945243112743086 1.611199440018432 0
2.92069942013695 1.653710362617617 0
0.1963495408524666 2.546439737200338 0
2.626175108863563 0.9735356010310597 0
2.650718801469683 1.016046523630234 0
1.104466167280858 1.653710362618162 0
1.644427404615663 2.929038040593659 0
1.693514789827888 2.929038040593711 0
0.4172427743086134 1.483666672221232 0
2.135301256739811 1.228601136626539 0
2.184388641952103 1.22860113662656 0
2.208932334558233 1.271112059225763 0
2.233476027164394 1.228601136626579 0
2.258019719770559 1.271112059225759 0
1.030835089462493 1.356133904423853 0
2.1107575641332 1.696221285217718 0
2.847068342317204 2.631461582400602 0
2.871612034923317 2.673972504999873 0
2.920699420135655 2.673972504999941 0
2.896155727529424 2.716483427599151 0
2.945243112741765 2.716483427599212 0
2.920699420135531 2.758994350198424 0
1.079922474675597 0.5059154524396008 0
2.135301256737949 2.588950659800917 0
1.570796326798382 0.5059154524398164 0
1.595340019404517 0.5484263750390275 0
1.619883712010704 0.7609809880349655 0
1.006291396857094 0.7184700654355387 0
0.9572040116447962 0.7184700654355218 0
0.932660319038663 0.6759591428363072 0
0.5399612373397883 0.9310246784310987 0
1.202640937704955 2.163841433808694 0
1.644427404616883 0.7184700654357631 0
0.8344855486125433 2.461417892002535 0
0.8099418560064728 2.418906969403537 0
0.2699806186718323 0.8034919106331784 0
0.1980757907091559 0.2498532660244877 0
2.945800612704184 0.2517510628831485 0
2.945243112742006 2.546439737202235 0
2.945243112742308 2.291374201606712 0
2.945243112743329 0.6759591428370216 0
0.1963495408533938 1.866264975613677 0
0.2208932334593718 1.908775898213166 0
2.478912953223244 2.844016195395945 0
2.454369260617186 2.801505272796811 0
2.503456645829295 2.886527117995092 0
2.478912953223162 2.929038040594168 0
2.52800033843534 2.929038040594226 0
2.208932334556486 2.376396046805158 0
2.23347602716259 2.418906969404336 0
2.184388641950385 2.333885124205978 0
2.871612034924719 1.653710362617621 0
2.896155727530797 1.696221285216817 0
2.944864353365005 1.696002608387915 0
2.920257534195852 1.738477084848977 0
2.871538387267765 1.738689687321512 0
2.896069805264458 1.781193523171642 0
2.94268942487882 1.779475704158229 0
2.920259485115179 1.823451214097692 0
2.871524392043268 1.823695311987727 0
2.896067797880259 1.86620471228977 0
2.945155135297735 1.866204458573577 0
2.920699420136935 1.908775898212933 0
0.2699806186709424 2.24886327900669 0
0.2454369260648809 2.206352356407586 0
0.1963495408527137 2.206352356407562 0
0.2211046861266749 2.163719351553779 0
0.2700158607822971 2.163821086766057 0
0.2454780418614497 2.121306772993213 0
0.1966030882646739 2.12118412554286 0
0.2209423439935954 2.078791234629851 0
1.349903093342541 1.823754053014857 0
1.374446785948661 1.866264975614068 0
2.478912953225344 1.90877589821374 0
2.454369260619213 1.95128682081291 0
2.503456645831485 1.951286820812868 0
2.478912953225306 1.99379774341211 0
2.52800033843762 1.993797743412076 0
2.503456645831412 2.036308666011313 0
2.601631416256297 1.866264975614201 0
2.896146770090241 0.4209700518205415 0
2.945222797304243 0.4209671031550317 0
2.920698150142336 0.4634110349643754 0
2.356194490194989 1.441155749622678 0
1.865320638072333 0.7609809880348491 0
1.914408023284723 0.7609809880348695 0
2.429825568013261 1.653710362618636 0
2.33165079758888 1.398644827023463 0
0.8344855486126593 2.376396046804372 0
0.7853981634003493 2.376396046804342 0
0.8099418560065273 2.333885124205159 0
0.7608544707942259 2.333885124205129 0
0.785398163400401 2.291374201605946 0
0.7363107781880673 2.29137420160585 0
0.7608544707942699 2.248863279006726 0
0.4417864669140957 2.37639604680353 0
0.7853981634020798 0.2508499168444159 0
0.7608544707959632 0.208338994245245 0
0.8099418560082161 0.2083389942452646 0
2.74889357189282 2.376396046805051 0
2.724349879286613 2.418906969404253 0
2.699806186680494 2.376396046805005 0
2.208932334556437 2.461417892003488 0
2.258019719768692 2.461417892003516 0
2.699806186680641 2.20635235640804 0
2.675262494074442 2.248863279007239 0
2.650718801468318 2.206352356408 0
2.626175108862127 2.24886327900719 0
2.601631416256007 2.206352356407961 0
1.374446785948266 2.631461582399152 0
1.595340019403404 2.929038040593643 0
1.938951715890877 0.8034919106341133 0
1.963495408497047 0.7609809880349037 0
0.5154175447336291 0.8885137558318347 0
0.8835729338260333 1.016046523629877 0
2.233476027164721 0.6334482202376011 0
2.258019719770867 0.6759591428368542 0
2.208932334558532 0.6759591428368267 0
2.233476027164677 0.7184700654360754 0
2.184388641952346 0.7184700654360472 0
2.208932334558489 0.7609809880352911 0
2.159844949346159 0.7609809880352649 0
1.988039101103204 0.8034919106341506 0
1.938951715890748 1.058557446229505 0
1.693514789829104 1.058557446229378 0
1.988039101102835 1.398644827023277 0
1.276272015524348 1.10106836882851 0
1.742602175041351 1.228601136626299 0
0.6381360077646637 0.5059154524389839 0
0.3436116964902325 1.271112059225108 0
1.398990478555153 1.228601136626091 0
2.405281875407595 1.271112059225596 0
1.49716524897987 0.8885137558325261 0
2.30710710498064 2.716483427598452 0
2.356194490192859 2.716483427598483 0
2.331650797586776 2.673972504999327 0
2.69980618668104 1.526177594820778 0
2.675262494075847 0.8885137558327311 0
0.2945243112779239 1.016046523629516 0
0.2699806186717197 1.05855744622878 0
2.086213871527515 1.228601136626517 0
0.4908738521266652 1.951286820812022 0
0.5154175447327978 1.908775898212889 0
0.5399612373388947 1.951286820812046 0
2.380738182801684 0.7184700654361263 0
2.135301256740014 0.7184700654360199 0
0.908116626432651 0.4634045298403405 0
2.258019719770889 0.9310246784320364 0
0.4908738521266972 1.866264975613734 0
0.5399612373389329 1.866264975613753 0
2.822524649711617 1.993797743411967 0
1.055378782068767 1.143579291427822 0
1.006291396856461 1.143579291427794 0
1.104466167281072 1.143579291427851 0
0.5154175447337854 0.6334482202365919 0
1.865320638072176 0.4208936072412404 0
2.871612034923869 2.16384143380893 0
2.896155727530076 2.121330511209695 0
0.2454369260655447 1.016046523629499 0
0.2208932334593322 1.058557446228772 0
0.1963495408531535 1.016046523629488 0
0.5154175447328309 1.823754053014588 0
2.307107104983361 0.335871762042919 0
2.920699420136232 2.16384143380896 0
2.943264840590042 2.120188355249987 0
2.920369708110871 2.078629229283833 0
0.7117670855814558 2.844016195394919 0
0.6872233929752569 2.886527117994168 0
0.7363107781876244 2.886527117994203 0
0.7117670855814084 2.929038040593459 0
0.7608544707937909 2.929038040593497 0
0.4663301595214516 0.6334482202365728 0
1.742602175041298 0.5484263750388707 0
0.4908738521275969 0.6759591428358036 0
2.601631416257454 0.2508499168446987 0
2.47891295322673 0.2083389942451672 0
1.570796326798419 0.335871762043045 0
1.546252634192302 0.2933608394438485 0
1.816233252858368 2.801505272796453 0
2.061670178921755 0.33587176204291 0
0.6135923151570811 2.333885124204336 0
0.7117670855819412 2.248863279006586 0
0.7363107781881447 2.206352356407513 0
0.687223392975868 2.206352356407473 0
0.7117670855820347 2.163841433808337 0
0.6626797003697606 2.163841433808304 0
0.6872233929759186 2.121330511209145 0
1.718058482435195 0.5909372976381302 0
0.53996123734081 0.2508499168442865 0
0.5154175447347049 0.2083389942451023 0
0.4417864669152634 0.6759591428358069 0
1.668971097221609 2.631461582399856 0
1.644427404615492 2.58895065980068 0
1.619883712009346 2.631461582399843 0
1.816233252859939 0.7609809880349094 0
1.840776945465909 0.6334482202373947 0
1.595340019404534 0.2933608394438196 0
1.570796326798456 0.2508499168446598 0
1.521708941586177 0.2508499168446492 0
1.54595613228936 0.2085101796989657 0
1.497115831996227 0.2083675251543826 0
1.594994100516537 0.2088900121699631 0
2.847068342317095 2.716483427599092 0
1.398990478554448 2.588950659799969 0
1.595340019403229 2.58895065980066 0
2.258019719768349 2.971548963193107 0
2.208932334556183 2.971548963193098 0
2.184388641950109 2.929038040594004 0
2.159844949344022 2.971548963193083 0
1.963495408494962 2.97154896319303 0
1.914408023282765 2.971548963193002 0
0.8344855486124351 2.631461582398769 0
0.4908738521285511 0.2508499168442598 0
0.4663301595224421 0.2083389942450679 0
1.34990309334215 2.588950659799928 0
2.896006137953136 0.1661781050725198 0
0.7853981634021078 0.1658280716461008 0
0.2454369260662769 0.1658280716448091 0
2.15984494934662 0.1658280716458232 0
0.171805848247296 1.823754053014526 0
0.1963495408534097 1.7812431304154 0
0.8344855486143531 0.1658280716461223 0
2.945787413706322 0.1679280870717096 0
2.208932334559023 0.1658280716458469 0
0.2945243112787517 0.1658280716450468 0
2.84706081784734 0.1658964605587433 0
2.110757564134216 0.165828071645796 0
0.1963495408539352 0.1658280716447584 0
0.1718058482471669 1.568688517419539 0
0.1718058482464208 2.50392881460122 0
2.969786805349218 1.568688517419258 0
2.974214802805375 2.160224955589856 0
0.1718058482470838 1.908775898213208 0
2.969786805347877 2.75899435019849 0
2.945243112741649 2.801505272797696 0
2.969786805348138 2.588950659801518 0
2.969786805349856 0.3783826846426556 0
2.96742386916662 2.077455346769673 0
2.96978320777729 0.4634178633471915 0
0.1722531820667638 1.058299177927464 0
0.1964240964897613 1.101025324111174 0
0.1506794625757675 1.101718512458689 0
0.1730673626130055 1.144072805605862 0
0.1718058482465613 2.333885124204806 0
2.969786805348472 2.333885124205993 0
2.969786805349156 1.39864482702264 0
2.994330497955278 1.3561339044235 0
0.1714254431831004 2.079039215576143 0
0.1472621556405091 2.291374201605716 0
2.968886553511162 1.908254517032131 0
2.969786805349289 0.9735356010311724 0
2.945243112743191 0.931024678432022 0
2.994330497955382 1.016046523630326 0
2.969786805349251 1.058557446229452 0
0.1718058482469967 0.888513755831681 0
0.1472621556408122 0.8460028332323778 0
0.1718058482470353 0.8034919106330931 0
2.96978680534948 0.63344822023786 0
0.1509381097840505 1.013635158292028 0
2.380738182799005 2.673972504999356 0
2.356194490192915 2.631461582400189 0
0.3190680038830848 2.3338851242049 0
2.822524649712366 1.56868851741943 0
0.1962943250979824 2.0363405448421 0
2.724349879287192 1.483666672221595 0
1.619883712009525 2.97154896319282 0
1.570796326797265 2.971548963192808 0
2.601631416257422 1.016046523630225 0
2.626175108863543 1.058557446229399 0
2.5034566458292 2.971548963193294 0
2.552544031041379 2.971548963193348 0
0.4172427743079872 2.418906969402627 0
0.4417864669141128 2.461417892001711 0
1.865320638070948 1.951286820813189 0
1.914408023283238 1.951286820813229 0
1.938951715889341 1.993797743412429 0
1.816233252858663 1.951286820813156 0
1.963495408495519 1.951286820813266 0
1.988039101101621 1.993797743412462 0
0.5645049299450747 1.823754053014611 0
0.5399612373389723 1.78124313041545 0
2.478912953225472 1.738732207817029 0
2.601631416257396 0.9310246784319084 0
0.6381360077636529 2.121330511209117 0
0.6626797003698067 2.078819588609962 0
0.4663301595207271 1.653710362618 0
2.577087723649825 2.248863279007155 0
2.552544031043708 2.20635235640793 0
2.60163141625594 2.291374201606377 0
2.577087723649838 2.163841433808767 0
2.528000338437556 2.163841433808727 0
2.282563412376769 1.228601136626523 0
2.675262494074291 2.418906969404202 0
2.699806186680405 2.461417892003446 0
2.380738182800826 1.908775898213761 0
2.429825568013086 1.99379774341205 0
0.4417864669147653 1.52617759482043 0
2.945093070769912 1.951199923948851 0
2.896155727529317 2.801505272797638 0
2.920699420135426 2.844016195396894 0
2.969786805347756 2.844016195396962 0
2.945243112741534 2.886527117996161 0
2.994330497953875 2.886527117996234 0
2.969786805347646 2.929038040595449 0
2.159844949345481 1.696221285217747 0
2.184388641951592 1.738732207816946 0
0.4663301595209303 1.483666672221248 0
1.129009859887199 1.186090214027073 0
1.153553552493374 1.14357929142788 0
1.153553552493552 1.398644827022732 0
1.12900985988738 1.441155749621925 0
1.153553552493508 1.483666672221141 0
1.079922474674901 1.271112059225425 0
2.208932334558265 1.186090214027374 0
2.945243112743392 0.5909372976387006 0
2.11075756413368 1.186090214027324 0
2.061670178921382 1.186090214027302 0
0.3681553890970753 0.2933608394426733 0
0.9081166264325057 0.7184700654354974 0
0.8835729338263678 0.6759591428362823 0
0.9326603190386302 0.7609809880347189 0
2.037126486313326 2.844016195395707 0
2.577087723650863 0.8034919106346288 0
2.601631416257036 0.76098098803545 0
2.552544031043702 2.036308666011333 0
1.619883712010662 0.5059154524398187 0
0.44178646691488 1.356133904423577 0
1.546252634192085 1.313622981824639 0
1.49716524897978 1.313622981824616 0
1.47262155637361 1.356133904423811 0
1.914408023282841 2.716483427598242 0
2.233476027164367 1.313622981824961 0
0.3190680038837533 1.99379774341122 0
1.497165248978951 2.673972504998595 0
1.938951715890529 1.398644827023254 0
1.963495408496662 1.441155749622471 0
0.4908738521273946 1.016046523629587 0
1.374446785949281 0.3358717620430435 0
1.202640937706284 0.5484263750388502 0
2.258019719770816 0.7609809880353204 0
2.233476027162536 2.503928814602666 0
2.282563412374778 2.503928814602693 0
0.7608544707941679 2.418906969403501 0
0.5399612373397533 1.016046523629608 0
2.11075756413193 2.461417892003431 0
2.135301256739364 1.653710362618547 0
0.6872233929769687 0.5059154524390085 0
2.282563412377162 0.4634045298406418 0
1.521708941586052 0.5909372976381961 0
0.4417864669153138 0.5909372976373244 0
1.472621556373762 0.5909372976381728 0
0.5645049299459826 0.8885137558318558 0
0.5399612373398253 0.8460028332325957 0
0.5890486225521426 0.9310246784311174 0
1.619883712010723 0.6759591428365532 0
2.626175108863642 0.3783826846423897 0
0.760854470794922 1.398644827022895 0
0.7853981634010436 1.441155749622109 0
1.570796326798309 0.9310246784317907 0
1.619883712010624 0.9310246784318164 0
1.644427404616801 0.888513755832614 0
2.23347602716463 0.8034919106345303 0
1.66897109722302 0.7609809880349921 0
1.227184630311074 2.206352356407911 0
1.276272015523368 2.206352356407945 0
1.963495408496988 0.3358717620428557 0
2.503456645831554 1.781243130416212 0
1.6935147898292 0.718470065435785 0
1.178097245098778 2.20635235640788 0
1.153553552492659 2.163841433808658 0
1.595340019404508 0.3783826846422121 0
1.791689560252229 2.844016195395583 0
1.816233252858354 2.886527117994732 0
2.110757564133826 0.7609809880352398 0
2.086213871527701 0.7184700654359848 0
2.135301256739969 0.8034919106344822 0
0.7363107781875733 2.971548963192719 0
0.7853981633999689 2.971548963192745 0
0.8099418560061947 2.92903804059352 0
0.6872233929751845 2.971548963192718 0
0.8344855486123703 2.971548963192769 0
0.8590292412185707 2.929038040593536 0
0.8835729338247624 2.971548963192787 0
0.9081166264309876 2.929038040593567 0
0.932660319037162 2.971548963192855 0
0.9572040116433846 2.929038040593591 0
0.9817477042495639 2.971548963192856 0
1.006291396855784 2.929038040593618 0
1.03083508946196 2.971548963192892 0
1.055378782068181 2.929038040593642 0
1.079922474674355 2.971548963192906 0
1.104466167280576 2.929038040593667 0
1.129009859886752 2.971548963192929 0
1.15355355249297 2.929038040593694 0
1.178097245099174 2.97154896319293 0
1.202640937705354 2.929038040593704 0
1.227184630311566 2.971548963192968 0
1.251728322917732 2.929038040593726 0
1.276272015523912 2.971548963192997 0
1.300815708130054 2.929038040593716 0
1.325359400736264 2.97154896319301 0
0.5645049299469128 0.2933608394434317 0
1.938951715890926 0.7184700654356411 0
2.18438864195272 0.2933608394437156 0
2.159844949346493 0.3358717620429493 0
2.233476027165176 0.2083389942451355 0
2.258019719771386 0.1658280716458878 0
1.693514789827722 2.673972504999029 0
0.2945243112782941 0.67595914283584 0
0.8099418560062924 2.588950659799517 0
1.276272015524832 0.1658280716464283 0
1.22718463031261 0.1658280716464152 0
1.202640937706485 0.2083389942455461 0
1.178097245100387 0.1658280716464012 0
1.153553552494262 0.2083389942455189 0
1.325359400737055 0.1658280716464408 0
1.129009859888161 0.1661794853003429 0
1.104466167282037 0.2083975631878294 0
1.079625972773006 0.1664190011865127 0
1.055329365085988 0.2084472439925632 0
1.079922474675913 0.2508499168446556 0
1.030480934412986 0.1661157869810279 0
1.006224134851824 0.2084049884257634 0
0.9816774680753291 0.1658870232321382 0
1.521354786535437 0.1660325431601837 0
1.472554294368144 0.1658669053834547 0
0.6381360077653598 0.1658280716460267 0
0.5399612373408531 0.1658280716459514 0
1.767442369549972 0.1659992570988806 0
1.718700903222494 0.1665501629319913 0
2.699806186682242 0.1658280716462165 0
2.405281875408171 0.1658280716458246 0
2.996522652158437 2.5474571195086 0
2.994330497955423 0.9310246784320404 0
2.969786805349327 0.8885137558328893 0
0.1474623911406039 2.1221920849118 0
2.994330497955624 0.5909372976387133 0
2.994330497954691 2.291374201606728 0
0.147262155641036 1.52617759482035 0
0.1718058482471888 1.483666672221166 0
0.1227184630349008 1.483666672221155 0
0.1472621556410572 1.441155749621956 0
0.1450700014352956 2.547457119507408 0
2.994330497955351 1.611199440018432 0
2.990817582097279 1.948673054474451 0
2.994330497954116 2.716483427599281 0
0.1472621556411949 1.781243130415389 0
0.1718058482473114 1.738732207816258 0
2.994330497955574 0.6759591428370277 0
2.969786805349436 0.7184700654361673 0
0.1467587041161911 2.036599333884328 0
2.994895091664619 1.866643943707038 0
0.1227184630350783 1.823754053014513 0
2.528000338435631 2.844016195396022 0
0.2945276240420818 2.121328598583669 0
2.233476027162641 2.333885124206008 0
2.208932334556639 2.291374201606723 0
2.159844949344297 2.291374201606778 0
2.184388641950694 2.248863279007423 0
0.3190744296958007 2.163837723863788 0
2.577087723647521 2.929038040594275 0
2.601631416253487 2.971548963193356 0
2.405281875405185 2.631461582400201 0
2.380738182799097 2.588950659801045 0
2.429825568011251 2.673972504999393 0
1.840776945464833 1.908775898213979 0
2.847039080229808 1.866245141555235 0
2.012582793707907 1.951286820813203 0
1.988039101101791 1.908775898214032 0
2.037126486313915 1.993797743412475 0
2.012582793707733 2.036308666011657 0
2.061670178920006 2.036308666011684 0
2.307107104980947 2.461417892003549 0
2.822505165550625 1.823740957166924 0
2.871612034923106 2.844016195396827 0
2.577087723651278 1.05855744622939 0
2.601631416257401 1.101068368828566 0
2.650718801469662 1.101068368828573 0
2.626175108863524 1.143579291427739 0
2.552544031045155 1.016046523630266 0
2.528000338437744 1.738732207817056 0
0.5890486225513107 1.866264975613808 0
1.325359400736376 1.866264975614035 0
1.349903093342494 1.908775898213243 0
1.398990478554779 1.908775898213278 0
1.300815708130252 1.82375405301483 0
1.10446616728121 1.483666672221117 0
1.129009859887339 1.526177594820331 0
2.577087723649945 1.993797743412035 0
2.380738182801192 1.398644827023445 0
1.079922474674944 1.101068368828628 0
2.380738182801378 1.313622981824857 0
0.7117670855818378 2.333885124204898 0
0.3926990817018738 2.461417892001667 0
0.4172427743078782 2.503928814600921 0
2.65071880146809 2.461417892003394 0
2.405281875407268 1.441155749622699 0
2.135301256737943 2.929038040593983 0
2.110757564131848 2.971548963193064 0
2.135301256737933 3.014059885792159 0
0.6135923151574727 2.078819588609868 0
0.6381360077636824 2.036308666010769 0
2.50345664583141 2.206352356407897 0
2.478912953225235 2.163841433808697 0
2.724349879285425 3.014059885792239 0
0.5890486225512193 1.781243130415466 0
0.5645049299451174 1.738732207816312 0
1.178097245099173 2.88652711799443 0
1.791689560252545 1.908775898213946 0
2.552544031043644 2.291374201606343 0
2.577087723649758 2.333885124205584 0
2.208932334557758 1.696221285217777 0
2.233476027163872 1.738732207816974 0
2.871610330352511 0.4634183547913085 0
0.8099418560060332 3.014059885791939 0
2.896155727528539 3.056570808391827 0
2.626175108861982 2.418906969404153 0
1.030835089461998 2.886527117994341 0
0.6872233929759528 2.036308666010799 0
0.6626797003698379 1.993797743411621 0
1.668971097222934 0.9310246784318394 0
2.282563412376711 1.313622981824944 0
0.7363107781882225 2.121330511209159 0
0.7853981634004654 2.206352356407515 0
1.448077863767463 1.313622981824586 0
1.423534171161291 1.356133904423781 0
1.472613320209924 0.2508546719961399 0
0.5645049299447777 2.758994350196134 0
1.718058482435232 0.2508499168441876 0
0.8344855486127016 2.291374201605966 0
0.8590292412204588 0.2083389942452819 0
0.8835729338265917 0.1658280716461417 0
1.472621556373862 0.3358717620430188 0
0.1714404892121646 2.589120223517255 0
0.1963495408533137 1.611199440018738 0
0.147262155641025 1.611199440018712 0
2.478912953226507 0.5484263750392607 0
0.8835729338247622 2.886527117994284 0
2.03712648631384 2.078819588610851 0
2.086213871526229 2.078819588610811 0
2.061670178919966 2.121330511210031 0
2.110757564132356 2.121330511209988 0
2.086213871526068 2.163841433809222 0
0.5154175447335567 1.058557446228851 0
0.6872233929776006 0.1658280716460544 0
1.914408023284361 1.441155749622449 0
1.938951715890496 1.483666672221662 0
0.7117670855831346 0.5484263750383062 0
2.552544031044692 0.8460028332338076 0
1.276272015524567 0.8460028332332087 0
0.9081166264327765 0.208338994245328 0
1.448077863767624 0.7184700654356876 0
2.258019719768619 2.546439737201843 0
2.675262494075779 1.143579291427745 0
2.650718801469647 1.186090214026907 0
2.282563412376596 1.398644827023412 0
1.88986433067819 1.483666672221641 0
1.914408023284321 1.526177594820858 0
1.865320638072017 1.526177594820834 0
1.889864330678147 1.56868851742005 0
1.840776945465846 1.568688517420028 0
1.938951715890447 1.568688517420075 0
1.914408023284275 1.611199440019266 0
2.699806186681088 1.441155749622433 0
2.748893571893341 1.441155749622438 0
2.724349879287241 1.398644827023282 0
0.7608544707948723 1.483666672221292 0
2.8961555468603 0.5059166872600094 0
2.037126486313392 2.758994350197451 0
2.454369260617077 2.971548963193206 0
1.963495408497019 0.8460028332333602 0
0.9081166264323072 0.8885137558321979 0
2.307107104980466 2.97154896319309 0
2.282563412374424 3.014059885792185 0
2.012582793709332 0.8460028332334468 0
0.5154175447334159 1.313622981824359 0
2.969786805349172 1.313622981824355 0
2.675262494074201 2.503928814602627 0
1.742602175039974 2.67397250499904 0
1.938951715890614 1.22860113662641 0
1.76714586764762 1.01604652363019 0
1.595340019404391 1.313622981824661 0
1.448077863767439 1.398644827022995 0
1.840776945464551 2.503928814602443 0
2.037126486313533 2.503928814602546 0
2.184388641950283 2.503928814602634 0
0.9572040116433536 3.014059885792074 0
2.577087723650922 0.7184700654362348 0
2.626175108863212 0.7184700654362725 0
2.6016314162571 0.6759591428370564 0
2.65071880146932 0.7609809880354873 0
2.675262494075497 0.7184700654363161 0
2.94524311274225 2.376396046805249 0
2.994330497954634 2.376396046805286 0
2.969786805348374 2.418906969404528 0
1.472621556373643 1.271112059225395 0
1.644427404615521 2.503928814602328 0
1.865320638072232 1.10106836882869 0
2.086213871525761 3.014059885792143 0
0.9081166264325322 0.6334482202370931 0
0.8590292412202423 0.633448220237062 0
0.8835729338264006 0.5909372976378763 0
0.8344855486141022 0.590937297637838 0
0.8099418560078748 0.6334482202369383 0
0.8590292412202769 0.5484263750386629 0
0.8099418560079734 0.548426375038624 0
2.086213871527556 1.14357929142811 0
2.037126486315283 1.143579291428071 0
2.135301256739849 1.143579291428125 0
1.742602175041316 1.313622981824735 0
2.503456645831677 1.696221285217831 0
1.570796326798258 1.271112059225438 0
1.619883712010563 1.271112059225463 0
1.055378782069391 0.7184700654355555 0
1.030835089463229 0.760980988034748 0
1.079922474675526 0.7609809880347647 0
1.055378782069364 0.8034919106339463 0
1.178097245100322 0.2508499168446593 0
0.2211159117930968 1.143654369670959 0
0.1965969063030839 1.186184979430321 0
0.1472621556407127 1.186090214026629 0
0.1718470758219037 1.228616930859859 0
0.2209413322967836 1.22861956323219 0
0.1963644285885078 1.271117762698557 0
0.1472715081924548 1.271115642176403 0
0.1718098882948754 1.313624529561875 0
2.503456645831511 1.866264975614483 0
2.135301256738228 2.248863279007584 0
1.030835089461901 2.461417892002921 0
1.006291396855721 2.503928814602136 0
1.398990478555274 0.8885137558324607 0
1.055378782068038 2.503928814602095 0
1.030835089461863 2.546439737201288 0
1.079922474674333 2.546439737200946 0
0.9817477042495343 2.54643973720126 0
2.135301256738318 2.163841433809255 0
0.5890486225521772 0.8460028332326331 0
1.767145867646377 1.951286820813124 0
1.742602175040254 1.908775898213914 0
1.718058482434085 1.951286820813094 0
1.693514789828009 1.908775898213892 0
0.736310778188798 1.356133904423681 0
2.478912953226652 0.2933608394437389 0
0.5399612373396295 1.18609021402667 0
0.8099418560069369 1.738732207816373 0
0.8344855486130907 1.696221285217218 0
0.8590292412192015 1.738732207816416 0
0.8099418560069844 1.653710362618035 0
1.815986167940691 0.1660277880081131 0
1.349903093342036 2.844016195395158 0
1.374446785948606 1.951286820812458 0
1.423534171160894 1.95128682081249 0
1.448077863767067 1.908775898213311 0
1.472621556373184 1.951286820812521 0
1.497165248979356 1.908775898213342 0
1.521708941585475 1.951286820812553 0
1.546252634191645 1.908775898213373 0
1.570796326797718 1.951286820812609 0
1.37444678594922 0.5909372976380957 0
2.086213871527083 1.653710362618517 0
0.8590292412192557 1.653710362618071 0
0.8344855486131491 1.611199440018881 0
0.2208932334595242 1.738732207816268 0
2.773437264500091 1.313622981824505 0
0.368155389095164 2.588950659799618 0
1.349903093342284 2.929038040593668 0
1.374446785948545 2.971548963192959 0
0.6626797003708216 0.4634045298398004 0
2.307107104980696 2.631461582400179 0
1.840776945464506 2.758994350197331 0
1.791689560252274 2.758994350197298 0
0.8099418560071581 1.483666672221323 0
1.104466167281659 0.8034919106339622 0
1.12900985988782 0.7609809880347808 0
1.153553552493952 0.8034919106339766 0
0.4908738521267313 1.781243130415443 0
0.3436116964906215 0.6759591428358636 0
1.178097245100103 0.7609809880347919 0
0.7853981634009866 1.526177594820495 0
1.398990478555137 1.398644827022977 0
1.423534171161275 1.441155749622167 0
2.25801971977099 0.4208936072414018 0
2.331650797587008 2.503928814602729 0
0.1963495408533496 1.441155749621971 0
2.748893571894608 0.1658280716462625 0
0.7853981634010865 1.356133904423711 0
0.7608544707949683 1.313622981824484 0
0.8099418560072584 1.313622981824512 0
0.7853981634011421 1.271112059225282 0
0.8344855486134481 1.271112059225302 0
1.963495408496539 1.611199440019294 0
1.497165248979885 0.6334482202373852 0
0.2454474238276031 1.271116080905127 0
0.2699903847716146 1.228604878006947 0
0.8344855486141836 0.5059154524394619 0
0.7853981634017636 0.5059154524393136 0
0.5645049299460155 0.8034919106333764 0
0.5154175447336865 0.8034919106333436 0
1.644427404616761 0.9735356010310506 0
0.8835729338262963 0.760980988034637 0
0.8099418560073286 1.228601136626079 0
0.8590292412196245 1.228601136626107 0
0.8344855486135019 1.186090214026865 0
0.8835729338257914 1.186090214026914 0
0.8590292412196867 1.143579291427655 0
0.908116626431972 1.143579291427718 0
0.5890486225512357 2.036308666010542 0
0.5399612373388157 2.12133051120868 0
1.718058482435328 0.7609809880350087 0
1.693514789829145 0.8034919106342158 0
1.98803910110318 0.7184700654357399 0
1.742602175041466 0.7184700654358032 0
0.5399612373398999 0.760980988034172 0
0.4663301595214089 0.7184700654350198 0
1.251728322917256 2.248863279007126 0
1.006291396857065 0.8034919106339352 0
2.20893233455865 0.4208936072414144 0
1.079922474675082 1.441155749621918 0
1.104466167280528 3.014059885792075 0
1.300815708129545 2.248863279007149 0
2.577087723651316 0.2083389942453972 0
2.601631416257496 0.1658280716461387 0
1.374446785948304 2.546439737200789 0
2.331650797586796 3.014059885792112 0
1.25172832291779 3.014059885792197 0
2.208932334558817 0.3358717620429911 0
2.282563412377283 0.2933608394437036 0
2.552544031043829 1.781243130416193 0
1.349903093342545 3.014059885792234 0
2.282563412377444 0.2083389942451755 0
2.356194490195829 0.1658280716458446 0
2.552544031045119 0.1658280716460929 0
0.417242774309048 0.718470065435037 0
1.718058482433881 2.716483427598168 0
0.7117670855813089 3.014059885791957 0
0.662679700368944 3.014059885791944 0
0.638136007762782 2.971548963192683 0
0.6135923151565528 3.014059885791912 0
0.5890486225503848 2.971548963192646 0
1.668971097221937 1.95128682081306 0
1.595340019403832 1.908775898213503 0
0.3190680038844187 0.718470065435146 0
0.5645049299441586 3.014059885791871 0
0.5399612373379865 2.971548963192618 0
0.515417544731764 3.014059885791837 0
0.4908738521255949 2.97154896319259 0
0.4663301595193723 3.014059885791806 0
0.4417864669132087 2.97154896319256 0
0.4172427743069876 3.014059885791772 0
0.3926990817008443 2.97154896319253 0
0.3681553890946155 3.014059885791739 0
0.343611696488468 2.971548963192494 0
0.3190680038822377 3.014059885791728 0
0.294524311276069 2.971548963192462 0
0.2699806186698614 3.014059885791675 0
0.2454369260636903 2.971548963192435 0
0.2212627364206026 3.013846553156464 0
0.1967806276416479 2.971300075117993 0
0.2209650812559141 2.928996559247463 0
0.1725189023384827 2.928626358620482 0
0.1964803578333317 2.886451590774249 0
0.1472621556391059 2.886527117993953 0
0.1718276510755914 2.84400360752483 0
0.1514461187428541 2.971370939633689 0
0.2209186700929127 2.844001509546525 0
0.1963574140956901 2.801500727175923 0
0.1472671016515933 2.801502417214005 0
0.1718079847880673 2.758993116662922 0
0.6381360077635476 2.206352356407381 0
2.847068342316994 2.80150527279753 0
1.398990478554878 3.014059885792204 0
1.423534171160886 2.971548963192969 0
1.448077863767138 3.014059885792188 0
1.472621556373045 2.971548963192874 0
1.497165248979284 3.014059885792062 0
1.006291396855728 2.588950659800378 0
1.42353417116062 2.546439737200941 0
1.938951715888876 3.0140598857921 0
1.889864330676686 3.014059885792073 0
1.988039101101037 3.014059885792154 0
1.865320638070575 2.971548963192974 0
1.840776945464448 3.014059885792073 0
1.816233252858364 2.971548963192943 0
1.791689560252362 3.014059885791973 0
0.2699806186720254 0.7184700654349037 0
1.595340019403411 3.01405988579197 0
1.644427404615924 3.01405988579203 0
0.8590292412185737 2.588950659799593 0
2.577087723647469 3.014059885792425 0
2.626175108859842 3.014059885792277 0
2.478912953223231 3.014059885792494 0
2.429825568010909 3.014059885792296 0
1.325359400735937 2.546439737200795 0
1.30081570812983 2.588950659799899 0
1.276272015523588 2.546439737200764 0
1.251728322917511 2.588950659799854 0
1.227184630311271 2.546439737200724 0
1.202640937705196 2.588950659799814 0
1.178097245098961 2.546439737200686 0
1.153553552492909 2.588950659799749 0
0.9572040116432704 2.588950659800074 0
3.018874190560242 2.758994350198563 0
3.01887419056139 1.313622981824368 0
2.994330497955295 1.271112059225198 0
3.01887419056078 2.418906969404571 0
1.300815708130953 0.1236685627012586 0
1.15325705059083 0.124258549315466 0
1.006157565306422 0.1236566003254307 0
2.135301256740441 0.1233171490465141 0
2.724349879288461 0.1236685627008696 0
2.871494437411409 0.1236609586478311 0
0.2208932334601461 0.1236685626995811 0
0.6626797003715046 0.1233171490468904 0
0.8096453541053259 0.1234883345004339 0
1.791768886072185 0.123560665668692 0
0.7608050538121769 0.1236970936098176 0
2.773140762597959 0.123546903442773 0
1.349606591440244 0.1235469034431058 0
1.374397368965458 0.165866364045749 0
1.398636323503512 0.12388431052874 0
1.840756974142249 0.1246245633156705 0
0.9572040116453799 0.1233171490471925 0
2.675262494076078 0.1235153175597901 0
0.6135923151592716 0.1233171490468631 0
2.08621387152803 0.1233171490464863 0
0.171509346344819 0.1238983170953553 0
0.1472127386577493 0.165924932986369 0
3.017998174275741 1.569039818981211 0
2.99418449524103 1.526236145080414 0
0.1223643079846517 0.1236013393975127 0
0.1227184630342555 2.503928814601186 0
0.1472621556403744 2.461417892002108 0
3.018874190561469 1.058557446229479 0
2.994330497955347 1.101068368828602 0
2.94524311274313 1.101068368828583 0
2.969786805349227 1.143579291427735 0
3.018874190561443 1.14357929142774 0
0.1227184630346271 0.80349191063307 0
0.1472621556408535 0.7609809880337839 0
3.01887419056 2.92903804059552 0
2.994330497953752 2.97154896319473 0
2.945243112741406 2.971548963194537 0
0.1216692355295692 2.590401664229872 0
0.1470263912170778 2.631731677089855 0
0.1238795935723151 2.758323971167065 0
0.1239355490969649 1.314325233201423 0
3.019879922940497 2.59038147807409 0
3.042536804243158 2.887035809149703 0
3.017911947318904 0.8879582044377172 0
2.994170124081704 0.8459102413345463 0
2.945216383764276 0.8459874012505306 0
0.1717127370335196 1.993851501196101 0
0.1226190359116126 1.993855147688266 0
0.2208685122976007 1.993812016181075 0
0.343613319585458 2.121329574114302 0
0.2945243112774487 2.036308666010644 0
2.06167017892044 1.951286820813031 0
2.601631416257275 1.186090214026976 0
2.626175108863499 1.228601136626081 0
2.675262494075766 1.228601136626075 0
2.650718801469629 1.271112059225245 0
2.797972832730922 1.866259487296122 0
2.847068342318117 1.951286820812447 0
2.871612034924107 1.99379774341182 0
0.2454424777104044 2.801502067550911 0
0.147456033486507 2.716371492169957 0
1.276272015524015 1.866264975614071 0
1.055378782068822 1.483666672221164 0
1.98803910110248 1.823754053015399 0
2.577087723649994 1.738732207817063 0
1.816233252858772 1.866264975614796 0
0.5399612373394191 1.611199440018776 0
2.944794338041259 2.036049565816598 0
2.993805696185491 2.036070546442242 0
2.429825568013545 1.398644827023329 0
2.577087723650072 1.90877589821344 0
1.816233252858812 3.05657080839128 0
1.963495408494907 3.056570808391243 0
0.4417864669163032 0.2508499168442224 0
0.4172427743101874 0.2083389942450316 0
0.4417864669163373 0.165828071645874 0
0.3926990817040948 0.1658280716458294 0
2.748893571893422 1.526177594820648 0
2.258019719770033 1.696221285217809 0
2.60163141625714 0.8460028332337743 0
2.969786805349526 0.5484263750395575 0
3.017772968067647 0.547790583936165 0
2.11075756413214 3.05657080839134 0
0.5154175447333496 1.56868851741958 0
0.5399612373395786 1.52617759482038 0
0.2454985098905422 3.05653525295182 0
2.699806186681667 0.7609809880354798 0
2.626175108861894 2.503928814602583 0
0.3436116964891583 2.37639604680402 0
0.36815538909528 2.333885124204917 0
0.3436116964891985 2.2913742016058 0
1.693514789829107 0.8885137558326008 0
0.8835729338258719 1.101068368828445 0
0.9326603190381549 1.101068368828517 0
0.7117670855831755 0.4634045298398582 0
0.3190680038822949 2.929038040593224 0
2.969755621540584 0.8034739066541731 0
3.018842264281198 0.8034734779879461 0
2.994330497955332 1.186090214026862 0
3.042610700332232 1.185624186799614 0
0.3926990817004712 3.056570808391042 0
1.1780972450995 1.186090214027085 0
1.153553552493327 1.228601136626275 0
1.202640937705675 1.143579291427891 0
1.17809724509955 1.101068368828687 0
2.356194490195292 1.271112059225637 0
0.1963495408534308 1.696221285217119 0
0.1499770428551921 1.695713399899516 0
2.626175108862059 2.333885124205671 0
2.699806186680567 2.291374201606508 0
0.6135923151585334 0.463404529839764 0
0.6381360077646911 0.4208936072405866 0
2.724349879286512 2.503928814602691 0
2.699806186680306 2.546439737201871 0
0.4417864669147831 1.441155749622045 0
0.4908738521271916 1.441155749622014 0
0.5645049299455418 1.653710362617945 0
1.988039101102734 1.568688517420082 0
1.546252634192199 0.6334482202373675 0
1.497165248978914 2.758994350196865 0
2.159844949344026 2.886527117994892 0
2.110757564131757 2.886527117994864 0
2.920696907608169 0.8034904600252917 0
2.282563412376951 0.8034919106345546 0
2.30710710498314 0.7609809880353453 0
2.797980957106759 0.4208936072417311 0
2.675262494074508 2.163841433808818 0
2.110757564133245 1.611199440019342 0
2.159844949345528 1.611199440019368 0
1.27627201552377 2.886527117994407 0
1.98803910110156 2.078819588610825 0
1.816233252859717 1.526177594820814 0
1.791689560253545 1.568688517420008 0
1.816233252859679 1.611199440019225 0
1.767145867647376 1.611199440019206 0
1.74260217504124 1.568688517419991 0
1.71805848243507 1.611199440019188 0
1.693514789828934 1.568688517419972 0
1.668971097222734 1.611199440019142 0
1.644427404616623 1.568688517419943 0
1.619883712010395 1.61119944001913 0
1.59534001940431 1.568688517419925 0
1.570796326798084 1.611199440019109 0
1.546252634192004 1.568688517419902 0
1.521708941585796 1.611199440019063 0
1.497165248979702 1.568688517419863 0
2.699806186681923 1.101068368828577 0
1.718058482435306 0.675959142836603 0
0.4663301595201922 2.503928814600875 0
0.4417864669140224 2.546439737200117 0
0.8835729338247011 2.631461582398841 0
0.4663301595211965 1.058557446228837 0
0.4417864669146945 1.611199440018801 0
2.184388641952381 0.6334482202375771 0
1.521708941585876 1.526177594820687 0
1.472621556373566 1.526177594820631 0
1.889864330678224 1.398644827023234 0
2.871612034924858 0.8885137558328259 0
0.4417864669151174 0.846002833232538 0
2.03712648631511 1.483666672221686 0
1.546252634191189 2.9290380405936 0
0.7608544707939531 2.588950659799493 0
0.7853981634001 2.546439737200319 0
1.178097245099637 1.526177594820356 0
1.153553552493472 1.568688517419549 0
2.208932334557707 1.781243130416141 0
2.258019719769981 1.78124313041617 0
2.307107104983206 0.6759591428368781 0
1.32535940073567 2.206352356407978 0
1.349903093341796 2.248863279007186 0
2.110757564132036 2.291374201606765 0
1.668971097222785 1.526177594820748 0
1.693514789829096 0.9735356010310141 0
2.724349879287169 1.568688517419934 0
2.601631416255985 2.036308666011384 0
2.626175108862253 1.993797743411984 0
2.380738182801482 1.228601136626405 0
2.110757564133871 0.6759591428367726 0
2.061670178921548 0.6759591428367195 0
2.037126486315219 1.228601136626489 0
0.3681553890968121 0.6334482202365896 0
0.834485548613273 1.52617759482053 0
1.8162332528584 2.716483427598176 0
0.5645049299459048 1.058557446228875 0
0.589048622552099 1.016046523629621 0
0.5399612373397076 1.101068368828118 0
2.061966680824215 0.1659992570989463 0
2.03716178415961 0.1245921767052615 0
0.2699806186717573 0.9735356010302413 0
1.595340019404525 0.4634045298406229 0
1.644427404616763 0.4634045298405378 0
0.5154175447327558 1.993797743411175 0
0.7363107781888386 1.27111205922526 0
0.5399612373399387 0.6759591428357983 0
1.767145867646174 2.97154896319292 0
1.742602175040008 3.014059885792026 0
2.896155727530007 2.206352356408191 0
2.847068342317752 2.036308666011231 0
2.699806186681894 1.271112059225252 0
2.675262494075695 1.313622981824454 0
2.380738182798926 2.75899435019763 0
0.6381360077632976 2.291374201605369 0
1.079922474675471 0.8460028332331264 0
0.7853981633999704 2.801505272795724 0
0.8099418560061435 2.844016195394997 0
2.356194490195672 0.4208936072414441 0
1.938951715890361 1.653710362618458 0
1.202640937706219 0.8034919106339978 0
0.8344855486133249 1.441155749622145 0
0.1963495408531837 0.9310246784309713 0
0.1459086567250183 0.9308130873416222 0
2.994498120017586 2.631700052112889 0
1.448077863767594 0.6334482202373497 0
0.4908738521268137 1.696221285217159 0
0.368155389096863 0.5484263750380884 0
2.970152164382246 2.504098378320738 0
2.626175108863636 0.2933608394439661 0
2.577087723651312 0.2933608394439287 0
0.6135923151583678 0.8034919106334417 0
0.8835729338257348 1.271112059225348 0
0.196349540853259 0.7609809880338485 0
0.1718058482470791 0.7184700654345486 0
0.122718463034671 0.7184700654344814 0
0.147262155640899 0.6759591428352394 0
2.969786805348515 2.248863279007443 0
2.258019719770823 0.8460028332337536 0
2.208932334558515 0.846002833233727 0
0.171805848247225 1.398644827022764 0
0.220893233459528 1.398644827022791 0
2.061670178921029 1.611199440019298 0
0.9081166264324332 0.8034919106338743 0
1.472621556373458 3.056570808391411 0
2.503456645831388 2.121330511209544 0
2.454369260619054 2.121330511209488 0
1.129009859886479 2.206352356407846 0
1.104466167280361 2.163841433808622 0
1.129009859886542 2.121330511209436 0
1.153553552492681 2.248863279007055 0
1.079922474674263 2.121330511209365 0
1.104466167280429 2.078819588610211 0
1.055378782068132 2.078819588610151 0
1.079922474674309 2.036308666010991 0
1.030835089462018 2.036308666010949 0
1.055378782068187 1.993797743411776 0
1.006291396855897 1.993797743411716 0
1.030835089462058 1.951286820812556 0
0.9817477042497638 1.951286820812484 0
1.006291396855933 1.90877589821334 0
0.9572040116436418 1.908775898213272 0
0.9817477042498122 1.866264975614131 0
0.9326603190375258 1.866264975614083 0
0.9572040116437022 1.823754053014926 0
0.9081166264314109 1.823754053014905 0
0.9326603190375966 1.781243130415735 0
1.006291396855989 1.823754053014962 0
0.8835729338252444 1.866264975614021 0
1.006291396855873 2.078819588610084 0
1.767145867646136 2.886527117994704 0
1.742602175040054 2.844016195395528 0
1.816233252859778 0.6759591428365741 0
1.865320638072146 0.6759591428365439 0
1.88986433067838 0.6334482202373581 0
1.644427404616759 0.5484263750389757 0
1.619883712010637 0.5909372976381847 0
2.577087723649809 2.078819588610547 0
1.963495408497016 0.6759591428365149 0
2.675262494075592 0.803491910634679 0
2.086213871527654 0.80349191063445 0
2.110757564133857 0.8460028332336764 0
1.668971097221651 2.716483427598153 0
1.570796326797105 2.631461582399814 0
1.54625263419096 2.58895065980064 0
1.570796326797113 2.54643973720147 0
1.521708941584845 2.546439737201444 0
1.595340019403345 2.673972504998933 0
0.4663301595223979 0.2933608394434294 0
1.398990478554439 2.503928814601784 0
2.969786805347333 3.014059885793518 0
3.017450344636715 3.013237827966992 0
3.017490370811878 0.7192690141412467 0
3.018874190560612 2.503928814603037 0
0.0991370136704441 0.8454472818375397 0
0.1241869279059634 2.334732942793658 0
0.1475068997857079 2.376537349902037 0
0.1242118923124984 1.397782595227406 0
3.017380761283269 1.397782595226911 0
2.994081593075578 1.441012044322494 0
3.018874190560906 2.248863279007455 0
3.043417883167092 2.29137420160675 0
3.017130889058426 2.08310738810008 0
3.042980859185016 2.036673156127098 0
3.042326079641038 1.016676876690322 0
1.324716979945651 0.08230829404088125 0
1.49716524898009 0.1233171490471014 0
1.546210472874097 0.1245961393313729 0
0.7847475064469096 0.0823032877016581 0
0.4172427743102352 0.1233171490466838 0
0.368155389097971 0.1233171490466509 0
0.4663301595224941 0.1233171490467201 0
2.748251151104011 0.08230829404028524 0
2.577087723651339 0.1233171490468299 0
2.528000338438936 0.1233171490467868 0
2.233476027165248 0.1233171490465592 0
2.282563412377661 0.1233171490465842 0
2.380738182801986 0.1233171490465139 0
2.429825568014398 0.1233171490465357 0
0.1029345693902003 2.295034232736145 0
0.1235117628614274 2.249709023082989 0
3.042928539014627 1.441008812149437 0
0.1001060238572485 2.377397250445956 0
3.049713623363395 0.6798715577096882 0
0.07590133733624821 2.25559089430988 0
3.0420782504261 2.630819411033651 0
3.043146130775672 2.716741626397113 0
3.06513669973353 2.76125755630992 0
0.09146401452539878 1.272783909498328 0
0.09734000520005172 1.78504740058485 0
0.07625133204891316 1.827806797423714 0
0.1019667021170974 1.866700159002189 0
0.1028152128112566 2.209348748658726 0
3.039676001840777 2.801090480102296 0
0.09134569753872594 2.459093618302262 0
3.050178402836146 1.524941605385328 0
3.050411281249902 0.9314767555454559 0
3.050392447736979 0.5902328215289098 0
3.043104142390315 1.610663530196066 0
3.018821900431936 1.653621044313898 0
3.067948070283118 1.651165589763633 0
3.042880418498749 1.694398178697675 0
0.09119933333066889 2.8002641436336 0
0.1014834910231706 1.525124373895814 0
0.0770071034292983 1.485348353959109 0
3.040129471417698 1.272078570179653 0
3.064537312158537 1.312144283897751 0
0.09817477042849028 0.6759591428351597 0
0.123670096532991 0.6339976460922795 0
0.1041081269859948 2.71210958566976 0
0.100654604694134 2.631200036174188 0
3.043964630022395 2.376617724683665 0
0.09890819508953813 0.1656024506333935 0
0.1241146848414469 0.2148551585613409 0
0.07389017473830006 0.1230889249853278 0
0.09817477042929112 0.08080622644611843 0
0.09627232169765398 2.036797687510948 0
0.07363107782238212 1.993797743412055 0
0.07300275683824017 2.081390569702894 0
0.09914900527379414 1.951868430321564 0
3.067247009628508 1.058451479590254 0
0.07450098523671236 0.8042014684557672 0
0.07381270089384258 0.7167929004649349 0
3.093986199177587 1.012504278493762 0
3.066579685988772 2.928012692709963 0
0.04715079618561511 1.946817554769137 0
0.04760223181404286 0.8506614070489878 0
3.094216738859103 2.881092960168306 0
3.067049420902195 1.144755679115617 0
3.088246842013638 1.183530240392188 0
3.067958978043125 2.421749798921015 0
3.069377604068845 2.332549512259384 0
0.1221936475376677 2.08004851445039 0
0.09963075375579022 2.122886780293294 0
0.04695394837404248 2.128202356899751 0
0.1252976081854986 2.165235942902931 0
2.626175108860052 2.929038040594174 0
2.15984494934417 3.056570808391294 0
2.454369260617558 2.631461582400211 0
2.478912953223802 2.673972504999321 0
2.454369260617359 2.716483427598541 0
2.503456645830123 2.71648342759843 0
1.61988371201035 3.056570808391351 0
2.012582793707093 3.056570808391272 0
2.307107104981061 3.056570808391405 0
2.258019719768538 3.056570808391324 0
2.601631416254141 2.886527117995134 0
0.3926990817013987 2.291374201605806 0
0.3681553890952559 2.248863279006566 0
0.3926990817013734 2.206352356407252 0
2.601631416253692 3.056570808391572 0
2.773437264499683 1.39864482702311 0
2.748893571893555 1.35613390442401 0
2.258019719768912 2.291374201606755 0
2.282563412374914 2.333885124206015 0
0.3436116964913968 0.1658280716454035 0
0.1963822099168378 2.716464566103623 0
2.159844949344844 2.121330511209834 0
2.110757564132613 2.036308666011472 0
2.356194490193405 2.461417892003444 0
2.380738182799299 2.503928814602777 0
2.331650797587351 2.418906969404232 0
0.1963495408512571 3.056570808390944 0
0.4172427743099534 0.2933608394431858 0
2.601631416257317 1.271112059225285 0
2.773437264499842 1.568688517419671 0
2.184388641950686 2.16384143380919 0
0.3681553890954764 2.503928814601069 0
2.797980957106296 1.526177594820082 0
2.797980957106401 1.611199440018748 0
2.797980957105874 1.441155749622209 0
1.865320638071105 1.866264975614801 0
2.552544031045084 1.101068368828594 0
0.1963299021239283 1.951298159238156 0
0.2454295327501561 1.95129108934499 0
1.718058482434182 1.866264975614688 0
1.668971097222003 1.866264975614654 0
0.2699857833836615 2.844013213545927 0
0.4417864669139235 2.291374201605483 0
2.773432663076831 1.823750955653875 0
2.797976942841878 1.781240431547311 0
2.896130720535006 1.951272338001796 0
1.546252634191594 1.993797743411764 0
1.44807786376701 1.9937977434117 0
0.2699793864523708 1.908776609635183 0
0.3190688265268968 2.078819113656582 0
0.3681557967189418 2.07881935326842 0
0.3436116964895319 2.46141789200175 0
0.5645049299450744 1.99379774341129 0
0.5890486225513156 1.951286820812216 0
1.325359400736205 1.951286820812512 0
1.349903093342245 1.993797743411767 0
1.25172832291783 1.8237540530149 0
1.276272015524106 1.781243130415637 0
1.227184630311793 1.781243130415636 0
1.251728322917999 1.738732207816416 0
0.4908738521253513 3.056570808391083 0
2.8225246497108 2.844016195396769 0
2.847068342316811 2.886527117995874 0
1.202640937705668 1.738732207816431 0
1.227184630311869 1.69622128521721 0
1.178097245099464 1.69622128521727 0
1.20264093770573 1.653710362618008 0
1.251728322918037 1.65371036261802 0
1.1535535524933 1.653710362618074 0
2.356194490195134 1.356133904424139 0
0.3926990817014761 2.54643973720037 0
0.4172427743080479 2.588950659799403 0
0.466330159520373 2.588950659799103 0
0.4417864669144359 2.631461582398418 0
0.4908738521267334 2.63146158239814 0
0.4663301595207399 2.673972504997513 0
0.5154175447330955 2.673972504997206 0
0.5399612373389032 2.631461582398019 0
0.4172427743084978 2.673972504997769 0
0.4908738521270787 2.716483427596602 0
0.3926990817017719 2.631461582398657 0
0.392699081701901 2.716483427597032 0
2.724349879288021 0.8034919106345719 0
0.9572040116453506 0.2083389942454801 0
0.9817364939170231 0.250860915874607 0
1.104466167281068 1.568688517419612 0
1.521708941585594 3.056570808391418 0
2.037126486313256 3.014059885792178 0
2.454369260618943 2.20635235640792 0
2.724349879287965 0.7184700654362177 0
2.699806186681829 0.6759591428370282 0
0.5890486225513137 2.121330511209008 0
1.030835089462576 1.44115574962207 0
0.515417544733068 1.653710362617988 0
1.202640937705656 1.228601136626281 0
0.2945243112759421 2.80150527279564 0
2.478912953225103 2.248863279007126 0
0.6135923151573668 1.738732207816317 0
0.638136007763679 1.781243130415472 0
0.5890486225501897 3.056570808391138 0
1.227184630311932 1.101068368828617 0
1.202640937705843 1.058557446229365 0
1.251728322918057 1.143579291427841 0
0.7117670855821006 1.993797743411641 0
0.6872233929760011 1.951286820812402 0
0.6381360077636989 1.951286820812355 0
0.6626797003699094 1.908775898213157 0
0.6626797003693523 2.333885124204353 0
0.6381360077632021 2.37639604680365 0
0.7608544707955179 0.5484263750384236 0
2.601631416256194 1.95128682081268 0
1.12900985988674 2.546439737200642 0
0.04149354029248938 2.871612034922358 0
2.454369260619562 1.441155749622687 0
2.429825568013377 1.483666672221891 0
2.478912953225657 1.483666672221898 0
2.454369260619481 1.526177594821089 0
2.503456645831822 1.526177594821008 0
2.478912953225598 1.568688517420263 0
2.528000338437896 1.568688517420257 0
2.503456645831802 1.611199440019379 0
2.331650797589207 1.228601136626378 0
2.52800033843803 1.483666672221734 0
2.307107104981369 2.291374201606634 0
2.233476027163137 2.248863279007327 0
2.405281875407483 1.35613390442405 0
2.331650797589052 1.313622981824921 0
2.528000338437359 2.333885124205541 0
2.552544031043454 2.376396046804806 0
2.60163141625616 1.781243130416104 0
2.822518418634782 1.908771677817071 0
2.773434871924094 1.908774280094354 0
0.04955564295141558 2.379137064668662 0
2.233476027163939 1.653710362618615 0
2.38073818280041 3.099081730990807 0
2.356194490194248 3.056570808391589 0
2.552544031043817 1.86626497561439 0
1.448042028982719 0.1237271502345954 0
2.552544031043913 1.951286820812624 0
3.018472998494986 3.09931335933711 0
0.04227929425304059 3.018472998495275 0
0.08228239511634557 2.994263632609087 0
0.08169127236144709 2.946258451523857 0
0.08314782247341077 3.043710194123682 0
0.1271826613685614 3.01637473919684 0
0.1229935132713539 3.068072154094955 0
1.423534171161509 0.1658280716464643 0
0.1719644538302728 0.6335397912121771 0
0.1474471954879209 0.5910441304421218 0
0.0914045439026852 0.5905730921179125 0
0.1227184630347737 0.5484263750372732 0
0.1718366882217663 0.5484441805050477 0
0.1472672956367712 0.5059184200159519 0
0.09172757155300423 0.501104570462965 0
0.1227184630348363 0.463404529838681 0
0.1718067049132797 0.4634050244351489 0
0.1472622984187439 0.4208936896721475 0
0.09853639574848773 0.4194435576752747 0
0.1227787577178192 0.3786646843960726 0
0.1718159211574818 0.3784296983383684 0
0.1469942879298748 0.3388607420322725 0
0.07377258993483543 0.3758956253971345 0
0.1963065750535659 0.336377760989552 0
2.061670178919531 2.971548963193062 0
2.110757564133758 1.101068368828885 0
0.2208932334595695 0.7184700654347624 0
2.626175108862128 2.078819588610541 0
2.847068028111755 0.5059179624018318 0
2.871612004866953 0.5484266024920623 0
1.374446785948999 1.356133904423767 0
1.349903093342825 1.39864482702295 0
0.6872233929750171 3.056570808391236 0
1.448077863767332 1.56868851741977 0
2.797980904738827 0.505915870767085 0
0.4663301595194171 2.929038040593304 0
0.7363107781882678 2.036308666010773 0
0.04251092259914484 2.57708772364919 0
0.08886762826381564 2.550133005135081 0
1.349903093342775 3.099081730990505 0
0.04844723099921501 1.351951507111969 0
3.099261442577941 1.792000829847165 0
3.057858741434655 1.769376633108762 0
3.057582543235163 1.815328221722314 0
3.0166265602136 1.792686861757232 0
3.048490744639254 1.866504902373301 0
3.016676255937343 1.74192946406247 0
3.097735053698469 1.890061708056538 0
3.057413384974199 1.917301251537525 0
3.060955794393651 1.963257582348427 0
1.791724858092603 0.0419049473644789 0
1.423534171161301 1.271112059225336 0
1.448077863767479 1.228601136626147 0
2.945237496686991 0.7609777456037656 0
1.153553552493467 1.058557446229427 0
2.307107104983164 0.846002833233743 0
0.03971946468278144 2.678895058372863 0
0.1247734618800003 2.672828425369498 0
0.1227184630343193 2.418906969403044 0
2.675262494073475 3.099081730990669 0
2.650718801466796 3.056570808391457 0
2.675262494072525 3.014059885792081 0
2.699806186679267 3.056570808391443 0
1.644476821593392 0.0424823916903244 0
1.620237867054082 0.08481737368454303 0
1.669038359221539 0.08463159780728652 0
1.644689360380642 0.1265804444358191 0
1.595435677650258 0.1257966258859564 0
1.693534236320329 0.04238255727357126 0
1.718369435749122 0.08364259582317608 0
2.699806186681275 1.356133904424022 0
0.2699925933030134 2.929031127035565 0
0.5399612373392644 2.716483427596446 0
3.099539683159576 2.526523239115257 0
3.051206226537858 2.548769374010083 0
3.017384408628589 1.22821852335331 0
2.969538508360391 1.228537367747246 0
2.528000338433992 0.04251092259937694 0
0.04251092259937653 0.6135923151558014 0
2.994146361277985 0.5058117095074711 0
3.043724439277265 0.5056054811352966 0
1.325359400736692 1.356133904423734 0
1.89021024955877 0.04225265597640776 0
1.914762178328964 0.08480761530798493 0
1.963257932429979 0.08481495476371656 0
1.938951715884361 0.1275327677979543 0
1.988015032263766 0.1264052785535719 0
1.889904114451314 0.1264082603576842 0
0.2945271678339999 2.886525468759558 0
0.3436121725816333 2.886526843121555 0
1.251728322917847 3.099081730990556 0
0.04251092259934235 1.251728322917897 0
2.92069942013369 0.04215950894587192 0
2.945243112740651 0.08390925947784346 0
2.99462699985542 0.08466522879181895 0
0.04251092259936625 0.2208932334561262 0
3.095070968959743 1.692964961912259 0
1.595340019403885 1.993797743411791 0
2.920595449524852 1.993737663433687 0
2.968940537907793 1.993287187024917 0
3.093350067651916 2.627912637025785 0
0.8835729338252952 1.781243130415706 0
3.018607197337509 0.04226880701450637 0
3.043106391073541 0.08473937701636289 0
3.019157671606107 0.1276129253110396 0
3.067478992466678 0.1269150745211651 0
3.044861019713192 0.1708955155520245 0
3.069567930946618 0.2171947128438591 0
3.02074576507602 0.2145410719922126 0
3.04531929488878 0.2579657313451891 0
2.996602257718197 0.2561427489197586 0
3.020345250073017 0.2980087676173419 0
2.971857492562433 0.297773183600078 0
2.995985385604988 0.1702535296197666 0
2.92286863755361 0.2948871924410436 0
3.096314619912644 0.07985491081266927 0
1.767145867647619 0.7609809880349658 0
3.09665095575001 3.023881795614607 0
1.006291396850508 0.04251092259912359 0
2.626175108858925 0.04251092259935848 0
0.04335568610101995 0.5189574291487808 0
2.871586822175015 0.04186220492796926 0
0.9326486130096924 0.1658378969105475 0
0.9081166264327267 0.1233171490470041 0
0.932658450649909 0.2508517500161905 0
2.748893571891696 3.056570808391501 0
2.380738182799368 3.01405988579234 0
2.258019719770493 1.356133904424176 0
2.208932334558197 1.35613390442417 0
0.1721468118018701 2.673805041354865 0
0.8835726224284449 0.2508502223730838 0
2.012582793708933 1.526177594820871 0
2.233476027162345 3.014059885792175 0
0.908116626432057 1.058557446229236 0
0.8590292412197336 1.058557446229208 0
0.9572040116443722 1.058557446229275 0
2.724349879286693 2.333885124205786 0
0.0433489550459864 0.2712833975252725 0
0.08502184519865838 0.2945243112748487 0
0.0850218451987058 0.2454369260624218 0
0.1250837393034381 0.2677171990887094 0
0.2696841167695355 0.1235469034414702 0
0.2447945052753396 0.08230829403945253 0
0.3187220849973758 0.1238779284611285 0
0.4908738521273258 1.526177594820354 0
0.4663301595210468 1.568688517419569 0
0.7117649416424008 0.1235165553645953 0
0.589048622552392 0.4208936072405345 0
0.6135923151587466 0.3783826846413917 0
0.6626797003710353 0.3783826846414943 0
0.2945251904194303 1.271112396023263 0
2.528000338435338 3.014059885792391 0
2.503456645829919 3.056570808391732 0
0.5154175447334804 1.483666672221179 0
2.920699420135308 2.929038040595263 0
2.896155727528864 2.97154896319403 0
0.5645049299442553 2.92903804059336 0
1.840776945465204 1.823754053015502 0
1.914408023283652 1.866264975614846 0
2.920699420137002 1.143579291427741 0
2.699806186679623 2.97154896319321 0
0.957201831857841 0.2933629781439813 0
1.05537878206274 0.04215950894582927 0
1.079329470866004 0.08355807000702153 0
2.037126486313777 2.163841433809202 0
1.987703019850984 0.04230525540701267 0
1.693514789828296 1.82375405301539 0
2.061670178919855 2.206352356408403 0
0.1718466389373693 2.418930519919378 0
0.7363107781878124 2.546439737200254 0
0.7608544707939933 2.503928814601186 0
0.7117670855816283 2.503928814601167 0
1.129009859887153 1.611199440018875 0
2.233476027162275 2.844016195395813 0
2.871612034924769 1.143579291427734 0
2.994088406972971 0.7611075329764443 0
3.041757757249176 0.7619311135736849 0
3.066670920311227 0.8058834294764925 0
3.09250526837997 0.7609809880353974 0
3.043065185984928 0.8463283379301934 0
2.920698484127803 0.7184695250309103 0
1.693918361862643 0.208630528245792 0
1.66903835922852 0.2508985058444463 0
1.693526000163315 0.2933689376101809 0
2.871612034923198 2.758994350198377 0
2.822524649710884 2.758994350198266 0
2.797980957104767 2.716483427599105 0
2.773437264498474 2.758994350198146 0
2.748893571892473 2.716483427599071 0
2.773437264498651 2.673972504999766 0
3.099237464525892 2.135570995130012 0
3.058198732606086 2.112172942060838 0
3.057765603281243 2.158571254248811 0
3.018202648362255 2.133935911753167 0
3.099435478859983 2.184075368001864 0
3.050129574137341 2.208327078692204 0
2.822534514804371 0.3783983740712043 0
2.012582793707208 2.971548963193048 0
2.135301256734175 0.0425109225993246 0
2.184388641946677 0.04251092259940865 0
0.957204011643161 3.099081730990476 0
1.006291396855636 3.099081730990468 0
1.030835089461879 3.056570808391226 0
0.04251092259932638 1.006291396855619 0
0.08208920472727875 1.03110659852065 0
0.08199175278474996 0.9840306894666768 0
0.08148847618606352 1.080239235242894 0
0.04251092259932667 0.9572040116429921 0
0.09185078698608193 0.931797983286683 0
1.178097245099557 1.611199440018814 0
0.9081166264308209 2.588950659799834 0
3.099081730990572 1.546252634184863 0
1.546598553071637 0.04195990467385237 0
2.503456645831206 2.291374201606337 0
0.0404878783493727 1.595230061580165 0
0.09193703486539566 1.615820189332641 0
0.08261087875924539 1.669784200357367 0
2.601631416255758 2.461417892003322 0
2.577087723649584 2.418906969404066 0
2.822524304521585 0.4634073220474384 0
2.036773970866953 0.04195415771847477 0
2.748893571892612 2.54643973720194 0
2.724349879286406 2.588950659801121 0
2.675262494074103 2.588950659801069 0
2.699806186680177 2.63146158240027 0
2.748893571892508 2.631461582400356 0
2.601631416257373 0.5059154524400858 0
2.577087723651181 0.5484263750393011 0
2.626175108863515 0.5484263750393229 0
2.601631416257317 0.5909372976385368 0
2.552544031044997 0.590937297638512 0
2.650718801469647 0.5909372976385505 0
2.626175108863441 0.6334482202377691 0
2.675262494075725 0.633448220237804 0
2.724349879288094 0.6334482202377735 0
0.9081166264325856 0.5484263750387017 0
1.15355355249398 0.7184700654355949 0
1.202640937706253 0.718470065435602 0
2.47891295322412 2.588950659800883 0
2.429825568011534 2.588950659801003 0
0.613592315156964 2.758994350196258 0
0.04178626340855738 2.920868643265161 0
0.09148044272811409 2.891887014799063 0
3.018874190561735 0.633448220237864 0
0.4908738521285947 0.1658280716459078 0
0.5154175447347403 0.1233171490467544 0
0.5645049299469874 0.1233171490468016 0
2.650718801469696 0.5059154524401258 0
0.1963563393010265 2.461421817088195 0
2.773437264498845 2.503928814602763 0
0.7363107781887033 1.526177594820468 0
1.178097245099038 2.631461582398995 0
2.94520172991163 1.186079585880417 0
2.086213871527716 1.058557446229598 0
0.4663301595210689 1.313622981824351 0
0.4908738521272218 1.356133904423584 0
0.5154175447342006 0.3783826846412932 0
0.5645049299465313 0.3783826846413575 0
2.429825568011801 2.503928814602612 0
2.675262494075009 1.398644827023238 0
2.650718801468984 1.356133904424008 0
2.626175108863329 1.313622981824531 0
2.822524649711076 2.588950659801312 0
2.797980957104852 2.631461582400502 0
2.822524649710981 2.673972504999823 0
0.1719380648844373 2.249239975240649 0
2.184388641950184 3.014059885792159 0
2.454369260619444 1.611199440019432 0
1.742604043430431 0.293362189137909 0
1.668972965611923 0.3358731117372625 0
1.693515101227197 0.3783829095910451 0
1.668971149122588 0.4208936447327903 0
0.2208981377169405 1.313624860639558 0
2.528000338436621 2.673972504999144 0
2.528000338436224 2.758994350197614 0
2.577087723648927 2.758994350197557 0
2.552544031042632 2.801505272796771 0
0.7363021847023257 0.1659246301261729 0
0.613592315157397 2.16384143380817 0
0.5890486225510491 2.206352356407126 0
1.227184630311489 2.886527117994428 0
1.202640937705216 2.844016195395144 0
1.153553552492895 2.844016195395151 0
0.2209012718742931 2.758989709214427 0
2.920651140166924 1.228588737121827 0
0.3436116964908317 0.3358717620418695 0
0.3681553890969643 0.3783826846411365 0
2.135301256737867 2.758994350197505 0
2.110757564131732 2.801505272796625 0
2.086213871525629 2.75899435019748 0
2.11075756413176 2.716483427598346 0
2.847068337309234 0.5909373355473666 0
2.650718801466856 2.886527117995012 0
0.8590292412184922 2.844016195395041 0
3.01887419056153 0.9735356010311876 0
0.04192202776389527 1.104518960708599 0
0.08152240907426803 1.127801406401457 0
2.233476027163811 1.823754053015385 0
2.282563412376086 1.823754053015419 0
2.307107104982276 1.781243130416204 0
2.331650797588357 1.823754053015401 0
2.307107104982191 1.866264975614561 0
2.3561944901946 1.866264975614593 0
2.331650797588542 1.90877589821389 0
2.356194490194824 1.951286820812979 0
2.307107104982608 1.951286820813215 0
2.331650797588466 1.993797743412182 0
0.2454369260655886 1.611199440018753 0
0.3681553890935005 3.099081730990466 0
2.159844949346208 0.8460028332336993 0
0.8344855486123695 2.546439737200494 0
1.079922474674353 1.951286820812588 0
2.503456645832693 0.5059154524400276 0
0.1227184630330235 2.844016195394746 0
2.061670178919492 2.88652711799484 0
2.086213871525614 2.844016195395732 0
2.847023223780046 1.781215353168522 0
2.822510032990914 1.738723517743503 0
2.773434159335376 1.738730309659568 0
2.79797800345844 1.696219520512115 0
2.847053139314212 1.69621245600488 0
0.1478941442558382 1.866337506178481 0
0.1246089615918662 1.90952949425313 0
1.497163876286024 0.2933616319690867 0
1.448076262291403 0.2933617640566286 0
1.423532531554859 0.2508508634720796 0
1.42353390424884 0.3358719161451659 0
0.04165870472887936 1.153360942483412 0
0.09147362187080348 1.181658935019875 0
0.2945243112778473 1.696221285217107 0
2.503456645832858 0.2508499168445147 0
0.6135923151582283 1.058557446228917 0
0.8099418560076808 0.8034919106336749 0
0.8344855486138451 0.7609809880344302 0
0.8099418560077331 0.7184700654352284 0
2.429825568011037 2.929038040594082 0
1.988039101103165 0.8885137558326198 0
1.938951715890834 0.8885137558325804 0
2.208932334556373 2.54643973720181 0
2.159844949344134 2.546439737201776 0
0.7363107781880334 2.376396046804273 0
0.7117670855817423 2.418906969403277 0
0.6872233929755361 2.376396046803877 0
2.061670178919489 2.801505272796602 0
1.104466167280394 2.673972504998163 0
1.079922474674377 2.631461582399065 0
1.12900985988674 2.631461582399 0
2.675262494076002 0.293360839443986 0
0.5399612373395755 1.356133904423579 0
2.552544031043919 1.69622128521789 0
2.601631416256239 1.69622128521774 0
2.528000338438033 1.653710362618554 0
0.760854470795381 0.7184700654351868 0
0.736310778189228 0.6759591428359444 0
0.7608544707954504 0.6334482202368157 0
2.012582793707241 2.801505272796563 0
2.7734372644979 3.099081730990701 0
1.865320638070618 2.631461582399923 0
2.429825568009019 0.04251092259932543 0
2.159844949345903 1.35613390442415 0
1.914408023282855 2.631461582399948 0
1.889864330676732 2.673972504999083 0
2.258019719770573 1.186090214027373 0
2.233476027164435 1.143579291428184 0
2.282563412376725 1.143579291428204 0
2.2580197197706 1.101068368829005 0
2.307107104983009 1.101068368828998 0
2.208932334558309 1.101068368828977 0
2.331650797589121 1.143579291428166 0
0.1963971299919688 2.376423522406342 0
1.742602175041331 0.4634045298404217 0
2.282563412376255 1.908775898213857 0
2.258019719769933 1.866264975614587 0
2.724349879288029 1.143579291427756 0
1.300815708129762 2.673972504998303 0
1.006291396857233 0.3783826846420343 0
1.055378782069495 0.378382684642051 0
1.079922474675612 0.4208936072412327 0
1.104466167281756 0.3783826846420701 0
1.12900985988787 0.4208936072412457 0
1.153553552494012 0.3783826846420862 0
1.129009859887915 0.3358717620429231 0
1.178097245100168 0.3358717620429397 0
1.178097245100138 0.4208936072412708 0
1.153553552493994 0.46340452984043 0
1.153553552494113 0.2933608394437839 0
1.030835089463408 0.3358717620428869 0
1.448077863767125 1.823754053014918 0
1.17809724510006 0.8460028332331795 0
0.8099418560081972 0.293360839443598 0
2.601631416256794 1.356133904423929 0
2.724349879286839 2.163841433808834 0
2.699806186680701 2.121330511209615 0
1.030835089462034 2.206352356407638 0
1.938951715888962 2.673972504999107 0
2.896155727529194 2.886527117995972 0
1.251431821015804 0.1238983170970433 0
1.202245601835851 0.123742095887071 0
1.177092433093679 0.08261916123518334 0
0.7608544707944405 1.993797743411519 0
0.7608544707945384 2.078819588609925 0
1.25172832291867 0.2933608394438623 0
0.3681553890962805 1.568688517419598 0
2.748893571892898 2.291374201606559 0
2.01258279370937 0.3358717620428837 0
2.037126486315529 0.3783826846421562 0
2.086213871527901 0.3783826846421741 0
2.061670178921655 0.4208936072414058 0
1.988039101103128 0.3783826846421141 0
1.938951715890747 0.3783826846420726 0
1.546252634191696 1.823754053015004 0
1.448077819282244 0.3783827103258962 0
1.423534163747302 0.4208936115220044 0
2.5034566458324 0.8460028332337848 0
2.528000338438525 0.888513755832987 0
2.503456645832453 0.9310246784321677 0
2.552544031044842 0.9310246784321081 0
2.454369260620088 0.9310246784321526 0
2.478912953226342 0.9735356010313116 0
2.429825568013918 0.9735356010313325 0
2.184388641952321 1.058557446229658 0
1.079922474675665 0.3358717620429079 0
1.055378782069623 0.2933608394437468 0
2.380738182799949 2.41890696940403 0
0.7363107781877626 2.631461582398705 0
0.9326603190371801 2.886527117994306 0
0.9081166264309514 2.844016195395031 0
0.9817477042495861 2.886527117994332 0
1.00629139685573 2.844016195395067 0
1.0553787820681 2.844016195395089 0
1.079922474674357 2.886527117994387 0
1.914408023284607 0.335871762042811 0
0.1963513862459912 0.4209015390276563 0
0.5890486225518696 1.441155749622007 0
2.847068342318715 0.9310246784319657 0
0.2208323402861573 2.588978920419109 0
0.04748337633861598 0.4182762308538414 0
2.650718801468835 1.441155749622404 0
2.945193683249929 1.271099364494698 0
0.5890486225531071 0.1658280716459946 0
0.858683322332636 0.1238681669715668 0
2.405281875407209 1.526177594821064 0
2.945218778957346 1.526187353196816 0
0.3436116964906665 0.5909372976373455 0
0.4663301595205949 1.823754053014582 0
1.27627201552471 0.5059154524396974 0
2.233476027162434 2.588950659801 0
1.865320638070998 3.056570808391316 0
1.374446785947956 2.206352356408016 0
1.398990478554101 2.248863279007227 0
1.374446785948013 2.291374201606372 0
1.423534171160243 2.206352356408053 0
1.448077863766422 2.248863279007261 0
1.472621556372532 2.20635235640809 0
1.497165248978714 2.248863279007296 0
1.521708941584821 2.206352356408129 0
1.546252634190999 2.248863279007333 0
1.5707963267971 2.20635235640817 0
1.595340019403273 2.248863279007365 0
1.619883712009378 2.206352356408201 0
1.64442740461554 2.248863279007387 0
1.668971097221659 2.206352356408229 0
1.693514789827785 2.248863279007421 0
1.718058482433926 2.20635235640826 0
1.742602175040044 2.248863279007455 0
1.718058482433945 2.291374201606599 0
1.767145867646178 2.291374201606638 0
1.791689560252314 2.248863279007479 0
1.816233252858434 2.291374201606667 0
1.791689560252297 2.333885124205825 0
1.84077694546455 2.333885124205853 0
1.816233252858404 2.376396046805015 0
1.840776945464592 2.248863279007493 0
1.865320638070668 2.37639604680503 0
1.840776945464546 2.418906969404185 0
1.889864330676824 2.333885124205861 0
1.816233252858468 2.206352356408309 0
1.889864330676811 2.418906969404184 0
1.693514789827819 2.163841433809045 0
1.865320638070746 2.206352356408323 0
1.767145867647468 0.5059154524396573 0
1.71805848243518 0.5059154524396658 0
1.07992247467429 2.291374201606128 0
1.006291396855719 2.673972504998254 0
2.331650797589405 0.6334482202376455 0
0.7608544707951248 1.143579291427575 0
0.809941856005705 3.099081730990492 0
0.7853981633996177 3.056570808391185 0
0.8590292412181633 3.099081730990497 0
0.8835729338245786 3.056570808391244 0
2.896155727530896 1.101068368828579 0
1.398990478555115 1.31362298182453 0
0.4663301595210267 1.398644827022807 0
1.374446784713561 0.4208936079548189 0
0.7117670855825796 1.483666672221262 0
1.300815708130741 0.8034919106340259 0
2.307107104982811 1.356133904424176 0
0.4172427743089074 0.88851375583178 0
1.153553552492976 3.099081730990495 0
1.178097245099209 3.056570808391312 0
1.104466167280505 3.099081730990497 0
1.963495408496624 1.526177594820869 0
0.5154175447333893 1.398644827022792 0
2.773437264499029 2.333885124205827 0
2.061670178919524 2.716483427598318 0
2.331650797584129 0.04251092259932178 0
2.282563412371689 0.0425109225993244 0
1.423534171160503 2.886527117994409 0
1.791689560252374 2.163841433809095 0
0.7363107781893159 0.5059154524391345 0
1.104466167281728 0.5484263750388033 0
1.129009859887878 0.5059154524396231 0
1.300815708130197 3.014059885792217 0
2.675262494074585 1.993797743411955 0
0.5645049299459469 0.9735356010303604 0
0.613592315158291 0.9735356010303705 0
0.638136007764477 0.9310246784311402 0
0.6626797003706197 0.9735356010304074 0
0.6872233929767904 0.931024678431204 0
2.282563412376911 1.058557446229763 0
2.331650797589258 1.058557446229754 0
2.037126486315141 1.398644827023295 0
0.1231063101586807 1.569634407047641 0
3.095635854552303 2.286581039186379 0
0.7608544707948047 1.568688517419665 0
1.988039101103076 1.058557446229534 0
1.963495408496882 1.101068368828757 0
2.012582793709179 1.101068368828819 0
1.914408023284562 1.101068368828721 0
1.938951715890681 1.143579291427977 0
1.889864330678362 1.143579291427935 0
2.94527104975245 2.631501327352746 0
1.251728322918556 0.5484263750388682 0
1.227184630312429 0.5059154524396752 0
1.178097245100153 0.5059154524396551 0
1.202640937706292 0.4634045298404749 0
0.3436116964899116 1.951286820812087 0
2.13530125673813 2.333885124205949 0
2.061670178921506 0.5909372976382872 0
1.938951715890092 1.823754053015453 0
1.668971097221829 2.97154896319283 0
3.092860108379355 2.037193386312709 0
2.3807381828011 1.483666672221871 0
2.626175108862159 2.163841433808812 0
1.644427404616836 0.8034919106341892 0
1.104466167281251 1.398644827022727 0
1.129009859887422 1.356133904423537 0
1.079922474675044 1.35613390442362 0
2.012582793709171 0.5909372976382223 0
2.037126486315348 0.6334482202374647 0
0.1963556802929241 0.5059189970453053 0
0.2454379493059184 0.5059160432064511 0
0.6872233929769221 0.5909372976374667 0
2.577087723649294 2.503928814602328 0
1.865320638072239 0.3358717620427707 0
0.9326603190373044 2.376396046804425 0
0.8835729338249789 2.3763960468044 0
0.9081166264311616 2.333885124205191 0
2.577087723651065 1.143579291427855 0
2.503456645832574 1.101068368828725 0
2.528000338438904 1.058557446229454 0
0.2454689904921935 1.186101876540891 0
0.2945312830323197 1.186092781342493 0
1.767145867647409 1.5261775948208 0
2.012582793707383 2.546439737201689 0
2.061670178919624 2.546439737201717 0
2.896155727529864 2.376396046805191 0
2.454369260619807 1.356133904423984 0
0.4172427743094622 0.3783826846412146 0
1.497165248979801 1.228601136626185 0
2.307107104982984 1.271112059225678 0
2.356194490194933 1.526177594821039 0
0.4172427743088319 1.05855744622883 0
2.086213871526489 1.993797743412271 0
0.4172427743084234 1.738732207816286 0
2.724349879288035 1.228601136626047 0
1.497165248979305 1.993797743411733 0
2.258019719770421 1.441155749622608 0
2.233476027164313 1.398644827023385 0
2.184388641952024 1.398644827023362 0
1.742602175041445 0.8885137558325706 0
1.202640937705765 1.568688517419584 0
1.570796326798251 1.186090214026981 0
1.251728322918412 0.8885137558323946 0
2.528000338438851 0.5484263750392753 0
2.50345664583265 0.5909372976385106 0
2.528000338438785 0.6334482202377399 0
2.454369260620285 0.5909372976384901 0
0.9817477042499744 1.696221285217391 0
0.9326603190376682 1.696221285217353 0
0.9081166264315434 1.653710362618125 0
0.9326603190377291 1.611199440018966 0
1.349903093342075 2.673972504998348 0
1.718058482435209 1.186090214027063 0
1.693514789829037 1.228601136626278 0
1.840776945466039 1.143579291427901 0
0.4908738521273587 1.101068368828095 0
0.5154175447335035 1.143579291427378 0
0.5645049299458466 1.143579291427404 0
0.4417864669149947 1.101068368828093 0
0.245486465060584 1.101073707749185 0
2.528000338437496 2.248863279007132 0
0.8590292412199646 0.8885137558321663 0
0.8590291893207654 0.2933608903650576 0
1.055378782068318 1.823754053015022 0
2.871611878923371 0.7184699753686119 0
1.840776945465908 1.398644827023212 0
1.202640937706301 0.3783826846421228 0
2.258019719769547 2.206352356407995 0
0.2945243112778391 1.781243130415407 0
1.178097245098816 2.461417892002925 0
1.153553552492786 1.993797743411866 0
1.668971097222889 1.186090214027043 0
1.865320638072081 1.356133904424011 0
0.6135923151583195 0.8885137558319045 0
1.914408023283172 2.036308666011597 0
2.552544031044559 1.186090214027248 0
1.055378782069467 0.4634045298404046 0
3.042259050561114 1.35394374202341 0
2.552544031044985 1.271112059225322 0
2.454369260619131 2.03630866601127 0
2.405281875406786 2.03630866601127 0
2.822524649712231 1.398644827022833 0
2.67526249407437 2.333885124205723 0
2.650718801468178 2.376396046804946 0
1.079922474674954 1.526177594820377 0
1.030835089462624 1.526177594820357 0
1.325359400735822 2.036308666011124 0
1.300815708129822 1.993797743411842 0
2.28256341237489 2.418906969404339 0
1.448077863766409 2.163841433808866 0
2.282563412376168 1.738732207816996 0
2.30710710498239 1.696221285217808 0
2.061670178921643 0.9310246784319278 0
2.037126486315485 0.8885137558327171 0
1.497165248978775 2.333885124205549 0
1.767145867646116 2.631461582399887 0
1.742602175040078 2.418906969404067 0
1.546252634191197 2.758994350196974 0
1.521708941585072 2.716483427597828 0
0.4663301595213517 0.8034919106333401 0
2.994326512453957 0.4209080788117595 0
3.019395622013008 0.3793228922819743 0
3.043959754299824 0.4207494892774593 0
3.06804323091633 0.3763450963426374 0
3.06887158949429 0.4641916241371543 0
1.374446785948844 1.526177594820471 0
1.42353417116121 1.526177594820548 0
1.448077863767455 1.483666672221389 0
1.300815708130538 1.143579291427678 0
1.865320638070703 2.291374201606693 0
1.938951715889099 2.333885124205867 0
2.650718801469467 0.6759591428370408 0
2.577087723651117 0.6334482202377454 0
2.282563412377006 0.7184700654361016 0
2.331650797589338 0.7184700654361296 0
2.356194490195469 0.7609809880353723 0
1.521708941584863 2.461417892003098 0
1.889864330678076 1.653710362618409 0
1.865320638070577 2.886527117994751 0
1.398990478555213 1.058557446229249 0
1.423534171161386 1.016046523630053 0
1.398990478555243 0.973535601030844 0
1.448077863767545 0.9735356010308629 0
1.398990478555334 0.7184700654356703 0
0.5890486225523491 0.5059154524389562 0
1.251728322918238 1.058557446229276 0
1.300815708129544 2.16384143380876 0
1.349903093342584 1.738732207816462 0
2.87161161617007 0.8034916688662981 0
2.797980957105071 2.46141789200357 0
2.699806186681942 1.016046523630245 0
2.675262494075807 1.058557446229406 0
1.963495408495453 2.036308666011627 0
1.93895171588929 2.078819588610797 0
0.6135923151575042 1.993797743411504 0
1.497165248979911 0.7184700654357076 0
1.448077863766625 2.758994350196824 0
2.699806186681905 1.186090214026899 0
2.528000338438629 0.7184700654361971 0
2.331650797586563 2.929038040594011 0
0.662679700369962 1.738732207816314 0
0.6626797003698811 1.823754053014635 0
0.6381360077637033 1.866264975613844 0
0.6135923151575428 1.908775898213029 0
0.7117670855822132 1.90877589821311 0
1.251728322918579 0.463404529840507 0
1.914408023282787 2.886527117994767 0
1.791689560252246 2.673972504999042 0
1.104466167281034 1.228601136626258 0
1.129009859887267 1.271112059225417 0
2.920694965307273 0.8885111838356622 0
0.6135923151577974 1.653710362617971 0
1.227184630311449 1.866264975614237 0
0.04219169332574325 2.775010736740732 0
2.748893571894194 1.016046523630253 0
1.030835089462202 1.781243130415806 0
2.478912953225597 1.65371036261861 0
2.405281875407153 1.61119944001943 0
2.724349879288062 1.058557446229408 0
0.957204011643782 1.738732207816564 0
2.159844949345811 1.526177594820927 0
2.184388641951943 1.568688517420138 0
0.4663301595212713 0.888513755831809 0
1.816233252859534 1.696221285217535 0
1.104466167281687 0.7184700654355745 0
1.398990478554621 1.993797743411737 0
1.718058482435179 1.271112059225508 0
2.601631416255846 2.376396046804887 0
1.325359400735956 2.631461582399115 0
0.3190680038842717 0.8034919106332717 0
1.055378782068076 2.418906969403712 0
1.349903093342947 0.9735356010308256 0
1.251728322917332 2.333885124205428 0
0.8590292412189965 2.163841433808297 0
0.8099418560066932 2.163841433808254 0
0.8344855486127994 2.206352356407476 0
0.8590292412189033 2.248863279006738 0
0.9081166264312186 2.248863279006762 0
0.8835729338250257 2.291374201605964 0
2.159844949346205 0.5909372976383237 0
1.840776945465886 1.483666672221625 0
0.9572040116448308 0.6334482202371163 0
2.135301256738028 2.503928814602603 0
2.086213871525778 2.503928814602573 0
1.472621556373613 1.186090214026915 0
1.718058482434922 1.696221285217485 0
1.914408023284393 1.356133904424033 0
2.356194490194632 1.781243130416192 0
1.178097245099717 1.356133904423599 0
2.208932334557258 2.12133051120971 0
1.153553552492737 2.333885124205362 0
1.521708941585026 2.886527117994436 0
2.208932334558582 0.9310246784320172 0
2.650718801468499 1.951286820812693 0
0.7608544707943291 2.163841433808332 0
1.129009859887255 1.101068368828651 0
1.104466167281188 1.058557446229377 0
1.055378782068878 1.058557446229374 0
1.07992247467525 1.016046523630011 0
1.227184630311938 1.526177594820385 0
2.159844949344182 2.461417892003458 0
1.448077863766733 2.588950659800189 0
1.938951715890667 0.4634045298405112 0
1.619883712010492 1.526177594820727 0
1.276272015523417 2.461417892002974 0
0.8344855486137126 1.016046523629879 0
1.742602175041434 1.058557446229408 0
1.595340019404443 0.9735356010310211 0
1.546252634192128 0.9735356010309744 0
0.6626797003690312 2.929038040593426 0
1.619883712010524 1.356133904423886 0
2.233476027162349 2.673972504999283 0
1.472621556373742 0.8460028332333074 0
1.889864330678303 1.228601136626377 0
2.871612034924791 1.058557446229425 0
0.9081166264308411 2.673972504998114 0
1.546252634192121 1.058557446229324 0
2.331650797586864 2.588950659801037 0
2.184388641952328 0.8034919106344991 0
0.3681373799869939 0.04207749213601614 0
1.227184630311895 1.61119944001881 0
1.325359400736414 1.78124313041565 0
1.791689560253801 0.9735356010309688 0
1.767145867647494 1.271112059225531 0
1.472621556373242 1.866264975614131 0
1.423534171160951 1.866264975614099 0
2.086213871526879 1.908775898213652 0
2.0371264863144 1.908775898213789 0
0.4908738521274802 0.8460028332325769 0
2.675262494075861 0.548426375039328 0
0.9081166264313492 1.99379774341154 0
1.251728322917763 1.908775898213324 0
1.448077863767641 0.5484263750389621 0
2.233476027164151 1.568688517420185 0
2.110757564134131 0.3358717620429304 0
0.7117656533357903 0.208355087325238 0
2.478912953225858 1.398644827023279 0
1.66897109722164 2.546439737201517 0
0.2699806186717448 1.483666672221185 0
1.889864330677204 1.908775898214022 0
0.9572040116446555 0.8885137558322351 0
2.208932334558906 0.2508499168444307 0
1.619883712009405 2.461417892003139 0
2.06167017892157 0.7609809880351535 0
2.11075756413396 0.9310246784319693 0
1.521708941585997 0.9310246784317393 0
1.349903093341835 2.163841433808794 0
1.129009859886958 1.696221285217395 0
1.521708941585947 1.271112059225415 0
1.374446785948095 2.03630866601112 0
1.227184630312198 1.016046523629969 0
0.66267970036507 0.04251092259912194 0
2.012582793707589 2.206352356408371 0
1.202640937705808 1.483666672221166 0
1.178097245100101 0.6759591428363961 0
1.5707963267973 2.036308666011287 0
1.595340019404426 1.228601136626233 0
2.429825568013755 1.228601136626432 0
1.472621556372638 2.036308666011295 0
3.098423429580397 0.6605507237187955 0
2.847068342317656 2.206352356408154 0
1.96349540849698 0.931024678431829 0
1.914408023284647 0.9310246784317975 0
1.472621556373368 1.696221285217336 0
2.47891295322493 2.333885124205528 0
2.012582793707665 2.121330511210016 0
2.429825568012671 2.248863279007144 0
2.429825568012716 2.163841433808726 0
2.405281875406753 2.121330511209401 0
2.356194490192786 2.801505272796741 0
1.865320638071977 1.611199440019241 0
2.62617510886328 0.8034919106346416 0
3.096346550985869 0.2666942220632023 0
1.644427404616698 1.313622981824687 0
1.178097245099327 1.781243130415733 0
1.546252634190982 2.163841433808946 0
3.019135310763435 0.4634473743693887 0
1.71805848243514 1.356133904423936 0
1.497165248979743 1.39864482702302 0
1.030835089462677 1.10106836882861 0
2.724349879288107 0.8885137558328053 0
0.8835729338265405 0.4208936072411526 0
0.859029241220381 0.4634045298403022 0
1.398990478554192 2.333885124205546 0
2.33165079758951 0.378382684642174 0
1.546252634192114 1.228601136626211 0
1.64442740461676 1.058557446229371 0
2.920691181888087 1.313620866035926 0
2.184388641951645 1.653710362618584 0
1.153553552494007 0.5484263750388324 0
0.4417864669150331 1.016046523629569 0
2.061670178919679 2.461417892003401 0
2.159844949345421 1.781243130416116 0
2.184388641951535 1.823754053015317 0
1.889864330678417 1.058557446229474 0
1.693514789827995 1.9937977434123 0
1.668971097223037 0.6759591428365763 0
2.208932334558565 0.5909372976383477 0
1.079922474674747 1.611199440018937 0
0.7608544707947231 1.653710362618012 0
1.300815708130287 1.73873220781644 0
2.135301256738856 2.078819588610584 0
0.5645049299457501 1.313622981824368 0
3.099081730990681 0.5645049299406535 0
0.9326603190383332 1.016046523629922 0
0.5645049299406563 0.04251092259910764 0
1.644427404615542 2.163841433809011 0
0.7117670855825238 1.568688517419632 0
2.773437198240704 0.4634050649298329 0
1.767145867646126 2.801505272796421 0
3.041842390040318 2.970204355741812 0
0.4663301595162718 0.04251092259910962 0
2.037126486313474 2.58895065980086 0
3.099081730990664 0.9081166264260939 0
1.889864330676996 2.078819588610766 0
2.454369260619381 1.696221285217819 0
2.331650797588146 2.078819588610502 0
2.748893571892732 2.461417892003505 0
0.809941856007202 1.398644827022933 0
1.202640937704984 2.248863279007093 0
1.030835089462101 1.866264975614168 0
2.380738182800421 2.163841433808736 0
0.8590292412188424 2.333885124205175 0
2.110757564132872 1.951286820812931 0
0.90809861732127 0.04207749213605323 0
0.3926990817030493 0.5059154524388405 0
1.889864330678502 0.8885137558325518 0
1.914408023284689 0.8460028332333336 0
0.8099418560065734 2.24886327900676 0
2.405281875405089 2.716483427598509 0
2.307107104981087 2.376396046805154 0
2.920699420137025 1.058557446229433 0
2.675262494074891 1.568688517419932 0
1.129009859886743 2.886527117994416 0
0.9817477042510001 0.5909372976379377 0
0.9326603190387612 0.5059154524395321 0
0.8835729338247109 2.80150527279577 0
0.2208932334594368 0.8034919106331699 0
0.4663301595205299 1.993797743411147 0
2.47891295322538 1.82375405301536 0
1.37444678594898 1.271112059225282 0
2.528000338437064 2.418906969403955 0
0.564504929946211 0.4634045298397235 0
1.472621556372789 2.716483427597687 0
1.9880391011028 1.483666672221674 0
2.184388641952071 1.313622981824953 0
1.7916895602523 2.503928814602423 0
1.914408023284488 1.186090214027174 0
1.742602175041483 0.9735356010309396 0
1.619883712010248 1.696221285217437 0
1.767145867646332 2.036308666011504 0
1.644427404615539 2.673972504998974 0
1.202640937705015 2.078819588610295 0
1.178097245098837 2.121330511209472 0
0.1474232681490288 1.951375359809132 0
0.9572040116434946 2.333885124205221 0
2.45436926062056 0.165828071645854 0
0.9817477042502977 1.186090214027 0
0.8344854880646937 0.2508499762527836 0
2.061670178921348 1.271112059225704 0
2.797993746014658 0.2508573005241758 0
2.773439395985374 0.2083402248587844 0
2.307107104983186 0.9310246784320932 0
2.037126486314719 1.82375405301526 0
1.7916895602525 1.99379774341233 0
0.4663301595215106 0.5484263750380995 0
2.086213871525689 2.929038040593961 0
2.45436926062019 1.016046523630442 0
2.454369260620439 0.335871762042983 0
3.043989137867903 1.10156552421527 0
2.47891295322659 0.3783826846422648 0
1.963495408496795 1.186090214027222 0
1.546252634192244 0.4634045298406165 0
1.595340019403319 2.333885124205618 0
0.3190680038841354 0.9735356010302626 0
1.767145867646536 1.866264975614753 0
2.380738182801833 0.4634045298407102 0
1.521708941585528 1.866264975614167 0
0.9572040116433854 2.503928814601984 0
2.258019719768427 2.716483427598425 0
1.619883712009377 2.546439737201493 0
2.061670178921272 1.441155749622502 0
0.9817477042509295 0.7609809880347319 0
2.159844949345094 2.036308666011316 0
2.086213871525877 2.333885124205925 0
2.13530125674022 0.3783826846421807 0
2.724349879287923 1.31362298182457 0
1.570796326797292 2.886527117994455 0
1.595340019404527 0.8034919106341635 0
2.15984494934604 1.101068368828914 0
1.693514789829007 1.313622981824711 0
0.7117670855821177 2.07881958860996 0
0.3681553890964195 1.228601136625841 0
0.3436128584493248 1.186090641912571 0
1.349903093343072 0.6334482202372702 0
1.767145867646204 2.206352356408278 0
0.5154175447324674 2.503928814600915 0
2.184388641952146 1.143579291428156 0
2.405281875407831 0.7609809880353443 0
2.307107104983306 0.5059154524399071 0
1.202640937706397 0.2933608394438245 0
0.7117670855816229 2.588950659799468 0
2.503456645829705 2.801505272796817 0
1.840389845759419 0.2086305469283155 0
1.521708941585667 1.696221285217382 0
1.86532063807205 1.441155749622429 0
2.847078017058208 0.4209274218644731 0
0.6381360077631841 2.716483427597016 0
1.91440802328453 0.5909372976381781 0
0.7608544707950339 1.228601136626055 0
1.865320638072134 0.5909372976381589 0
2.356194490195789 0.2508499168444007 0
0.7853981634007818 1.781243130415534 0
2.282563412376102 1.993797743412155 0
1.079922474675544 0.6759591428363654 0
0.2945312559310145 2.206348346909733 0
0.6626797003692738 2.50392881460109 0
0.9326603190387039 0.5909372976379103 0
0.6135923151574779 1.823754053014639 0
1.570796326798347 0.5909372976381886 0
2.675262494075977 0.3783826846424401 0
2.920699420136014 2.41890696940447 0
1.178097245099887 1.016046523629967 0
1.349903093137192 0.3783826847611146 0
0.3926990817023902 1.611199440018785 0
0.4908738521263687 2.461417892001741 0
2.429825568013321 1.568688517420252 0
0.5890486225518614 1.526177594820394 0
0.1192603346730709 1.738206443936233 0
2.258019719768768 2.376396046805168 0
0.1227184630345211 1.228601136625903 0
0.270032494256694 1.143595065926482 0
1.227184630312383 0.6759591428364089 0
1.44807786376752 1.05855744622927 0
0.3190680038831353 2.503928814601168 0
0.2945243112770108 2.291374201605793 0
1.938951715890789 0.2089652552912189 0
0.4417864669144697 1.866264975613736 0
2.159844949346201 0.6759591428367994 0
2.061670178919777 2.291374201606744 0
0.6872233929765048 1.356133904423658 0
0.9572040116447618 0.8034919106338898 0
1.423534171161444 0.8460028332332727 0
2.184388641950088 2.844016195395777 0
1.889864330676795 2.50392881460248 0
2.577087723651297 0.3783826846423639 0
0.09759286193915591 0.760775071925889 0
2.69980618668102 1.611199440019097 0
0.172917052893884 1.653245400907122 0
1.349894857179193 0.2083453763121326 0
2.159844949345976 1.186090214027346 0
1.889864330676871 2.248863279007504 0
0.8590292412185778 2.673972504998026 0
2.086263288511738 0.2083675251539421 0
0.04254142512068466 2.479235510695949 0
0.5645049299461152 0.6334482202366021 0
0.5645049299451323 1.908775898212956 0
1.104466167281736 0.4634045298404228 0
2.184388641952448 0.46340452984063 0
1.963495408495378 2.121330511209995 0
1.055378782068224 1.908775898213381 0
1.227184630312564 0.2508499168446948 0
0.3926990817024867 1.441155749622018 0
1.889864330678322 0.4634045298404849 0
1.153553552492722 2.078819588610259 0
0.122718463034597 0.8885137558316626 0
1.448077863767569 0.888513755832489 0
0.2945412137079048 1.101071887731437 0
1.497165248978732 2.503928814602252 0
2.896154985059319 0.9310242497657929 0
2.356194490195543 0.6759591428368921 0
2.552544031044816 0.6759591428370114 0
0.5890486225519731 1.186090214026688 0
0.4908738521272983 1.186090214026633 0
0.2454369260656244 1.781243130415409 0
2.945201628596422 1.441131798738567 0
0.2699847125268937 2.078817225021512 0
2.037530058349431 0.2086305469279215 0
2.503456645832739 1.01604652363034 0
1.276272015524202 1.611199440018826 0
1.374446785949109 0.9310246784316402 0
1.276272015524164 1.696221285217229 0
1.079922474674209 2.461417892002854 0
2.356194490195644 0.5059154524399408 0
1.472621556373676 1.016046523630079 0
0.6135923151591649 0.2933608394434407 0
2.061670178920923 1.696221285217689 0
1.668971097222869 1.271112059225485 0
1.546252634192032 1.483666672221494 0
1.30081570813033 1.653710362618037 0
0.8344855486142795 0.4208936072411221 0
0.5154175447326341 2.163841433807754 0
2.577087723651236 0.9735356010311524 0
1.595340019403256 2.503928814602304 0
1.104466167280545 1.90877589821343 0
1.423534171161315 1.18609021402689 0
1.914408023282931 2.461417892003341 0
1.963495408495213 2.376396046805035 0
2.405281875407644 1.186090214027252 0
1.57079632679818 1.526177594820714 0
1.988039101102917 1.228601136626447 0
0.4172427743086038 1.5686885174196 0
1.398990478555367 0.5484263750389244 0
2.110757564131868 2.54643973720174 0
0.7608544707938406 2.758994350196446 0
3.099777075729041 1.986276049670878 0
1.57079632679774 1.866264975614263 0
2.577087723651031 0.8885137558328841 0
2.79798095710543 2.036308666011172 0
2.65071880146825 2.29137420160645 0
2.012582793708509 1.866264975614496 0
1.129009859886607 2.03630866601104 0
0.4417864669153771 0.5059154524388599 0
1.104466167280485 1.993797743411817 0
1.619883712010662 0.8460028332333878 0
0.3436116964890228 2.631461582398737 0
2.974299583234352 1.819074609993865 0
0.2209555055617521 2.673941450808422 0
2.797980957106359 1.271112059225198 0
2.184388641952844 0.1233171490465394 0
1.055378782069271 0.8885137558323017 0
2.086213871525712 2.588950659800885 0
2.871612034923796 2.248863279007421 0
1.742602175040223 1.993797743412304 0
2.650718801469867 0.1658610997316575 0
1.27627201552364 2.631461582399075 0
1.398990425179737 0.3783827154586739 0
1.889864330676721 2.758994350197363 0
1.57079632679838 0.4208936072414206 0
1.767145867646115 2.716483427598178 0
0.2454369260649493 2.036308666011227 0
0.2454782756171389 2.886503244818214 0
2.01258279370897 1.441155749622484 0
2.577087723651067 1.228601136626187 0
0.5154175447346594 0.2933608394434349 0
0.5399612373395859 1.441155749621976 0
2.601631416255404 2.546439737201551 0
3.019201319752688 2.333699468527968 0
0.4908738521266131 2.036308666010283 0
1.325359400735865 2.801505272795947 0
1.644427404616615 1.483666672221518 0
2.871587296622485 1.908759431448209 0
2.086213871525947 2.248863279007587 0
2.012582793709051 1.271112059225678 0
0.2945243112779599 0.931024678430986 0
2.037126486314842 1.653710362618499 0
0.4417864669134611 2.88652711799396 0
0.8835729338254257 1.611199440018917 0
2.208932334556189 2.886527117994906 0
1.88986433067854 0.7184700654356423 0
2.626175108863475 0.8885137558328373 0
2.699806186682172 0.3358717620432353 0
1.914408023282947 2.376396046805028 0
1.668971097222961 0.8460028332334046 0
2.748893571893399 1.611199440019044 0
1.644427404616725 1.228601136626251 0
2.601631416254782 2.801505272796789 0
2.748893571894174 1.101068368828575 0
1.66897109722184 2.036308666011467 0
1.840776945466031 0.3783826846419913 0
2.993706851066393 2.801436140681838 0
2.50345664583279 0.3358717620430512 0
2.331650797589296 0.8034919106345538 0
2.159844949344576 2.2063523564083 0
2.920760313308215 2.503957075222586 0
2.552544031041586 2.886527117995181 0
0.5890486225522689 0.6759591428358247 0
1.914408023284688 0.6759591428364912 0
0.5890486225509372 2.376396046803502 0
2.405281875404989 2.801505272796769 0
2.748893571894206 0.6759591428369777 0
0.2208932334594681 1.483666672221175 0
2.13530125674005 0.6334482202375564 0
0.9817477042498979 1.78124313041576 0
1.398990326362056 0.2933609273127609 0
2.135301256737881 2.844016195395751 0
0.4172427743083756 1.823754053014582 0
0.5154175447318496 2.929038040593346 0
1.69351478982894 1.483666672221554 0
1.570796326798369 0.6759591428365435 0
1.423534171161486 0.5909372976381322 0
2.380738182801674 0.803491910634537 0
0.6381360077628819 2.886527117994141 0
0.5645049299457305 1.483666672221192 0
2.282563412374565 2.673972504999313 0
1.54625263419099 2.503928814602282 0
2.331650797589341 0.8885137558329252 0
0.7117670855826727 1.313622981824461 0
0.1718058482477308 0.2083389942439796 0
2.184388641950191 2.588950659800952 0
0.6626797003707015 0.8034919106335274 0
1.693514789829389 3.09908173099069 0
1.668971097223138 3.056570808391501 0
0.4172427743070923 2.92903804059329 0
3.096899681636513 1.446552357281827 0
1.448059854655583 0.04207749213603037 0
1.718058482435094 1.526177594820774 0
1.227184630311326 2.631461582399039 0
0.8344855486130438 1.781243130415578 0
0.6135923151566405 2.929038040593392 0
0.9081166264314735 1.738732207816521 0
3.042948189365179 2.463467956320071 0
0.8590292412191521 1.823754053014854 0
2.896150041682232 0.8459995505073747 0
2.969714963764613 1.653659030095513 0
0.3190677985139324 1.908776016783354 0
1.889864330676691 2.929038040593885 0
2.282563412376291 1.653710362618608 0
0.2699806186717426 1.738732207816268 0
2.773437264498734 2.58895065980121 0
0.3190691613254135 2.248862610757024 0
2.748893571894173 1.186090214026872 0
2.969710017761447 1.483650114296689 0
1.791689560253569 1.483666672221603 0
2.896154120972531 0.7609800604883643 0
2.920699420134679 3.099081730990849 0
2.012582793709095 1.186090214027267 0
0.4172427743086793 1.3986448270228 0
2.969819398526985 2.674018874110693 0
2.822556078398732 0.2083692618004422 0
0.8835729338253722 1.696221285217284 0
0.539961237338867 2.036308666010374 0
0.1963495408523538 2.631461582398511 0
0.539961237338156 2.886527117994047 0
1.889864330678383 0.3783826846420277 0
2.822524649711569 2.078819588610427 0
1.423534171161132 1.611199440018929 0
0.2454369260655788 0.9310246784309664 0
0.3681554684435784 2.92903799478117 0
0.09930188359018778 1.441442071070273 0
1.398990478555338 0.6334482202373017 0
1.86532063807062 2.716483427598208 0
2.429825568011144 2.758994350197666 0
1.030835089462982 1.016046523630038 0
1.202640937705125 2.673972504998235 0
1.423534171161405 0.9310246784316634 0
0.8590292412195377 1.313622981824553 0
2.331650797589491 0.4634045298406794 0
0.7363107781876426 2.801505272795676 0
0.9081166264309166 3.014059885792006 0
1.742602175040058 2.758994350197288 0
2.086213871527698 0.6334482202375178 0
0.8835729338255207 1.526177594820566 0
0.7853981634008927 1.61119944001885 0
1.300815708130111 1.908775898213292 0
1.64442740461681 0.6334482202373716 0
0.8835729338264732 0.5059154524395001 0
0.6135923151570178 2.418906969402697 0
1.39898059642968 0.2083465977611093 0
2.650718801468007 2.546439737201774 0
1.472621556373487 1.611199440018998 0
2.748893571894214 0.8460028332336901 0
0.6872233929765444 1.271112059225227 0
1.37444678594892 1.441155749622125 0
2.748893571894141 0.7609809880353671 0
1.25172832291851 0.7184700654356032 0
2.871557082919671 2.078787862056017 0
2.208932334557826 1.611199440019432 0
3.018874190561377 1.483666672220913 0
2.62617510886371 0.123510072800545 0
1.202640937706148 0.8885137558323847 0
0.2208932334593724 0.9735356010302287 0
1.325359400736546 1.441155749622045 0
0.441786466914505 1.781243130415436 0
0.8590292412194245 1.483666672221364 0
2.356194490195302 1.186090214027278 0
0.809941856007069 1.568688517419692 0
1.300815708130453 1.398644827022847 0
2.110757564132165 2.206352356408392 0
1.227184630312366 0.7609809880348064 0
2.307107104983332 0.4208936072414141 0
2.135301256739637 1.568688517420074 0
2.47891295322642 0.6334482202377256 0
1.448069576784881 0.208343894023242 0
0.4172427743091834 0.5484263750380902 0
0.2699817742879785 2.758993683000076 0
1.472621556373697 0.9310246784316931 0
1.840776945464521 2.673972504999053 0
1.914408023284526 0.4208936072412768 0
2.037126486315396 0.4634045298405918 0
2.086213871527361 1.568688517420045 0
0.8835729338255829 1.441155749622187 0
2.307107104982921 1.186090214027332 0
1.472621556373586 1.44115574962221 0
0.4663301595206527 1.738732207816298 0
0.6135923151581669 1.143579291427445 0
0.7363107781891163 0.9310246784312664 0
1.251728322918479 0.8034919106340201 0
0.7608544707938001 2.844016195394959 0
2.945314154776511 2.46145086272664 0
0.859029241219321 1.56868851741973 0
0.7853981633999738 2.886527117994242 0
3.017118677114319 2.844529014274092 0
0.245436926065627 1.696221285217112 0
1.129009859887772 0.8460028332331484 0
2.920699420136153 2.248863279007443 0
1.840776945464474 2.929038040593855 0
0.171805848246969 0.9735356010302215 0
0.7117670855827329 1.228601136626009 0
0.3190681504076247 1.313623037957378 0
0.2454369260656256 1.441155749621986 0
0.5890486225520331 1.101068368828162 0
1.988039101102985 1.143579291428019 0
0.2699825743484464 1.313623731041811 0
0.3190711337098902 1.228602315522703 0
0.04115606812840329 1.693204905111372 0
2.895999492639751 2.036218455002198 0
1.227184630312318 0.8460028332332017 0
2.282563412377192 0.378382684642194 0
0.5154175447328819 1.73873220781631 0
0.3926990817029939 0.5909372976373325 0
2.748893571894097 1.271112059225266 0
2.03712648631506 1.568688517420036 0
1.865320638070681 2.461417892003327 0
0.7117670855829334 0.9735356010304864 0
0.8590292412194669 1.398644827022974 0
0.6381360077644258 1.016046523629675 0
0.6626797003705539 1.058557446228967 0
0.4908738521270508 1.611199440018785 0
2.478912953223623 2.758994350197646 0
1.718058482435292 1.016046523630216 0
1.49716524897983 0.9735356010309104 0
0.5399612373391137 1.696221285217163 0
0.417242774309135 0.6334482202365739 0
2.993412023513067 1.696171745400019 0
0.2210784342339251 1.65363286899946 0
1.423534171161463 0.6759591428364967 0
1.718058482433996 2.971548963192865 0
1.104466167281567 0.8885137558323281 0
0.9081166264318142 1.313622981824585 0
2.331650797587496 2.333885124205814 0
1.497165248978988 2.929038040593603 0
0.3681553890967469 0.7184700654350943 0
1.718058482435262 0.9310246784318021 0
0.9817477042497639 2.036308666010885 0
0.834485548612356 2.88652711799427 0
0.8835729338262024 0.8460028332329995 0
2.65071880146759 2.631461582399977 0
2.797935879406197 0.1658830118923597 0
0.8099418560079933 0.4634045298402021 0
1.938951715889662 1.908775898214007 0
2.307107104980821 2.546439737201879 0
0.8099418560067406 2.078819588609916 0
2.945981112318503 2.205749610038356 0
0.8344855486133641 1.356133904423743 0
2.650718801469821 0.3358717620432013 0
1.69351478982909 0.6334482202373771 0
0.2699807892122503 0.46340462830075 0
1.791689560252261 2.929038040593831 0
0.7853981634004906 2.121330511209165 0
0.8590292412200475 0.8034919106337572 0
2.258019719768496 2.631461582400158 0
1.497165248979732 1.483666672221444 0
1.448077863766787 2.929038040593645 0
1.472621556373739 0.6759591428365184 0
1.398990478555055 1.483666672221331 0
1.030835089463181 0.8460028332330986 0
0.7853981634012281 1.186090214026847 0
3.017157214568646 2.673100476043841 0
2.356194490193034 2.546439737201912 0
0.2699806186717882 1.398644827022793 0
0.8344855486129601 1.866264975613943 0
1.81623325285844 2.461417892003304 0
1.521708941585955 1.016046523630117 0
2.061670178921481 1.101068368828843 0
2.55254403104417 1.526177594820884 0
1.374446785948287 2.886527117994389 0
0.6381360077644979 0.8460028332327039 0
0.8099418560074119 1.143579291427624 0
2.67526249407369 2.673972504999185 0
1.300815708129805 2.844016195395145 0
0.8590292412202005 0.7184700654354141 0
0.834485548613591 1.101068368828414 0
0.8099418560074702 1.058557446229111 0
1.006291396856325 1.483666672221318 0
1.521708941586046 0.6759591428365356 0
1.644744725709762 0.2090100047480978 0
1.570796326798264 1.016046523630145 0
1.276272015524315 1.186090214026902 0
0.8344855486140612 0.675959142836193 0
2.012582793709255 0.420893607241357 0
1.963495408496425 1.696221285217649 0
1.227184630311801 1.186090214027037 0
1.619886999783676 0.2509579625442 0
2.994324949165617 2.461793325129931 0
2.82215036421202 0.1239557849224318 0
0.9326603190379938 1.271112059225407 0
0.9326603190371051 2.801505272795797 0
1.963495408496882 0.4208936072413132 0
2.601631416257487 0.33587176204318 0
0.7853981634015959 0.6759591428360536 0
1.129009859888088 0.2508596783350403 0
1.914408023284129 1.696221285217609 0
1.619883712010581 1.016046523630172 0
1.227184630312083 1.271112059225238 0
1.619884023408794 0.3358719869920228 0
0.6626797003706437 0.8885137558319496 0
1.595340019404514 0.6334482202373681 0
0.9572040116436075 2.078819588610003 0
0.9081166264318856 1.228601136626166 0
2.996405247092108 2.207848259567225 0
1.668971097222923 1.016046523630199 0
2.920699385015816 0.5484266187515732 0
0.5645049299460773 0.7184700654350015 0
1.006291396856397 1.398644827022944 0
1.791689560252331 2.418906969404138 0
1.718058482435287 0.8460028332333844 0
0.9572040116433382 2.844016195395055 0
1.178097245099543 1.271112059225391 0
0.9326603190380549 1.186090214026986 0
1.055378782068879 1.39864482702282 0
0.7853981634016797 0.5909372976376936 0
2.724349879286302 2.673972504999427 0
2.405281875405469 2.546439737201841 0
0.8590292412190805 1.908775898213143 0
1.742602175041487 0.8034919106341715 0
0.6381360077645465 0.760980988034279 0
0.5890486225522203 0.76098098803422 0
0.7117670855829694 0.8885137558320142 0
1.619883720660577 0.4208936134899487 0
1.497165248979561 1.653710362618196 0
2.282563412374655 2.588950659801016 0
2.896155719175306 0.5909373582426422 0
0.7363107781892949 0.590937297637566 0
0.3926990817029378 0.6759591428358274 0
1.104466167281886 0.2933624663588429 0
1.791689560253841 0.8034919106341279 0
0.9817477042508813 0.846002833233068 0
1.055378782068706 1.313622981824567 0
0.9572040116442282 1.143579291427786 0
2.945211576070542 0.5059017148116962 0
1.840776945465779 1.653710362618368 0
1.988039101102596 1.653710362618483 0
0.7608544707956684 0.4634045298400621 0
1.693514789829017 0.5484263750389322 0
0.9081166264313567 1.908775898213188 0
1.693514798478983 0.4634045360890593 0
1.742602175040072 2.929038040593793 0
2.650718801468365 2.121330511209682 0
0.6872233929774394 0.3358717620425242 0
0.9817477042504154 1.101068368828567 0
0.687223392976973 0.4208936072406684 0
1.767145867646215 2.376396046804942 0
1.006291396856659 1.058557446229309 0
1.178097245098918 2.80150527279588 0
1.227184630311271 2.801505272795898 0
1.791689560253465 1.653710362618354 0
1.742602175040087 2.333885124205772 0
2.012582793708777 1.611199440019323 0
0.5154175447324212 2.75899435019619 0
2.552544031045131 0.3358717620431132 0
0.9326603190374805 1.951286820812393 0
1.693514789827841 2.33388512420573 0
1.693514789827869 2.844016195395429 0
1.227184630311201 2.291374201606303 0
1.668971097221698 2.291374201606556 0
1.178097245098899 2.291374201606266 0
1.619883712009466 2.291374201606546 0
1.742602175041172 1.65371036261832 0
1.030813774576295 0.2508807906708499 0
1.07992247467423 2.801505272795842 0
1.325359400735731 2.291374201606352 0
1.423534171160328 2.291374201606407 0
1.129009859886591 2.291374201606216 0
1.276272015523464 2.291374201606316 0
2.233476027163676 1.908775898213754 0
1.104466167280405 2.248863279006979 0
2.282563412377039 0.8885137558329288 0
0.9572040116436239 1.99379774341163 0
1.472621556372639 2.291374201606448 0
1.030835089461857 2.801505272795829 0
1.104466167280487 2.844016195395148 0
1.349903093341888 2.333885124205517 0
2.528000338438951 0.2933608394438391 0
1.693514789828815 1.653710362618322 0
0.9326603190385401 0.846002833233044 0
1.079922474674277 2.206352356407744 0
0.5890486225514679 1.696221285217143 0
1.546252634191835 1.653710362618268 0
1.570796326797195 2.291374201606508 0
1.030835089462011 2.121330511209302 0
0.9817477042497442 2.12133051120924 0
1.59534001940414 1.653710362618293 0
1.644427404616484 1.653710362618299 0
1.521708941584919 2.291374201606472 0
1.055378782068158 2.163841433808513 0
0.5645049299450642 2.078819588609653 0
2.23347602716473 0.8885137558329077 0
0.5154175447337567 0.7184700654349785 0
2.159844949346311 0.4208936072414162 0
2.748891052164487 1.866263274981155 0
2.405281875407015 1.95128682081287 0
1.006285612689221 0.2933681747031547 0
2.650718801468317 2.03630866601128 0
2.478912953225238 2.07881958861037 0
0.3926990817033519 0.3358717620420316 0
0.4663301595202574 2.333885124204412 0
2.552544031045151 0.2508499168446127 0
0.4908738521275741 0.7609809880341593 0
2.08621387152775 0.4634045298406289 0
2.356194490195354 1.101068368828947 0
0.2699752662585342 1.993800833628615 0
2.110757564133989 0.4208936072414052 0
2.012582793709327 0.7609809880350338 0
1.718058482433978 2.801505272796362 0
1.71805848243397 2.886527117994611 0
2.184388641952425 0.8885137558328824 0
2.037126486315427 0.7184700654358671 0
2.208932334557131 2.206352356408093 0
0.2454380693880007 1.35613434242904 0
2.528000338437521 2.078819588610436 0
2.748892575222243 1.781242476131221 0
1.742602175041376 0.6334482202374055 0
2.528000338439013 0.2083389942452965 0
2.380738182800533 2.078819588610435 0
2.773437264499569 1.483666672221433 0
2.552544031044262 1.611199440019188 0
2.061670178919675 3.056570808391133 0
2.84706834231861 1.611199440018531 0
2.184388641952549 0.3783826846421978 0
2.528000338437641 1.908775898213623 0
2.822524649712242 1.483666672221118 0
2.503456645832838 0.1658280716459712 0
1.668971098664561 0.505915453481165 0
0.3926990817039393 0.2508499168440212 0
2.233476027164885 0.3783826846422008 0
2.135301256740095 0.8885137558328471 0
0.3190680038831233 2.418906969402956 0
2.552544031043643 2.121330511209606 0
0.4908738521262968 2.546439737199955 0
2.478912953226667 0.1233171490466296 0
0.4417864669152122 0.760980988034148 0
0.3681553890977877 0.2083389942447972 0
0.1963512221246082 1.35613454851662 0
0.3681553890957106 2.418906969402715 0
0.5645049299449297 2.1638414338079 0
2.748893309033475 1.696221126305207 0
2.429825568012915 2.078819588610372 0
2.60163141625599 2.121330511209659 0
2.626175108862387 1.823754053015134 0
0.3190680038849732 0.2083389942443536 0
2.528000338437677 1.8237540530153 0
0.4172427743075969 2.758994350196338 0
2.773436728415263 1.65371004201517 0
0.3926990817016632 2.376396046803738 0
2.086213871526826 3.099081730990776 0
2.086213871527811 0.8885137558328292 0
2.62617510886231 1.73873220781692 0
1.767145867647542 0.6759591428366118 0
1.079922474674327 3.056570808391259 0
1.79168956025369 0.7184700654357347 0
1.668971097222918 0.5909372976381619 0
0.4172427743077697 2.333885124204647 0
2.061670178921607 0.8460028332335757 0
2.258019719771211 0.2508499168444543 0
2.30710710498351 0.250849916844431 0
0.1477148617508779 1.356107606325631 0
1.251728322917521 2.844016195395157 0
1.129009859886745 3.056570808391285 0
2.282563412375535 3.099081730990657 0
1.644427829905931 0.3783829918642135 0
1.153553552492987 3.014059885792117 0
0.3436141178073172 2.206350958458791 0
2.03712648631546 0.8034919106343125 0
0.5645049299448572 2.248863279006146 0
1.055378782068124 3.014059885792024 0
2.258019719771116 0.3358717620430057 0
1.202640937705378 3.014059885792147 0
2.233476027163448 3.099081730990686 0
1.227184630311562 3.056570808391356 0
0.6135923151560946 3.099081730990584 0
2.233476027165008 0.2933608394437168 0
0.2454369260657219 0.7609809880339953 0
2.208932334556451 3.056570808391146 0
1.374446785948929 3.056570808391425 0
0.6381360077625664 3.056570808391222 0
1.374446785948038 2.461417892002824 0
1.006291396855751 3.014059885792009 0
0.7117670855809614 3.099081730990525 0
1.153553552493556 1.313622981824524 0
1.398990478554548 2.929038040593673 0
1.325359400736563 3.056570808391444 0
1.276272015524106 3.056570808391421 0
1.644441394600127 0.2933885573619887 0
1.325359400736039 2.886527117994413 0
0.2454369260658413 0.6759591428356468 0
1.938951715890755 0.6334482202373389 0
1.840776945466071 0.7184700654357089 0
0.6626797003695601 2.248863279006446 0
0.1963759751172314 0.6759744046647863 0
1.423534171161157 3.056570808391372 0
0.392699081702871 0.7609809880341658 0
0.4172427743062408 3.099081730990502 0
2.724349879285833 2.758994350197696 0
0.932660319037092 3.056570808391219 0
0.7608544707936614 3.014059885791918 0
0.4417864669128689 3.056570808391112 0
1.448077863767409 3.099081730990632 0
0.5154175447312365 3.099081730990425 0
0.3436116964881163 3.056570808390965 0
1.693514789827852 2.758994350197247 0
0.687223392975676 2.291374201605584 0
0.8344855486121195 3.056570808391265 0
2.012582793709242 0.6759591428365788 0
1.988039101103063 0.6334482202373607 0
0.2699908826402684 3.099075805083846 0
2.748893571891933 2.801505272796867 0
0.2945362859086989 3.056563894833412 0
0.8590292412184632 3.014059885792002 0
2.331650797589692 0.2083389942451661 0
0.1964119550875617 0.5909733325117819 0
1.644427404615693 2.758994350197199 0
2.380738182800743 1.993797743412156 0
0.2201433849870758 3.09835313455234 0
0.9817477042494787 3.056570808391245 0
0.5399612373377307 3.05657080839114 0
1.914408023283149 3.05657080839124 0
2.307107104983638 0.1658280716458829 0
1.718058482435005 3.056570808391399 0
2.135301256739312 3.099081730990865 0
1.840776945465927 3.099081730990878 0
0.3926994201548833 2.121330315802923 0
1.104466167281189 1.313622981824532 0
0.2945219473914431 1.951288185602575 0
0.4417864669143122 2.716483427596919 0
1.59534001940451 3.099081730990533 0
1.69351478982809 3.014059885791928 0
1.619883712009565 2.716483427598031 0
1.938951715890229 3.099081730990849 0
1.791689560253634 3.099081730990735 0
0.7363107781872933 3.056570808391202 0
2.797980957104667 2.801505272797205 0
0.3436116964905624 0.7609809880341507 0
2.331650797589819 0.1233171490466395 0
2.650718801469683 0.8460028332338113 0
2.577087723649977 1.823754053015165 0
0.2945243112781387 0.7609809880341075 0
2.699806186681911 0.8460028332337148 0
2.577087723648067 2.844016195396077 0
1.988039101102244 3.099081730990771 0
2.822521534256274 1.653708543531178 0
1.497165248979954 3.099081730990681 0
0.220894906006082 0.4634066398758973 0
1.644427404615882 1.993797743412346 0
1.521708941585227 2.971548963192724 0
1.570796326797328 2.716483427597976 0
1.6198837120098 1.951286820812796 0
2.356194490192856 2.971548963193105 0
2.797980957104068 2.886527117995263 0
1.644427404615902 1.908775898213715 0
2.528000338438794 0.9735356010312242 0
2.405281875405008 2.971548963193183 0
1.619883712009851 1.86626497561441 0
2.356194490194472 2.036308666011313 0
1.546252634191206 2.673972504998839 0
1.546252634191389 3.014059885791994 0
0.6626797003693072 2.418906969402897 0
0.2208880588769452 0.3784761753797006 0
1.963495408496184 1.866264975614687 0
1.644427404616084 1.823754053015261 0
1.57079632679792 3.056570808391316 0
2.822524649710154 2.929038040594414 0
0.5890486225509773 2.631461582398262 0
0.7363107781895928 0.4208936072408376 0
0.2211737808024824 0.2932790641305534 0
1.104466167280393 2.503928814601831 0
0.6872233929754191 2.461417892002072 0
1.349903093342009 2.503928814601796 0
2.405281875405899 3.056570808391709 0
0.3681571905420902 2.16384039374251 0
1.52170894158509 2.631461582399627 0
0.5154175447325214 2.588950659798985 0
1.791689560252897 1.823754053015432 0
0.1666135311065771 0.2912545406379047 0
1.49716524897901 2.588950659800429 0
2.552544031041941 3.056570808391637 0
0.6381360077651734 0.33587176204239 0
2.478912953224431 3.099081730990882 0
2.871612034922839 2.929038040594858 0
2.577087723648702 3.099081730990957 0
0.5890486225529472 0.3358717620423141 0
0.6135923151571673 2.248863279006336 0
1.472621556372868 2.546439737201241 0
0.1013035648738774 1.355244956252414 0
1.448077863766724 2.503928814602037 0
0.7853981634002888 2.461417892002334 0
1.104466167280518 2.588950659799925 0
0.8099418560063398 2.50392881460141 0
1.423534171160614 2.461417892002853 0
0.8590292412186779 2.503928814601602 0
0.5399612373406658 0.3358717620422844 0
1.055378782068175 2.588950659800124 0
0.883572933824778 2.54643973720071 0
2.871612034922526 3.014059885792798 0
0.9326603190371695 2.546439737200908 0
1.030835089462015 2.631461582399197 0
0.7363107781878733 2.461417892002256 0
1.300815708129583 2.503928814601768 0
0.932660319037059 2.631461582399064 0
0.9817477042494939 2.631461582399332 0
0.4908738521283365 0.3358717620422962 0
2.650718801465866 2.971548963193202 0
1.251728322917261 2.503928814601736 0
1.202640937704951 2.503928814601679 0
0.4417864669159913 0.335871762042193 0
1.153553552492671 2.503928814601681 0
2.920699420134913 3.01405988579314 0
0.564504929944772 2.588950659799025 0
0.5645049299451053 2.673972504997388 0
2.945243112740906 3.056570808392116 0
0.5890486225513204 2.716483427596682 0
1.76714586764688 3.056570808391339 0
2.994026324955075 3.056472403478861 0
2.454369260617847 3.056570808391848 0
3.050150924359354 3.053155342927512 0
3.02130304262115 1.988460369136458 0
3.094982325361213 1.35116983692715 0
0.04369366849527402 1.446223148346809 0
3.098091806407726 2.722153430713069 0
0.1488311256415211 2.207165831095514 0
0.1726080733686143 2.164308282069074 0
0.03609893039724366 2.281779192055597 0
1.30060980402713 0.04112185990706128 0
1.152713855962641 0.04155814294127026 0
1.128176093022859 0.0835140279785956 0
0.7607460279657878 0.04135522655857211 0
1.669241975500109 0.1673552178757146 0
1.742823708676073 0.1246817217783873 0
2.013211059452005 0.1670091742911694 0
2.011965594760203 0.08387776391953576 0
2.724242809153619 0.04135606094820023 0
0.2206873293576499 0.04112185990618538 0
2.971146117144005 0.1264917442754369 0
2.920972157747167 0.1251802529705162 0
2.797726791227656 0.08245947633612138 0
0.8342347378079509 0.08243427746360348 0
1.226803021379723 0.08244707327012421 0
1.055149200016177 0.1246814087915808 0
1.374195975142538 0.08244756393684871 0
0.2942748731669977 0.08244650025806499 0
0.1470548788470686 0.0821214580560763 0
1.570971338921472 0.08373730275704575 0
1.570639146978153 0.1669602302109521 0
1.864703911705275 0.1670167813541731 0
1.865949925649756 0.08387891956044449 0
2.846904500864984 0.08274686453672271 0
2.650718801469913 0.08291403582454172 0
2.601631416257576 0.08291403582457788 0
2.55254403104517 0.08291403582457389 0
0.6872233929711726 0.08291403582105172 0
0.9326603190321955 0.08291403582104806 0
0.8834351795113224 0.08270675342451801 0
0.6381360077589681 0.08291403582104692 0
0.5890486225467484 0.08291403582103168 0
0.5399612373345576 0.08291403582102298 0
2.503456645832464 0.08291403582431588 0
0.4908738521223741 0.08291403582102481 0
1.42338907168773 0.08277999196082739 0
0.4417864669101811 0.08291403582103025 0
0.9817477042444032 0.08291403582100705 0
0.3926990816979571 0.08291403582103066 0
2.454369260620115 0.08291403582427352 0
2.405281875407722 0.08291403582426723 0
2.356194490195328 0.08291403582427909 0
1.472588399142889 0.08288779029974652 0
2.307107104983017 0.08291403582426544 0
1.521708941578628 0.08291403582082134 0
0.3434741709589933 0.08271041747173757 0
2.258019719770691 0.08291403582429804 0
2.208932334558274 0.08291403582430679 0
1.619936416136096 0.1675760297348515 0
2.159844949345851 0.08291403582434917 0
2.110757564133439 0.08291403582433288 0
2.06167017892185 0.08291403582482457 0
1.81640332649334 0.08314514912773499 0
1.963645524963541 0.1677849730364243 0
1.914287468611795 0.1677615865164885 0
1.349684606210466 0.04125118616545043 0
1.202171084157262 0.04128834896611971 0
1.030835089456583 0.08291336327850088 0
0.8097382397275292 0.04128703180527768 0
2.773234690519033 0.04129220507213885 0
2.896155727527484 0.08291336327775647 0
0.2697623603235565 0.04125100888520621 0
0.1227184630306081 0.04040244067779106 0
2.699806186682304 0.08291470837114266 0
1.104091274526173 0.1247684237632533 0
1.275918775601339 0.08242497056108483 0
0.7363107781898979 0.0829147083715726 0
0.1960253562873437 0.08237070135764395 0
1.767145867640783 0.08291336327426664 0
1.693726099800297 0.1255309555652782 0
2.946512227232327 0.3373577788018309 0
0.04642521570117988 1.790019236532137 0
0.17402286602382 3.012779889980334 0
2.96751424908076 1.737420146842645 0
3.067502238950734 3.101431759500353 0
0.04026082144293131 3.066455892597087 0
2.971845832188413 0.2123403925040384 0
0.07499752615137129 0.04005297289416224 0
0.1236773533532887 1.056671243730258 0
0.09866668397722178 0.3383195716184425 0
0.07837191804212815 1.714962633234425 0
3.044063655817224 0.3355398833870555 0
2.996906993969716 0.3378706298592084 0
0.125954431243658 2.932409447986337 0
0.1260983151123695 1.65531509942664 0
0.1259000846354754 1.140968006798833 0
3.068620888285867 1.231635596232506 0
0.127025176883584 0.9716217545676201 0
0.07817682924287848 2.846348674727474 0
3.06244146955126 2.842686402219632 0
0.07620094203873209 1.561525396499004 0
3.06186699347106 1.570730406828357 0
3.013560656978246 1.905708128168202 0
0.07793059367330463 1.22748264835348 0
0.07739146144795714 2.504078257434287 0
3.062731784294932 2.503456645827683 0
0.08053567473819885 2.167648008984307 0
0.08015882270375697 0.6366362247707019 0
3.062251774783193 0.6367447753769793 0
0.08039833596696784 0.8847135429004316 0
3.06162145144358 0.885277181651305 0
0.07939050516263635 1.908267752391112 0
3.06023841799144 0.2970354186919952 0
3.060935896324146 0.9782795046798054 0
0.07981775674124822 0.5446948280740994 0
3.061427692291035 0.54373205568024 0
3.061202561140477 2.252765597925168 0
0.03469269901441048 1.840776945466025 0
0.07795166702997824 2.745217880953551 0
0.03433271957535321 2.233476027163839 0
3.060808836003075 1.479537035988989 0
3.107451223800708 2.773437264496296 0
0.08157289031778267 1.318381338102407 0
0.03396225138207543 1.497165248980199 0
0.08070174412520172 0.2038321754031547 0
3.106085146501019 1.300334476547353 0
0.0815607547561137 2.41341418676703 0
3.108058182035077 2.429825568009012 0
3.061064648336314 2.593847857146486 0
0.08063323206759249 2.595445895551958 0
0.03343520490505794 0.3681553890935004 0
3.108157448687959 0.3681553890918347 0
3.108282560701876 1.644427404609595 0
3.01855924438397 1.832528843250638 0
0.03302360322327046 0.7123421880745939 0
3.107455723229629 0.8079436875083564 0
3.059555032193991 0.7259577933606236 0
3.108910857237297 0.1241425690899627 0
0.1227184630311089 3.108710340524484 0
3.108799118422715 1.055378782062762 0
0.03272735740172308 0.1227184630311089 0
3.060099147130522 3.006148078680153 0
0.03294415124273974 1.990192508625046 0
0.0813546285767842 0.455791052426367 0
0.0333438752765515 0.8085726984645972 0
0.08244186705158428 2.338972035738059 0
0.08252176388024242 2.668839465008423 0
3.061136817326513 2.670203125794625 0
0.08063208982024841 1.394752685455384 0
3.06110880558279 1.39467042571635 0
3.109560060135137 0.2208932334550871 0
3.107742848718511 2.92366515417358 0
3.019343575135665 2.173781491970253 0
0.03198917615357087 2.085335534115968 0
3.062237344286373 2.071395834899439 0
3.107208217538775 1.147674780916408 0
0.157619654773213 0.2448700119313915 0
3.063575376061642 2.002372108719114 0
3.063040425539646 1.729264188035079 0
0.124476017503154 0.3061352729304356 0
3.110683318385115 0.4657445708061888 0
3.105658193603579 3.105658193603564 0
0.03593445998622546 3.105658193603587 0
3.105658193603549 0.0359344599861969 0
0.03593445998619467 0.03593445998624708 0
3.111294573284979 2.331897442758869 0
0.1585274578423513 3.048750740432747 0
2.982873855709947 2.114608983208872 0
2.9824473939276 1.772933933046157 0
3.028810092212905 1.944680077133012 0
0.1105117530471655 1.695455858258849 0
0.1126167639021563 1.008904505049401 0
0.1113954960382955 1.104466167280487 0
0.1125438589757345 2.970985089450541 0
3.077408785120902 2.795439756691162 0
0.07640170197671492 1.753194628143318 0
0.06417508769529373 1.519645792336216 0
0.06335272523617012 2.213085947442508 0
3.07718977719145 1.274155013374658 0
0.06437137323445132 1.86337353953097 0
3.109325821014645 1.215005970407896 0
0.06806779279820227 2.703196093629423 0
0.06727386095215379 2.300091620536299 0
$EndNodes
$Elements
9 9780 1 9780
0 1 15 1
1 1 
0 2 15 1
2 2 
0 3 15 1
3 3 
0 4 15 1
4 4 
1 1 1 64
5 1 5 
6 5 6 
7 6 7 
8 7 8 
9 8 9 
10 9 10 
11 10 11 
12 11 12 
13 12 13 
14 13 14 
15 14 15 
16 15 16 
17 16 17 
18 17 18 
19 18 19 
20 19 20 
21 20 21 
22 21 22 
23 22 23 
24 23 24 
25 24 25 
26 25 26 
27 26 27 
28 27 28 
29 28 29 
30 29 30 
31 30 31 
32 31 32 
33 32 33 
34 33 34 
35 34 35 
36 35 36 
37 36 37 
38 37 38 
39 38 39 
40 39 40 
41 40 41 
42 41 42 
43 42 43 
44 43 44 
45 44 45 
46 45 46 
47 46 47 
48 47 48 
49 48 49 
50 49 50 
51 50 51 
52 51 52 
53 52 53 
54 53 54 
55 54 55 
56 55 56 
57 56 57 
58 57 58 
59 58 59 
60 59 60 
61 60 61 
62 61 62 
63 62 63 
64 63 64 
65 64 65 
66 65 66 
67 66 67 
68 67 2 
1 2 1 64
69 2 68 
70 68 69 
71 69 70 
72 70 71 
73 71 72 
74 72 73 
75 73 74 
76 74 75 
77 75 76 
78 76 77 
79 77 78 
80 78 79 
81 79 80 
82 80 81 
83 81 82 
84 82 83 
85 83 84 
86 84 85 
87 85 86 
88 86 87 
89 87 88 
90 88 89 
91 89 90 
92 90 91 
93 91 92 
94 92 93 
95 93 94 
96 94 95 
97 95 96 
98 96 97 
99 97 98 
100 98 99 
101 99 100 
102 100 101 
103 101 102 
104 102 103 
105 103 104 
106 104 105 
107 105 106 
108 106 107 
109 107 108 
110 108 109 
111 109 110 
112 110 111 
113 111 112 
114 112 113 
115 113 114 
116 114 115 
117 115 116 
118 116 117 
119 117 118 
120 118 119 
121 119 120 
122 120 121 
123 121 122 
124 122 123 
125 123 124 
126 124 125 
127 125 126 
128 126 127 
129 127 128 
130 128 129 
131 129 130 
132 130 3 
1 3 1 64
133 3 131 
134 131 132 
135 132 133 
136 133 134 
137 134 135 
138 135 136 
139 136 137 
140 137 138 
141 138 139 
142 139 140 
143 140 141 
144 141 142 
145 142 143 
146 143 144 
147 144 145 
148 145 146 
149 146 147 
150 147 148 
151 148 149 
152 149 150 
153 150 151 
154 151 152 
155 152 153 
156 153 154 
157 154 155 
158 155 156 
159 156 157 
160 157 158 
161 158 159 
162 159 160 
163 160 161 
164 161 162 
165 162 163 
166 163 164 
167 164 165 
168 165 166 
169 166 167 
170 167 168 
171 168 169 
172 169 170 
173 170 171 
174 171 172 
175 172 173 
176 173 174 
177 174 175 
178 175 176 
179 176 177 
180 177 178 
181 178 179 
182 179 180 
183 180 181 
184 181 182 
185 182 183 
186 183 184 
187 184 185 
188 185 186 
189 186 187 
190 187 188 
191 188 189 
192 189 190 
193 190 191 
194 191 192 
195 192 193 
196 193 4 
1 4 1 64
197 4 194 
198 194 195 
199 195 196 
200 196 197 
201 197 198 
202 198 199 
203 199 200 
204 200 201 
205 201 202 
206 202 203 
207 203 204 
208 204 205 
209 205 206 
210 206 207 
211 207 208 
212 208 209 
213 209 210 
214 210 211 
215 211 212 
216 212 213 
217 213 214 
218 214 215 
219 215 216 
220 216 217 
221 217 218 
222 218 219 
223 219 220 
224 220 221 
225 221 222 
226 222 223 
227 223 224 
228 224 225 
229 225 226 
230 226 227 
231 227 228 
232 228 229 
233 229 230 
234 230 231 
235 231 232 
236 232 233 
237 233 234 
238 234 235 
239 235 236 
240 236 237 
241 237 238 
242 238 239 
243 239 240 
244 240 241 
245 241 242 
246 242 243 
247 243 244 
248 244 245 
249 245 246 
250 246 247 
251 247 248 
252 248 249 
253 249 250 
254 250 251 
255 251 252 
256 252 253 
257 253 254 
258 254 255 
259 255 256 
260 256 1 
2 1 2 9520
261 292 3068 3174 
262 2909 281 4196 
263 4713 2865 4854 
264 2508 3296 3367 
265 309 125 2906 
266 4189 2860 4856 
267 289 4713 4854 
268 4224 4712 4855 
269 3068 292 4850 
270 3171 353 4709 
271 2282 3269 3576 
272 3076 312 4796 
273 296 3698 4798 
274 307 4189 4856 
275 3382 2367 4025 
276 2877 258 2879 
277 4712 300 4855 
278 280 2862 3854 
279 281 2909 4834 
280 276 239 2905 
281 2577 2189 3092 
282 2179 2832 3128 
283 3171 4709 4848 
284 218 264 2904 
285 3698 296 4838 
286 312 3076 4837 
287 278 2873 4049 
288 2867 328 3145 
289 2874 352 3265 
290 284 2886 2901 
291 2881 293 3748 
292 336 3064 3132 
293 345 2876 3898 
294 272 2875 3908 
295 3231 344 3233 
296 270 213 2913 
297 2862 280 4843 
298 2879 258 4839 
299 2762 3262 4060 
300 3163 3161 3867 
301 354 3058 3060 
302 288 3134 3699 
303 2910 2840 3577 
304 272 87 2902 
305 2198 3099 4809 
306 3249 2839 4395 
307 3262 2762 4804 
308 2189 2589 3092 
309 2593 2179 3128 
310 309 2906 4806 
311 3367 3296 4805 
312 125 126 2906 
313 3193 2892 3194 
314 2873 278 4833 
315 284 2901 4841 
316 2367 3382 4802 
317 3269 2282 4801 
318 3296 2508 4800 
319 3576 3269 4807 
320 344 3231 4842 
321 3867 3161 4857 
322 2893 356 2894 
323 239 240 2905 
324 3382 4025 4810 
325 217 218 2904 
326 328 2867 4829 
327 2891 319 2893 
328 68 69 3169 
329 352 2874 4827 
330 276 2905 4816 
331 2881 3748 4825 
332 87 88 2902 
333 3099 2198 4840 
334 354 3060 4845 
335 3249 4395 4859 
336 213 214 2913 
337 270 2913 4813 
338 2904 264 4818 
339 2577 3092 4811 
340 3128 2832 4812 
341 3064 336 4821 
342 3898 2876 4822 
343 2899 301 3964 
344 3194 2892 4863 
345 2875 272 4820 
346 3094 4678 4855 
347 3672 4711 4856 
348 2840 2910 4132 
349 3159 324 3160 
350 82 83 3232 
351 1729 1969 4793 
352 286 2889 4853 
353 2864 3154 4854 
354 3699 3134 3871 
355 2895 303 2896 
356 68 3169 4870 
357 3908 2875 4817 
358 3132 3064 4814 
359 2876 345 4815 
360 2861 3047 4852 
361 2900 342 4041 
362 337 2890 2910 
363 312 3192 4796 
364 3697 340 3699 
365 342 2901 4041 
366 3160 324 3161 
367 303 2895 2897 
368 293 2881 4805 
369 3490 3072 4850 
370 1784 3164 3166 
371 2903 318 3905 
372 272 2902 4820 
373 2841 3245 3247 
374 296 4798 4819 
375 2910 2890 4132 
376 2874 3265 4808 
377 3099 3102 4809 
378 2880 2879 3150 
379 288 3699 4867 
380 2868 2869 4788 
381 3697 3699 3871 
382 3905 318 4848 
383 301 2907 3964 
384 2867 3145 4810 
385 3076 3072 3490 
386 340 3697 3698 
387 2866 2865 4713 
388 300 3094 4855 
389 4224 2883 4712 
390 1784 3166 3168 
391 3672 2885 4711 
392 2890 337 2909 
393 2880 3100 4319 
394 356 2893 4847 
395 2910 3577 4872 
396 4709 353 4791 
397 3058 354 4792 
398 4711 307 4856 
399 280 82 3232 
400 3154 289 4854 
401 3110 286 4853 
402 4060 3262 4816 
403 1969 3167 4793 
404 4049 2873 4811 
405 4196 281 4812 
406 3259 3262 4804 
407 2893 319 4847 
408 2863 2858 4889 
409 1155 1599 3168 
410 4716 2863 4889 
411 2897 2912 2913 
412 3047 326 4852 
413 2197 1994 2911 
414 258 2877 4808 
415 3047 2861 4833 
416 292 3490 4850 
417 2894 356 4794 
418 2897 2911 2912 
419 1983 4787 4799 
420 4678 3094 4829 
421 2860 4189 4827 
422 2868 4788 4882 
423 319 2891 4831 
424 2886 284 4814 
425 3854 2862 4815 
426 3233 344 4817 
427 2841 3247 4874 
428 2889 286 4836 
429 3154 2864 4835 
430 3577 2840 4823 
431 3174 3068 4821 
432 3134 288 4822 
433 1230 1155 3168 
434 1599 1784 3168 
435 3232 83 4842 
436 1994 2182 2911 
437 2895 2197 2911 
438 1812 4714 4715 
439 3160 3161 3162 
440 1784 1729 4793 
441 301 2899 4846 
442 3147 4727 4728 
443 4727 1969 4728 
444 3158 3167 4727 
445 2842 3595 4861 
446 318 3171 4848 
447 3595 2842 4864 
448 3158 3160 3167 
449 3098 4111 4875 
450 2880 3150 4865 
451 2897 2895 2911 
452 317 3060 4873 
453 4111 3098 4840 
454 3167 1969 4727 
455 3100 2880 4865 
456 3162 3161 3163 
457 3160 3162 3167 
458 3382 3350 4802 
459 2913 2912 4813 
460 3060 317 4845 
461 324 3159 4844 
462 3059 2510 4789 
463 4714 2914 4715 
464 3452 2553 4719 
465 4718 3452 4719 
466 4710 2191 4876 
467 4825 331 4888 
468 4722 2176 4786 
469 4721 4371 4765 
470 4724 3274 4768 
471 330 4739 4769 
472 3266 4736 4761 
473 1742 4738 4771 
474 4380 4729 4740 
475 4723 1725 4770 
476 3197 4734 4762 
477 3494 4730 4746 
478 2566 4733 4752 
479 1948 4737 4765 
480 2572 4735 4784 
481 3450 4731 4782 
482 2165 4732 4781 
483 4726 9 4778 
484 4725 60 4776 
485 4720 20 4775 
486 4718 28 4773 
487 4717 31 4772 
488 4787 3166 4799 
489 3162 3163 3164 
490 2911 2182 2912 
491 3103 4710 4876 
492 3164 3163 3165 
493 2912 2182 2914 
494 3270 3269 4801 
495 3164 3165 3166 
496 3115 2251 3116 
497 1464 3214 4696 
498 1464 2915 3346 
499 325 2923 3050 
500 285 2929 3114 
501 2923 2470 3050 
502 2929 2536 3114 
503 2921 2533 4187 
504 2925 950 3346 
505 349 2921 4187 
506 2915 2925 3346 
507 4151 950 4633 
508 3050 3180 4663 
509 950 2925 4633 
510 2915 1464 4696 
511 2934 1971 3197 
512 776 2920 3327 
513 2849 2934 3197 
514 2918 1462 3327 
515 1353 1355 4616 
516 2920 2918 3327 
517 2917 1462 2918 
518 2994 1553 4619 
519 3376 1979 3949 
520 1979 1789 2952 
521 1979 2952 3949 
522 1358 1359 2928 
523 3330 2200 3997 
524 1351 1353 2965 
525 2898 3376 3949 
526 3328 3330 3997 
527 3180 2538 4663 
528 383 381 3292 
529 2602 4071 4125 
530 1554 2993 2996 
531 2952 1789 2953 
532 2993 1554 2995 
533 395 393 4325 
534 3114 3115 3116 
535 1549 2935 4112 
536 2920 776 3328 
537 516 3293 4408 
538 397 395 3038 
539 2940 492 3477 
540 2938 1278 2939 
541 1278 2938 3477 
542 2990 2994 4619 
543 2205 4158 4503 
544 2009 2944 2947 
545 2602 1400 2964 
546 2938 2940 3477 
547 2602 2964 4071 
548 2944 2629 2947 
549 3214 3115 4696 
550 492 2940 3925 
551 1644 2949 3676 
552 387 385 3312 
553 3038 395 4325 
554 1400 1351 2965 
555 4624 308 4706 
556 2964 1400 2965 
557 1643 2930 2931 
558 2949 2930 3676 
559 3126 2274 4444 
560 2410 1643 2931 
561 3328 3997 4314 
562 2930 1643 3676 
563 1390 2926 2927 
564 2251 3115 3214 
565 2935 1549 3337 
566 2965 1353 4616 
567 2936 1499 3784 
568 4540 2634 4614 
569 575 2937 3627 
570 474 2945 3784 
571 2945 2936 3784 
572 2937 575 3978 
573 4531 865 4538 
574 2958 2608 4485 
575 3372 2959 4506 
576 3627 2603 3918 
577 575 3627 3918 
578 2538 2537 4708 
579 2603 3821 3918 
580 1486 2943 3315 
581 1358 2928 4664 
582 2214 2215 3822 
583 3373 4531 4538 
584 3822 2215 4105 
585 2926 1390 2957 
586 591 588 3673 
587 2994 3126 4444 
588 2288 2286 3896 
589 2960 2609 4136 
590 3337 1549 4270 
591 2611 3337 4270 
592 4335 3212 4653 
593 1486 3315 3444 
594 3612 2604 3670 
595 1642 2932 3039 
596 2920 3328 4314 
597 2203 2205 3039 
598 586 3612 3670 
599 3039 2205 4503 
600 586 2951 3612 
601 269 2916 4568 
602 2610 2609 2960 
603 811 2950 3211 
604 428 811 3211 
605 3074 3077 4652 
606 870 2958 4485 
607 570 566 3613 
608 426 424 3593 
609 866 3372 4506 
610 2966 2946 4029 
611 1655 2966 4029 
612 3114 2536 3115 
613 491 2954 3220 
614 434 491 3220 
615 3070 3486 4637 
616 1538 1535 3010 
617 3312 516 4408 
618 2612 2888 3111 
619 1279 3962 4073 
620 3614 1279 4073 
621 4200 3590 4618 
622 304 2922 4512 
623 347 3206 4670 
624 2946 1652 4029 
625 3045 962 3046 
626 317 2941 4608 
627 1359 1390 2928 
628 2241 2701 2985 
629 263 4611 4623 
630 1536 1539 2996 
631 2612 3111 3183 
632 2944 2948 4149 
633 2922 304 4634 
634 2929 285 4674 
635 1553 2994 4444 
636 3050 2470 3180 
637 3332 3333 4530 
638 1462 2917 3292 
639 4563 269 4568 
640 4620 259 4655 
641 2623 3501 4615 
642 4512 2634 4540 
643 2935 2612 3183 
644 2924 2923 4554 
645 2623 4615 4624 
646 2944 2009 2948 
647 1122 1124 3826 
648 2634 2916 4614 
649 2924 4554 4563 
650 263 3501 4611 
651 2950 811 3212 
652 3063 3066 4605 
653 2969 1243 4239 
654 3022 2239 3396 
655 4334 2442 4428 
656 1642 397 3038 
657 2932 2203 3039 
658 2932 1642 3038 
659 2916 269 4614 
660 432 430 4667 
661 1243 2969 3682 
662 2247 3006 4481 
663 4613 4187 4621 
664 906 879 3046 
665 2609 962 3045 
666 1539 1554 2996 
667 3023 3022 3396 
668 2970 3681 3682 
669 2969 2970 3682 
670 2609 3045 4136 
671 1667 2971 3747 
672 2971 2613 3747 
673 1361 1363 2957 
674 2923 325 4554 
675 2971 1667 2973 
676 2411 2986 2995 
677 2983 1752 3226 
678 1461 1428 2963 
679 4607 3675 4648 
680 1390 2927 2928 
681 2600 2952 2953 
682 2978 1244 2980 
683 2983 2980 3842 
684 2980 1244 3842 
685 1752 2983 3842 
686 1128 1130 3869 
687 2410 2931 3981 
688 381 1462 3292 
689 1971 2934 4535 
690 4187 2533 4621 
691 1652 2946 2985 
692 3360 1482 4008 
693 2939 1278 3312 
694 3746 1475 4472 
695 516 383 3292 
696 4611 2624 4623 
697 3000 3226 3893 
698 3821 2603 3822 
699 2935 3183 4112 
700 2924 4563 4568 
701 2603 2214 3822 
702 3007 2614 4369 
703 813 848 4542 
704 2946 2241 2985 
705 2064 2942 4490 
706 3226 1752 3893 
707 3000 1665 3679 
708 304 4512 4540 
709 2602 4125 4496 
710 2751 3124 3314 
711 1665 3000 3893 
712 438 436 4654 
713 2997 2638 4249 
714 2747 4613 4621 
715 3622 4490 4699 
716 1390 1361 2957 
717 1499 2936 3896 
718 2751 3314 3315 
719 1278 387 3312 
720 385 516 3312 
721 2610 2960 3152 
722 1622 3066 3604 
723 1067 2997 4249 
724 3896 2937 3978 
725 2453 2967 3729 
726 1535 1537 3010 
727 3501 263 4615 
728 3403 814 3404 
729 814 798 3404 
730 1622 3604 3605 
731 2624 2922 4634 
732 3333 1514 4530 
733 3012 1475 3735 
734 190 317 4608 
735 3034 3032 4360 
736 2934 4527 4535 
737 2995 1554 4110 
738 3737 2228 4013 
739 674 3013 3735 
740 3013 3012 3735 
741 2967 2453 4216 
742 393 492 4325 
743 2064 1618 4519 
744 3006 2454 4481 
745 962 906 3046 
746 2968 3020 3729 
747 2967 2968 3729 
748 4158 2945 4503 
749 3472 3469 4645 
750 2921 349 4620 
751 2608 3046 4485 
752 3051 2622 4515 
753 4519 1618 4527 
754 2635 2618 4313 
755 2411 2985 2986 
756 3124 2751 3981 
757 1537 2956 3010 
758 3359 495 3425 
759 2943 1486 3673 
760 516 3292 3293 
761 1252 3007 4369 
762 3077 1233 4652 
763 3330 4151 4633 
764 798 813 3404 
765 3679 1665 3680 
766 3017 1873 3703 
767 2998 2297 3176 
768 2921 4620 4655 
769 2170 2998 3176 
770 2618 2668 3008 
771 3013 674 3736 
772 3015 1873 3017 
773 1873 3015 3720 
774 1486 591 3673 
775 3015 3016 3720 
776 3004 3005 4165 
777 430 428 3211 
778 1063 3004 4165 
779 503 3863 3916 
780 2956 1537 3142 
781 3142 3125 4126 
782 588 587 3673 
783 3720 3016 3845 
784 3030 794 3037 
785 2988 2993 2995 
786 3315 3314 3444 
787 3673 587 4128 
788 4616 1358 4664 
789 3359 3360 4008 
790 3028 794 3030 
791 3567 924 4488 
792 3024 2294 3563 
793 2442 3024 3563 
794 2727 2235 3025 
795 3486 1593 4637 
796 2235 1824 3053 
797 794 3028 3831 
798 3028 2621 3831 
799 2947 2629 4510 
800 2286 2937 3896 
801 3025 2235 3053 
802 492 3925 4325 
803 1475 3012 4472 
804 3206 347 4672 
805 563 3011 3267 
806 2936 2288 3896 
807 3294 2274 4705 
808 3003 3011 3861 
809 587 3670 4128 
810 3008 2668 4317 
811 2985 2701 2986 
812 436 434 3220 
813 1840 2239 4596 
814 2951 586 3613 
815 2228 3737 3738 
816 1481 3003 3861 
817 2727 3025 3788 
818 3242 849 4407 
819 3043 3272 3936 
820 3152 2044 3153 
821 2618 3008 4313 
822 2621 3040 3621 
823 2954 491 3970 
824 2621 2236 3040 
825 795 3034 4360 
826 2947 4510 4516 
827 2621 3621 3831 
828 3670 2604 4128 
829 3736 3737 4013 
830 4527 1618 4535 
831 3405 3035 4511 
832 3011 563 3861 
833 4149 2948 4538 
834 2646 4436 4658 
835 4592 2783 4636 
836 2931 3124 3981 
837 2631 3866 4629 
838 3151 1158 3850 
839 4600 2637 4602 
840 2411 2995 4110 
841 586 570 3613 
842 2962 3630 3853 
843 424 2615 3593 
844 1355 1358 4616 
845 3362 310 4594 
846 2236 2984 3040 
847 566 1279 3613 
848 811 426 3593 
849 2238 2984 3041 
850 2961 3151 3850 
851 2961 1494 3630 
852 2442 3563 4428 
853 3962 3472 4073 
854 1198 2962 3853 
855 2984 2238 3040 
856 3267 3042 3859 
857 3362 2652 4587 
858 3199 2704 4096 
859 3020 2968 3738 
860 2962 1198 3760 
861 1824 1822 3053 
862 3630 1494 3853 
863 2960 2044 3152 
864 1494 2961 3850 
865 2942 2064 4519 
866 1140 1142 3680 
867 3010 2611 4270 
868 4594 310 4602 
869 563 3267 3859 
870 3613 1279 3614 
871 2986 2988 2995 
872 3404 813 4542 
873 2345 3002 3078 
874 3066 1622 4605 
875 3567 2727 3788 
876 3042 1472 3859 
877 1472 3042 3043 
878 2079 2602 4496 
879 2945 474 4503 
880 865 4149 4538 
881 3209 1047 4673 
882 1789 1461 2963 
883 2949 1644 4516 
884 3422 3420 4495 
885 4642 1715 4646 
886 3016 3108 4017 
887 1472 3043 3936 
888 3845 3016 4017 
889 2785 2250 3862 
890 4623 2624 4634 
891 2959 2958 4506 
892 4510 2949 4516 
893 2044 2191 3153 
894 3003 1481 3862 
895 3373 3372 4531 
896 814 3403 3405 
897 3005 3288 4165 
898 3863 3862 3916 
899 4144 1831 4582 
900 2079 4496 4618 
901 290 2975 4593 
902 285 141 4674 
903 3078 3002 3251 
904 3108 973 4017 
905 2976 914 4626 
906 3119 3122 3123 
907 1243 3826 4239 
908 973 3108 3791 
909 3681 2970 3844 
910 1243 1122 3826 
911 3760 1198 3844 
912 1124 3747 3826 
913 1638 3078 3251 
914 2373 3051 4515 
915 2239 3022 4596 
916 1538 3010 4270 
917 4509 3675 4532 
918 2029 3470 4102 
919 2993 2990 4619 
920 973 3791 3793 
921 2973 1667 3869 
922 3405 2357 3751 
923 3032 3037 4360 
924 1665 1140 3680 
925 1244 2978 3869 
926 3206 3205 4670 
927 3212 3593 4653 
928 2228 3738 4051 
929 2813 4003 4581 
930 4522 2640 4529 
931 2963 4200 4618 
932 2568 3176 3177 
933 4587 2652 4591 
934 3470 2029 4087 
935 2963 1428 4200 
936 495 3359 4008 
937 2727 3567 4488 
938 2647 3125 3142 
939 3828 1679 4252 
940 2029 4102 4145 
941 2297 2998 3178 
942 3747 2613 3826 
943 278 208 3047 
944 3243 3279 3317 
945 2568 2170 3176 
946 2614 3680 4369 
947 1130 1244 3869 
948 2976 2977 4643 
949 310 4600 4602 
950 1667 1128 3869 
951 2268 1760 3624 
952 3052 2172 3061 
953 547 549 3574 
954 1205 1207 4202 
955 2566 3052 3061 
956 334 3014 4565 
957 3078 1638 3961 
958 4102 2631 4145 
959 1677 1678 3356 
960 3208 3209 4673 
961 2956 3142 4126 
962 2958 870 4506 
963 277 145 3049 
964 1638 3368 3961 
965 2970 3760 3844 
966 3354 1677 3356 
967 1259 3353 3685 
968 3351 3352 3426 
969 3981 2750 4306 
970 373 371 4151 
971 1498 3018 3019 
972 3243 3242 4407 
973 2600 2953 4496 
974 1666 3203 4434 
975 1829 1985 4425 
976 1207 1246 3686 
977 2953 1789 2963 
978 3328 776 3329 
979 274 3543 4589 
980 708 3021 3737 
981 3368 2673 3961 
982 3119 3117 3122 
983 2250 3003 3862 
984 1248 1250 3782 
985 2957 1363 4491 
986 1207 3686 4202 
987 2673 3368 3369 
988 2043 3199 4096 
989 1679 3048 4252 
990 430 3211 4667 
991 3454 2269 3986 
992 3013 3736 4013 
993 3372 866 4531 
994 3117 38 3122 
995 3133 1985 3871 
996 375 373 3329 
997 2667 3556 4130 
998 3242 3241 4588 
999 3134 3133 3871 
1000 3271 597 3272 
1001 3272 597 3936 
1002 2608 3045 3046 
1003 3178 2999 3215 
1004 2381 2547 4689 
1005 3203 1666 4436 
1006 208 209 3047 
1007 3032 3030 3037 
1008 3329 373 4151 
1009 3738 2968 4051 
1010 2997 1067 4246 
1011 2200 3330 4633 
1012 145 146 3049 
1013 3554 4544 4553 
1014 2638 3004 4249 
1015 1047 4656 4673 
1016 182 334 4565 
1017 815 4228 4438 
1018 4643 2977 4656 
1019 914 4601 4626 
1020 1223 4334 4428 
1021 2998 2999 3178 
1022 4593 2975 4610 
1023 2516 2976 4626 
1024 3041 2268 3624 
1025 2966 4522 4529 
1026 2785 3862 3863 
1027 3021 708 3739 
1028 2916 3320 4568 
1029 794 744 3037 
1030 198 199 3027 
1031 2966 1655 4522 
1032 106 266 3101 
1033 918 3422 4495 
1034 2043 3198 3199 
1035 2043 2053 3198 
1036 3791 3792 3793 
1037 2215 4335 4653 
1038 744 756 3037 
1039 2412 2146 4579 
1040 2667 3546 3556 
1041 184 290 4593 
1042 2812 2813 4162 
1043 4588 3241 4601 
1044 2518 2413 4575 
1045 1008 958 3345 
1046 3425 495 4460 
1047 135 136 357 
1048 2623 4624 4706 
1049 4144 2812 4162 
1050 4337 1483 4344 
1051 304 153 4634 
1052 140 141 285 
1053 203 204 286 
1054 3099 3101 3102 
1055 2453 2247 4481 
1056 597 3271 3607 
1057 4681 3399 4686 
1058 3277 780 4244 
1059 436 3220 4654 
1060 677 679 3739 
1061 2053 2667 3207 
1062 3236 3237 4578 
1063 675 708 3736 
1064 2038 3036 3624 
1065 3198 2053 3207 
1066 2707 3087 3701 
1067 674 675 3736 
1068 4399 1761 4405 
1069 3087 810 3701 
1070 1459 3009 4377 
1071 3001 259 4636 
1072 3271 2639 3607 
1073 3005 3287 3288 
1074 1761 3601 4405 
1075 3601 1761 4423 
1076 2652 3362 4594 
1077 2209 2210 3293 
1078 4389 473 4403 
1079 3006 3332 4530 
1080 2657 2238 3041 
1081 3004 1063 4249 
1082 3634 1473 4328 
1083 3199 2635 4313 
1084 1498 3019 3739 
1085 780 4131 4244 
1086 347 4670 4674 
1087 4373 1459 4377 
1088 3018 1498 3453 
1089 2668 3746 4472 
1090 209 210 326 
1091 146 147 325 
1092 3546 3309 3556 
1093 3277 3278 4332 
1094 3143 1544 4223 
1095 776 375 3329 
1096 997 3082 3083 
1097 3148 3157 3158 
1098 3246 3248 3249 
1099 3152 2619 4301 
1100 205 348 3091 
1101 3246 3244 3248 
1102 290 4587 4591 
1103 105 106 3101 
1104 3675 4509 4648 
1105 2783 3001 4636 
1106 815 3189 3899 
1107 4423 2059 4617 
1108 1536 2996 4537 
1109 681 683 3453 
1110 4131 2639 4244 
1111 3046 879 4485 
1112 2673 3369 4170 
1113 2520 2518 4348 
1114 3357 3359 3425 
1115 1181 1183 3605 
1116 1246 1259 3686 
1117 3189 3187 3899 
1118 3504 3503 4457 
1119 1259 3685 3686 
1120 3339 2064 4490 
1121 4670 2929 4674 
1122 3420 3419 3573 
1123 1183 1622 3605 
1124 849 4364 4407 
1125 3189 815 4438 
1126 186 3362 4587 
1127 1678 2041 3356 
1128 1985 3133 4425 
1129 2380 2378 4660 
1130 3590 2079 4618 
1131 3387 2446 4345 
1132 3419 1285 3573 
1133 1676 3351 3426 
1134 2941 2637 4608 
1135 3403 2357 3405 
1136 3355 3357 3425 
1137 2262 4688 4701 
1138 2647 3143 4223 
1139 4332 3278 4364 
1140 4406 3408 4418 
1141 2268 3041 3550 
1142 3540 3541 4597 
1143 3007 1252 4399 
1144 132 133 3054 
1145 700 3090 3453 
1146 3179 359 3410 
1147 1948 4371 4378 
1148 1272 3307 4359 
1149 3041 2984 3550 
1150 3355 3356 3357 
1151 3793 3792 4228 
1152 4073 3472 4645 
1153 3026 2380 4660 
1154 3187 1861 3899 
1155 3408 2350 4385 
1156 3207 2667 4130 
1157 3090 3454 3986 
1158 3386 3387 4345 
1159 1285 3419 3421 
1160 3607 2639 4131 
1161 3036 2038 4277 
1162 3007 4399 4405 
1163 2614 3679 3680 
1164 3021 3020 3738 
1165 470 472 3135 
1166 1861 3187 3188 
1167 2950 3212 3834 
1168 1677 3354 3782 
1169 2861 2835 3112 
1170 549 553 3574 
1171 3369 3342 4170 
1172 3101 266 3102 
1173 300 229 3094 
1174 298 166 3093 
1175 3426 3425 4460 
1176 180 282 4573 
1177 3035 3405 3751 
1178 4125 2600 4496 
1179 2772 3080 4567 
1180 3259 3261 3262 
1181 49 275 3253 
1182 4371 3236 4378 
1183 3116 2251 3179 
1184 2975 290 4591 
1185 3573 547 3574 
1186 3643 4195 4215 
1187 299 40 3104 
1188 297 103 3095 
1189 4326 2520 4348 
1190 2257 2660 3762 
1191 401 399 3662 
1192 1285 3421 3474 
1193 2649 2648 3229 
1194 3279 3243 4407 
1195 2640 2641 4539 
1196 3396 3395 4651 
1197 3082 997 3088 
1198 3379 3378 4169 
1199 3285 1251 3287 
1200 1642 3039 3662 
1201 2775 3062 4584 
1202 3061 2172 4268 
1203 3009 1459 4389 
1204 3035 3034 4511 
1205 609 607 4228 
1206 3017 3703 4373 
1207 1740 1971 4535 
1208 3044 868 4534 
1209 472 919 3135 
1210 3009 4389 4403 
1211 933 916 3088 
1212 3081 970 4433 
1213 3353 1259 3782 
1214 780 3277 4332 
1215 1760 2038 3624 
1216 3017 4373 4377 
1217 919 3084 3135 
1218 1544 4141 4188 
1219 2704 3199 4313 
1220 3769 2270 3789 
1221 3352 3355 3426 
1222 3259 3257 3261 
1223 2660 3678 3762 
1224 2649 3229 3230 
1225 3604 3070 4637 
1226 3639 3640 4267 
1227 3148 3156 3157 
1228 204 205 3091 
1229 3486 3074 4652 
1230 3335 4439 4440 
1231 936 1286 3661 
1232 332 139 3113 
1233 848 868 4542 
1234 3287 3005 3706 
1235 1250 1677 3782 
1236 3204 2440 4299 
1237 2742 3325 4431 
1238 2657 3041 3624 
1239 2294 3024 4418 
1240 3323 3324 4555 
1241 331 202 3110 
1242 4105 2215 4653 
1243 427 778 4387 
1244 3420 3574 4495 
1245 2884 2550 3129 
1246 3287 1251 3288 
1247 4141 3089 4188 
1248 3316 3317 4204 
1249 934 959 3288 
1250 195 196 3055 
1251 1259 1248 3782 
1252 2427 3702 4350 
1253 1229 3379 4169 
1254 1877 3105 3935 
1255 4651 3395 4661 
1256 1251 3285 3824 
1257 1286 3437 3661 
1258 2270 3769 3770 
1259 102 297 3150 
1260 4216 2453 4481 
1261 2410 3981 4306 
1262 2669 4307 4443 
1263 4260 3036 4277 
1264 3090 700 3454 
1265 2647 3142 3143 
1266 281 118 3127 
1267 361 359 3179 
1268 371 950 4151 
1269 3080 2531 4567 
1270 282 3086 4573 
1271 332 3116 3179 
1272 283 55 3131 
1273 284 244 3132 
1274 3105 1877 3106 
1275 2643 3634 4328 
1276 3089 1563 4172 
1277 3285 3282 3824 
1278 1422 3336 4466 
1279 3501 2525 4611 
1280 1679 1205 4202 
1281 297 3095 3096 
1282 3756 3828 4252 
1283 3062 1633 4584 
1284 3244 111 3248 
1285 3157 355 3169 
1286 970 3446 4433 
1287 1534 1544 3143 
1288 3286 3287 3706 
1289 4364 3278 4407 
1290 3360 4607 4648 
1291 2681 3334 4552 
1292 332 3113 3116 
1293 2595 2596 3233 
1294 1861 3188 3800 
1295 4571 720 4683 
1296 2350 3408 4406 
1297 2619 3152 3153 
1298 4145 2631 4629 
1299 1544 4188 4223 
1300 1457 1008 3345 
1301 3325 1145 4431 
1302 958 997 3345 
1303 868 869 4534 
1304 3243 3317 3318 
1305 3091 348 3092 
1306 66 355 3156 
1307 2707 3701 3702 
1308 3439 2364 3995 
1309 3212 811 3593 
1310 4317 2668 4472 
1311 4565 3014 4570 
1312 3680 1142 4369 
1313 3336 3928 4466 
1314 2284 3347 3480 
1315 2647 2500 3125 
1316 708 677 3739 
1317 3106 1877 4090 
1318 2622 3053 4515 
1319 2284 2128 4330 
1320 3049 325 3050 
1321 2917 2209 3293 
1322 3286 2336 3707 
1323 3640 585 4267 
1324 2610 3152 4301 
1325 4278 1699 4347 
1326 814 3405 4511 
1327 2649 3230 3231 
1328 3112 2835 3222 
1329 3422 4260 4277 
1330 3062 3063 4605 
1331 2196 3107 3234 
1332 3480 3347 3931 
1333 3317 3279 4204 
1334 4490 2942 4699 
1335 3024 4406 4418 
1336 3084 919 3545 
1337 1783 4659 4668 
1338 1050 3215 4487 
1339 2336 3286 3706 
1340 3736 708 3737 
1341 2270 3770 3923 
1342 679 1498 3739 
1343 2661 3677 4104 
1344 314 173 3255 
1345 224 225 3268 
1346 997 933 3088 
1347 574 3079 3307 
1348 1378 4657 4702 
1349 924 970 4488 
1350 3079 574 3984 
1351 2812 4144 4582 
1352 3129 2550 3130 
1353 98 99 3265 
1354 48 49 3253 
1355 3387 3388 4366 
1356 1949 3238 3239 
1357 35 36 3266 
1358 1592 1787 3234 
1359 65 66 3156 
1360 1251 934 3288 
1361 1949 3240 3318 
1362 2073 3309 3546 
1363 1111 1113 3844 
1364 2271 2272 3545 
1365 2281 3361 4320 
1366 3048 1679 4202 
1367 3756 2680 4266 
1368 574 3474 3984 
1369 914 2976 4643 
1370 2350 4374 4385 
1371 3474 3421 3984 
1372 43 265 3136 
1373 3436 3439 3995 
1374 4455 3483 4465 
1375 997 3083 3345 
1376 3105 3545 3935 
1377 151 4540 4614 
1378 232 268 3145 
1379 2957 4491 4547 
1380 169 267 3144 
1381 36 37 257 
1382 225 226 260 
1383 99 100 258 
1384 162 163 259 
1385 2454 3006 4530 
1386 199 293 3027 
1387 2274 3126 4705 
1388 3019 3021 3739 
1389 209 326 3047 
1390 1363 1365 4491 
1391 4240 2101 4392 
1392 3580 3581 4297 
1393 146 325 3049 
1394 1633 4580 4584 
1395 607 3793 4228 
1396 1949 3239 3240 
1397 4436 1666 4658 
1398 3587 3589 3740 
1399 4366 3388 4374 
1400 2680 2679 4266 
1401 2498 2647 4223 
1402 1498 681 3453 
1403 3702 3701 4350 
1404 3779 3106 4090 
1405 683 700 3453 
1406 2986 2701 2987 
1407 3770 3771 3923 
1408 3305 1584 3400 
1409 332 3179 3410 
1410 3422 918 4260 
1411 2679 2781 4275 
1412 3707 2336 4066 
1413 3437 1286 3589 
1414 2282 2281 4043 
1415 752 783 3641 
1416 3335 3336 4439 
1417 2578 3222 3302 
1418 1876 3204 4299 
1419 3710 1891 3993 
1420 3225 1476 4011 
1421 3407 3408 4385 
1422 605 973 3793 
1423 3862 1481 3916 
1424 334 4593 4610 
1425 357 294 358 
1426 1065 3659 4209 
1427 2546 3305 3400 
1428 3178 1152 3184 
1429 136 294 357 
1430 2620 2619 3153 
1431 3645 3644 4142 
1432 129 353 3171 
1433 3202 3201 3311 
1434 311 62 3175 
1435 1834 2302 3550 
1436 357 2262 4210 
1437 3057 3295 3296 
1438 4275 2781 4307 
1439 2751 2750 3981 
1440 3436 1000 3661 
1441 4266 2679 4275 
1442 607 605 3793 
1443 3136 265 3137 
1444 3257 237 3261 
1445 4228 3792 4438 
1446 55 56 3131 
1447 244 245 3132 
1448 3223 1476 3225 
1449 1553 4537 4619 
1450 992 3109 4157 
1451 1499 3896 3978 
1452 2648 3107 3229 
1453 173 174 3255 
1454 3709 1891 3710 
1455 3603 3592 4236 
1456 230 328 3094 
1457 41 330 3104 
1458 104 329 3095 
1459 167 327 3093 
1460 4162 2813 4581 
1461 2551 4196 4379 
1462 2922 3002 4512 
1463 3201 901 3311 
1464 3240 3243 3318 
1465 3181 2302 3632 
1466 118 119 3127 
1467 3643 3754 4195 
1468 2629 2011 4510 
1469 3328 3329 3330 
1470 4601 3241 4626 
1471 3640 3707 4066 
1472 314 3255 3256 
1473 3454 4337 4344 
1474 4429 1934 4546 
1475 2680 3756 4252 
1476 2302 3181 3550 
1477 2251 361 3179 
1478 1000 3436 3995 
1479 3088 916 3903 
1480 119 120 333 
1481 182 183 334 
1482 3158 3157 3159 
1483 2677 3273 3903 
1484 3107 2196 3229 
1485 3156 355 3157 
1486 1514 3333 4559 
1487 1458 4221 4245 
1488 399 1642 3662 
1489 637 788 4293 
1490 1003 3237 3322 
1491 1799 1802 3374 
1492 4174 1209 4370 
1493 3392 3500 4184 
1494 1787 2196 3234 
1495 1934 949 4507 
1496 121 289 3154 
1497 2172 1947 4268 
1498 24 25 3172 
1499 849 3242 4588 
1500 56 57 335 
1501 245 246 336 
1502 3225 4661 4691 
1503 1000 936 3661 
1504 2660 3677 3678 
1505 3090 3018 3453 
1506 474 401 3662 
1507 2486 4638 4641 
1508 3644 2407 4142 
1509 3043 2257 3762 
1510 139 140 3113 
1511 3273 3088 3903 
1512 3475 3476 4420 
1513 3204 4294 4298 
1514 3704 3526 4046 
1515 202 203 3110 
1516 1798 1799 3374 
1517 2246 1955 3320 
1518 99 258 3265 
1519 3237 1003 3323 
1520 2690 4469 4478 
1521 3771 2276 3923 
1522 58 291 3173 
1523 3034 795 4511 
1524 624 1493 4309 
1525 3272 3043 3762 
1526 810 3087 4221 
1527 3858 1458 4415 
1528 2916 2246 3320 
1529 247 292 3174 
1530 1949 1766 3238 
1531 2383 2770 4362 
1532 36 257 3266 
1533 2084 3380 4121 
1534 41 42 330 
1535 230 231 328 
1536 225 260 3268 
1537 2661 3190 3677 
1538 3095 329 3097 
1539 4469 440 4478 
1540 104 105 329 
1541 167 168 327 
1542 1537 1534 3143 
1543 2390 3651 3652 
1544 2939 3312 4408 
1545 3863 4509 4532 
1546 3002 2345 4512 
1547 3342 3369 3397 
1548 3343 2315 3558 
1549 2315 3343 3397 
1550 3325 2742 4414 
1551 3300 2570 3493 
1552 350 224 3268 
1553 2578 3112 3222 
1554 901 3201 3937 
1555 4529 2640 4539 
1556 1891 3709 4065 
1557 3127 333 3128 
1558 312 251 3191 
1559 2017 2535 3205 
1560 333 120 3154 
1561 3380 3465 4121 
1562 3565 3438 3588 
1563 252 253 3149 
1564 3307 3079 4359 
1565 1318 2073 4212 
1566 3146 320 3147 
1567 3677 2660 4104 
1568 3709 2719 4065 
1569 1069 3723 4198 
1570 102 103 297 
1571 165 166 298 
1572 321 197 3295 
1573 351 35 3266 
1574 4221 3087 4245 
1575 1545 4112 4217 
1576 39 40 299 
1577 228 229 300 
1578 101 102 3150 
1579 2607 2751 3315 
1580 197 198 3295 
1581 336 246 3174 
1582 3223 2713 3996 
1583 1802 3371 3374 
1584 1476 3223 3996 
1585 3085 4257 4262 
1586 3427 2698 4152 
1587 897 915 3301 
1588 3529 1557 3705 
1589 2315 3397 3409 
1590 62 63 3175 
1591 352 98 3265 
1592 2596 2649 3233 
1593 335 57 3173 
1594 286 204 3091 
1595 1557 3529 3704 
1596 2382 2945 4158 
1597 135 357 4210 
1598 1102 1100 3901 
1599 3588 3438 3589 
1600 3182 3181 3632 
1601 1483 3769 4344 
1602 3373 4538 4635 
1603 63 64 3146 
1604 2943 2607 3315 
1605 2650 3130 3306 
1606 203 286 3110 
1607 2276 3771 3773 
1608 3623 3106 3779 
1609 3385 4311 4312 
1610 3122 299 3123 
1611 1637 1638 3251 
1612 3737 3021 3738 
1613 140 285 3113 
1614 3036 2657 3624 
1615 3210 1552 4194 
1616 1100 3532 3901 
1617 3482 3481 4402 
1618 3629 3732 4206 
1619 1557 3704 4046 
1620 4248 1288 4257 
1621 1312 3616 4026 
1622 1028 1026 3533 
1623 3459 3461 4375 
1624 1420 3482 4402 
1625 4656 2977 4673 
1626 329 105 3101 
1627 63 3146 3175 
1628 2650 3129 3130 
1629 39 299 3122 
1630 3347 2284 4330 
1631 4397 2314 4425 
1632 164 4592 4636 
1633 2318 4331 4470 
1634 3589 1286 3740 
1635 3135 3085 4262 
1636 1700 3651 4068 
1637 320 65 3156 
1638 2390 3652 4067 
1639 3147 320 3148 
1640 3190 2661 3457 
1641 252 3149 3191 
1642 2828 2469 4662 
1643 1214 1045 4208 
1644 3208 2588 3209 
1645 4038 3227 4143 
1646 3511 1711 3513 
1647 26 302 3216 
1648 2351 2441 4241 
1649 2475 4569 4576 
1650 3773 3611 3917 
1651 2272 3084 3545 
1652 1100 1098 3532 
1653 37 38 3117 
1654 1493 3571 4309 
1655 4374 3388 4385 
1656 2984 1834 3550 
1657 166 167 3093 
1658 229 230 3094 
1659 325 147 4554 
1660 3009 2653 4377 
1661 617 615 3800 
1662 942 1145 3324 
1663 1546 1545 3489 
1664 2297 3178 3184 
1665 1152 3178 3215 
1666 3182 3632 3633 
1667 858 901 3937 
1668 2048 3208 3449 
1669 103 104 3095 
1670 1941 1696 4421 
1671 119 333 3127 
1672 2682 3860 4054 
1673 2289 2382 4263 
1674 1761 1260 4423 
1675 3221 1474 3847 
1676 2500 2502 3125 
1677 3742 2734 4124 
1678 40 41 3104 
1679 3158 3159 3160 
1680 2641 2926 4547 
1681 129 130 353 
1682 3543 4234 4589 
1683 1284 3623 3779 
1684 2677 3250 4001 
1685 2174 3298 3299 
1686 2492 3089 4172 
1687 3742 802 4272 
1688 192 193 354 
1689 2174 3299 3300 
1690 2724 3943 4315 
1691 1224 3492 3882 
1692 2264 2134 3481 
1693 2050 2588 3208 
1694 3878 3504 4457 
1695 3105 2271 3545 
1696 2637 4600 4608 
1697 4311 1493 4312 
1698 2803 2805 4168 
1699 1563 3089 4141 
1700 1106 1104 3870 
1701 1802 3370 3371 
1702 44 45 3219 
1703 1281 3213 3306 
1704 1575 3562 3990 
1705 3200 2562 3331 
1706 327 168 3144 
1707 595 752 3641 
1708 328 231 3145 
1709 330 42 3136 
1710 3651 2390 4068 
1711 231 232 3145 
1712 42 43 3136 
1713 1574 4401 4410 
1714 3083 2314 4397 
1715 168 169 3144 
1716 312 3191 3192 
1717 1198 1111 3844 
1718 3097 329 3099 
1719 2730 3603 4236 
1720 3282 3301 3824 
1721 3185 2669 3555 
1722 3517 1575 3990 
1723 3219 45 3274 
1724 1197 3218 3847 
1725 1113 3681 3844 
1726 3170 1941 4421 
1727 3324 1145 3325 
1728 2314 1829 4425 
1729 1004 1152 3215 
1730 1956 1637 3251 
1731 1516 1673 3303 
1732 3218 1197 3860 
1733 2446 3387 4366 
1734 257 3117 3118 
1735 3309 2322 3402 
1736 3218 3221 3847 
1737 783 2283 3641 
1738 2983 3226 3263 
1739 3581 2354 4297 
1740 978 979 3227 
1741 3109 992 4181 
1742 56 335 3131 
1743 2734 2417 4124 
1744 4544 2465 4553 
1745 318 128 3171 
1746 3457 1015 3557 
1747 245 336 3132 
1748 700 685 4337 
1749 3555 2293 3939 
1750 3616 1312 3988 
1751 3601 3599 4405 
1752 3492 2323 3882 
1753 552 550 3473 
1754 992 4157 4176 
1755 3195 2558 3196 
1756 266 107 4100 
1757 4243 3061 4268 
1758 3228 1081 3544 
1759 3659 3234 4209 
1760 2502 2504 2505 
1761 3476 2167 4420 
1762 3500 1060 4184 
1763 3754 2805 4195 
1764 3860 1197 4054 
1765 1574 3634 4401 
1766 3657 3443 3953 
1767 25 26 3216 
1768 3191 3149 3193 
1769 1409 1584 4229 
1770 3507 1712 3509 
1771 743 598 3444 
1772 3226 2716 3263 
1773 3159 3157 3169 
1774 1512 4193 4197 
1775 2273 3378 3379 
1776 2672 4038 4143 
1777 1963 1844 3331 
1778 815 609 4228 
1779 1673 3275 3303 
1780 2562 1963 3331 
1781 1592 3234 3659 
1782 3545 919 3935 
1783 1484 3611 3773 
1784 3483 3482 4465 
1785 550 554 3473 
1786 3541 2261 4597 
1787 3190 3457 3557 
1788 3273 2677 4001 
1789 127 128 318 
1790 190 191 317 
1791 3057 321 3295 
1792 3345 3083 4417 
1793 2862 2195 3297 
1794 4294 1325 4298 
1795 3213 2582 3306 
1796 1812 1664 3319 
1797 2195 2004 3297 
1798 778 3712 4387 
1799 3587 3588 3589 
1800 2485 3210 4194 
1801 3623 1284 3880 
1802 367 1464 3346 
1803 57 58 3173 
1804 1220 1666 4434 
1805 1151 1682 3250 
1806 1284 3636 3880 
1807 3658 2806 3750 
1808 246 247 3174 
1809 251 252 3191 
1810 2283 3638 3639 
1811 4038 2672 4170 
1812 2264 3481 3482 
1813 1766 1768 3238 
1814 3641 3639 4267 
1815 4157 3710 4176 
1816 257 37 3117 
1817 3102 266 3103 
1818 175 274 3254 
1819 1050 1004 3215 
1820 2269 3454 4344 
1821 3184 1152 3657 
1822 585 3640 4066 
1823 3530 1092 3533 
1824 363 2251 3214 
1825 2283 3366 3638 
1826 359 294 3410 
1827 895 897 3301 
1828 2174 1936 3298 
1829 3288 959 4165 
1830 2080 3693 3938 
1831 3413 3182 3633 
1832 2249 2034 3655 
1833 1022 1020 3705 
1834 1290 3531 4147 
1835 268 3381 3382 
1836 2805 3754 4168 
1837 3378 3380 4169 
1838 2273 3377 3378 
1839 120 121 3154 
1840 539 541 3474 
1841 1092 3530 3562 
1842 2050 2587 2588 
1843 3085 4248 4257 
1844 883 843 3558 
1845 4307 2781 4443 
1846 4043 2281 4320 
1847 64 65 320 
1848 253 254 319 
1849 3180 4642 4646 
1850 1083 3427 4152 
1851 3723 2674 4198 
1852 1557 1022 3705 
1853 3420 3573 3574 
1854 253 319 3149 
1855 2928 2927 4557 
1856 1098 1575 3532 
1857 2582 2650 3306 
1858 2174 3300 3493 
1859 1092 1028 3533 
1860 1428 1343 4200 
1861 4193 3155 4197 
1862 2276 3773 3917 
1863 2533 3594 4621 
1864 4026 3654 4062 
1865 3379 4243 4268 
1866 2576 2893 2894 
1867 3049 3050 4663 
1868 1700 3650 3651 
1869 4172 1563 4218 
1870 3751 2357 3910 
1871 3565 1769 4052 
1872 4491 1842 4547 
1873 1955 1953 3320 
1874 2073 3546 4212 
1875 2795 3365 4108 
1876 1964 2558 3195 
1877 1575 3517 3532 
1878 66 67 355 
1879 970 925 3446 
1880 3053 1822 4515 
1881 3240 3239 3241 
1882 2016 2017 3205 
1883 1001 1003 3322 
1884 2320 2924 3186 
1885 3185 3555 3939 
1886 3343 3342 3397 
1887 3172 25 3216 
1888 2681 2144 3334 
1889 3103 266 4100 
1890 3531 3527 4147 
1891 2502 2503 2504 
1892 1712 3507 3684 
1893 1976 2578 3302 
1894 255 256 356 
1895 3014 334 4610 
1896 2349 2350 4406 
1897 2505 2504 2506 
1898 2514 2935 3337 
1899 1178 3660 4000 
1900 3834 3212 4335 
1901 2038 3416 4277 
1902 1224 3338 3492 
1903 1584 3305 4229 
1904 1941 3170 4545 
1905 3636 784 3851 
1906 3213 3228 3544 
1907 3222 1657 3302 
1908 1473 3943 4328 
1909 1520 1522 3294 
1910 3943 2327 4315 
1911 128 129 3171 
1912 1591 1763 3316 
1913 2796 4329 4463 
1914 1802 1803 3370 
1915 3454 700 4337 
1916 1383 1386 4002 
1917 3289 1087 4012 
1918 1627 1976 3302 
1919 3344 3343 3558 
1920 2134 2132 3481 
1921 1426 4693 4694 
1922 2665 3277 4244 
1923 3863 503 4509 
1924 1047 3209 4688 
1925 2512 2514 3337 
1926 3215 2999 4487 
1927 3231 3230 3232 
1928 874 911 3344 
1929 925 927 3446 
1930 4410 3170 4421 
1931 3316 1763 3317 
1932 3488 2709 4064 
1933 38 39 3122 
1934 3213 1281 3228 
1935 174 175 3254 
1936 2588 2587 2829 
1937 3413 1041 3940 
1938 3644 3643 4215 
1939 2144 2142 3334 
1940 172 314 3554 
1941 365 363 3214 
1942 3309 3402 3556 
1943 2507 2506 2508 
1944 1803 1806 3370 
1945 1764 1949 3318 
1946 46 315 3274 
1947 2138 3484 3928 
1948 187 310 3362 
1949 1330 1331 3361 
1950 2806 3658 3915 
1951 1293 2322 3308 
1952 470 3135 4262 
1953 4195 2393 4215 
1954 3142 1537 3143 
1955 3331 1844 3830 
1956 2077 3415 3448 
1957 4083 1566 4094 
1958 3390 2321 3688 
1959 3636 3851 3880 
1960 1235 2064 3339 
1961 4112 3183 4217 
1962 1999 1997 3348 
1963 377 776 3327 
1964 2735 3385 4296 
1965 3235 2275 3236 
1966 198 3027 3295 
1967 1196 3629 4206 
1968 1936 1960 3298 
1969 1971 3195 3197 
1970 2073 3308 3309 
1971 784 3666 4150 
1972 554 3471 3473 
1973 3650 1700 3653 
1974 2514 2513 2591 
1975 2515 4583 4676 
1976 110 111 3244 
1977 615 1861 3800 
1978 189 190 4608 
1979 3702 4278 4347 
1980 2649 3231 3233 
1981 888 854 3466 
1982 598 1486 3444 
1983 1711 3511 3870 
1984 3544 1081 3809 
1985 3759 2360 4009 
1986 3397 2068 3409 
1987 151 152 4540 
1988 1744 2275 3235 
1989 3308 2322 3309 
1990 3398 3399 3400 
1991 3184 3657 3953 
1992 1331 1438 3361 
1993 1740 1964 1971 
1994 1658 1657 3423 
1995 2505 2506 2507 
1996 3728 1029 3909 
1997 2815 4240 4392 
1998 541 1285 3474 
1999 4382 1420 4402 
2000 2344 3584 3649 
2001 3263 2716 3635 
2002 3216 302 3217 
2003 2048 2050 3208 
2004 3332 2515 3333 
2005 201 202 331 
2006 908 963 3340 
2007 3365 1168 4108 
2008 2672 2673 4170 
2009 138 139 332 
2010 3578 1479 3902 
2011 868 3044 4542 
2012 3313 772 3314 
2013 2669 3185 4307 
2014 1003 942 3324 
2015 3304 3578 3902 
2016 2612 2591 2888 
2017 1188 1235 3339 
2018 2708 3660 3667 
2019 358 294 359 
2020 369 367 3346 
2021 3617 1214 4208 
2022 1712 1106 3870 
2023 1693 3645 4142 
2024 2434 4231 4339 
2025 1945 1924 3377 
2026 874 3344 3558 
2027 111 112 3248 
2028 2512 2513 2514 
2029 3772 1484 3773 
2030 3438 3565 4052 
2031 268 233 3381 
2032 3429 1050 3440 
2033 2507 2508 2509 
2034 2843 1999 3348 
2035 3402 2322 3897 
2036 491 432 4667 
2037 3356 2041 3357 
2038 621 3800 4368 
2039 1541 1540 1542 
2040 3238 2516 3239 
2041 554 560 3471 
2042 977 1151 3250 
2043 772 743 3444 
2044 2273 1945 3377 
2045 274 3542 3543 
2046 3466 854 3547 
2047 1788 1979 3375 
2048 3489 1545 4217 
2049 3250 1682 4001 
2050 3148 320 3156 
2051 2870 3375 3376 
2052 382 384 3607 
2053 1932 2515 3332 
2054 3011 2249 3655 
2055 1953 3186 3320 
2056 1971 1964 3195 
2057 3365 4055 4089 
2058 1543 1542 1545 
2059 2498 2500 2647 
2060 350 3268 3269 
2061 1335 1338 3383 
2062 621 617 3800 
2063 1225 1224 3882 
2064 3393 1770 4098 
2065 1015 1056 3557 
2066 893 895 3280 
2067 3565 3588 3884 
2068 1153 1001 3322 
2069 2514 2591 2612 
2070 3584 1465 3649 
2071 3458 3459 3462 
2072 3658 1558 3915 
2073 3775 1178 4000 
2074 3526 3533 4046 
2075 2283 809 3366 
2076 2344 3582 3584 
2077 3109 2675 4157 
2078 2160 2553 3451 
2079 781 3390 3688 
2080 316 3258 3260 
2081 3415 3414 3448 
2082 3562 3530 3990 
2083 940 902 3622 
2084 3473 3472 3962 
2085 693 696 3772 
2086 2710 3694 3823 
2087 2550 2323 3492 
2088 3037 756 4360 
2089 772 3313 3491 
2090 3321 1833 3752 
2091 274 176 3542 
2092 1539 1538 1540 
2093 3210 4172 4218 
2094 2348 3289 4012 
2095 2316 2016 2537 
2096 979 1061 3227 
2097 3810 1396 4047 
2098 3836 4549 4566 
2099 1464 365 3214 
2100 1768 2045 3238 
2101 1224 1185 3338 
2102 265 44 3219 
2103 1711 1102 3901 
2104 2516 2221 2976 
2105 2723 4173 4191 
2106 3509 1712 3870 
2107 2045 2516 3238 
2108 3237 2275 3322 
2109 2512 2509 2513 
2110 492 391 3477 
2111 788 4004 4293 
2112 837 857 3534 
2113 1104 1711 3870 
2114 3502 1692 3505 
2115 769 806 3719 
2116 1664 1663 3319 
2117 1707 2313 3548 
2118 2440 3616 4299 
2119 2619 1912 4301 
2120 2021 3834 4335 
2121 3695 3697 3871 
2122 237 238 3261 
2123 1657 3222 3423 
2124 3694 2444 3823 
2125 3710 3993 4176 
2126 602 1504 4255 
2127 3544 3809 3926 
2128 1533 1535 1536 
2129 2138 2136 3484 
2130 1953 1952 3186 
2131 3267 3011 3655 
2132 2315 883 3558 
2133 3438 3437 3589 
2134 2706 4083 4094 
2135 64 320 3146 
2136 1550 1546 3489 
2137 3304 662 3548 
2138 1647 1646 3496 
2139 3182 3413 3940 
2140 1531 1532 1533 
2141 908 3340 3622 
2142 2507 2511 4126 
2143 2242 2639 3271 
2144 2112 1609 3458 
2145 2320 2923 2924 
2146 3915 1558 4055 
2147 2978 2973 3869 
2148 3513 1711 3901 
2149 3470 3468 4102 
2150 1952 2319 2320 
2151 45 46 3274 
2152 3292 2917 3293 
2153 1844 1596 3830 
2154 2441 3877 4241 
2155 1753 1754 3594 
2156 3725 3749 3753 
2157 2173 1735 3493 
2158 1096 1093 3562 
2159 2052 2717 3887 
2160 1312 4026 4062 
2161 3336 1422 4439 
2162 2671 3731 3938 
2163 2417 3904 4235 
2164 2322 1291 3897 
2165 1227 1150 3401 
2166 152 153 304 
2167 3338 3130 3492 
2168 843 874 3558 
2169 3728 2682 4054 
2170 696 1484 3772 
2171 2500 2501 2502 
2172 3626 2703 3653 
2173 927 3445 3446 
2174 816 753 3538 
2175 2526 1956 3251 
2176 2045 2221 2516 
2177 1235 1617 1618 
2178 3925 3683 4024 
2179 215 216 303 
2180 3386 799 3387 
2181 1517 1591 3316 
2182 627 799 3386 
2183 2045 2046 2221 
2184 1536 1535 1538 
2185 414 416 3888 
2186 1966 1788 3375 
2187 916 899 3903 
2188 3424 3534 3535 
2189 3669 3728 3909 
2190 3540 338 3541 
2191 4173 1214 4191 
2192 2933 3925 4024 
2193 1768 1981 2045 
2194 1628 1627 3302 
2195 3314 772 3444 
2196 2535 2536 2929 
2197 1529 1531 1553 
2198 1863 2719 3708 
2199 1295 1293 3308 
2200 857 1919 3534 
2201 1333 1335 3383 
2202 2034 2033 3655 
2203 3465 3466 4121 
2204 3499 3587 3740 
2205 3693 2671 3938 
2206 3155 2393 4195 
2207 806 858 3937 
2208 1385 1383 4002 
2209 2627 2848 2850 
2210 900 940 3310 
2211 1529 1530 1531 
2212 1833 3751 3910 
2213 1763 1764 3318 
2214 1384 1381 3478 
2215 2519 2520 2521 
2216 2370 2439 3326 
2217 363 361 2251 
2218 606 4115 4323 
2219 3375 1979 3376 
2220 3291 3290 3849 
2221 2313 3304 3548 
2222 2778 3363 3813 
2223 3192 3193 3194 
2224 1436 2080 3938 
2225 1976 2189 2577 
2226 2224 2015 3726 
2227 1516 3303 3724 
2228 2393 3155 4193 
2229 2927 4205 4557 
2230 2570 2173 3493 
2231 1640 1241 3734 
2232 1732 1227 3401 
2233 3137 265 3138 
2234 1976 1749 2189 
2235 3301 915 3824 
2236 1542 1540 1549 
2237 124 125 309 
2238 3137 3139 3141 
2239 1485 888 3466 
2240 1584 3398 3400 
2241 3280 895 3301 
2242 1627 1749 1976 
2243 2283 3639 3641 
2244 1522 1525 3294 
2245 3130 2550 3492 
2246 1332 1329 3456 
2247 1827 1683 1828 
2248 3407 648 3408 
2249 1188 1234 1235 
2250 3351 1676 3888 
2251 1673 3316 4204 
2252 1793 2016 2316 
2253 3248 273 3249 
2254 2709 3745 4064 
2255 316 3260 3349 
2256 2320 2470 2923 
2257 978 3227 4038 
2258 2976 2221 2977 
2259 950 369 3346 
2260 3323 1003 3324 
2261 2112 3458 3462 
2262 1997 2180 3348 
2263 1682 1230 1683 
2264 1539 1540 1541 
2265 3381 3350 3382 
2266 187 188 310 
2267 3379 1229 4243 
2268 3611 1484 3950 
2269 1443 1441 3692 
2270 2506 2504 2510 
2271 3306 3130 3338 
2272 3388 799 3406 
2273 2703 3650 3653 
2274 1060 3500 4346 
2275 3096 3095 3097 
2276 642 648 3407 
2277 1166 3290 3759 
2278 2702 3810 4047 
2279 1661 1658 3423 
2280 1764 1766 1949 
2281 4055 1558 4089 
2282 970 3081 4488 
2283 2004 2183 3297 
2284 3890 2386 4118 
2285 3584 3583 3942 
2286 1007 3443 3657 
2287 2142 2254 3334 
2288 2509 2508 3367 
2289 2519 2518 2520 
2290 1836 2089 3394 
2291 3096 3098 3100 
2292 313 3244 3245 
2293 1551 1550 1627 
2294 3071 3074 3486 
2295 1272 535 3307 
2296 3708 2719 3709 
2297 2147 2412 2413 
2298 1151 1155 1230 
2299 1744 1604 2275 
2300 2440 2369 3615 
2301 133 322 3054 
2302 1914 1916 3804 
2303 574 539 3474 
2304 1172 2315 3409 
2305 3317 1763 3318 
2306 1082 1081 3228 
2307 1627 1550 1749 
2308 3349 3260 3350 
2309 755 772 3491 
2310 1277 1146 3455 
2311 1995 2834 2858 
2312 2147 2146 2412 
2313 2624 2526 2922 
2314 2547 3264 4689 
2315 341 53 3412 
2316 753 596 3538 
2317 600 2295 3467 
2318 1584 1407 3398 
2319 1577 697 3447 
2320 174 3254 3255 
2321 990 1050 3429 
2322 3582 2344 3889 
2323 657 660 3487 
2324 1541 1542 1543 
2325 3204 1876 4294 
2326 3451 2553 3452 
2327 1235 1234 1617 
2328 773 755 3491 
2329 3498 1895 4032 
2330 1964 1974 2558 
2331 1548 1546 1550 
2332 4130 3487 4178 
2333 3263 3635 3815 
2334 1182 2766 3497 
2335 267 3552 3553 
2336 2517 2518 2519 
2337 2264 3482 3483 
2338 384 597 3607 
2339 1692 3502 3841 
2340 3349 3350 3381 
2341 2304 2293 3555 
2342 2713 3478 3996 
2343 3290 1166 3849 
2344 3475 3440 3476 
2345 1533 1534 1535 
2346 3354 3353 3782 
2347 514 517 3666 
2348 4556 2141 4562 
2349 2537 3205 3206 
2350 3507 3505 3684 
2351 1061 1062 1241 
2352 1282 3468 3469 
2353 3571 1493 4311 
2354 2517 2413 2518 
2355 178 338 3540 
2356 1829 1828 1985 
2357 2549 2885 3672 
2358 1543 1545 1546 
2359 3394 2089 3395 
2360 3660 2708 4000 
2361 464 458 4074 
2362 1793 2316 3389 
2363 3082 3088 3273 
2364 2368 2366 2369 
2365 1527 1528 1529 
2366 1793 1794 2016 
2367 1536 1538 1539 
2368 2316 2537 2538 
2369 1850 1796 3683 
2370 2369 2366 3615 
2371 121 122 289 
2372 184 185 290 
2373 3222 2835 3423 
2374 2176 1744 3235 
2375 3609 3611 3950 
2376 1916 2126 3804 
2377 2145 2144 2146 
2378 3414 840 3448 
2379 1368 1382 1842 
2380 4124 2417 4235 
2381 1995 1990 2834 
2382 465 444 3464 
2383 1176 1266 3741 
2384 1552 4177 4194 
2385 2240 2946 2966 
2386 3455 3995 4056 
2387 3580 3579 3581 
2388 1287 1075 3488 
2389 1624 1330 3361 
2390 275 50 3560 
2391 1663 1661 1990 
2392 3298 2850 3299 
2393 3564 3565 3884 
2394 1437 1746 3932 
2395 2092 2680 3883 
2396 2145 2146 2147 
2397 1516 1517 1673 
2398 2899 2843 2902 
2399 3465 1485 3466 
2400 1595 1644 3676 
2401 1049 1188 3339 
2402 2368 2369 2370 
2403 1589 1835 3610 
2404 2319 1640 3734 
2405 1329 1327 3456 
2406 2372 2370 3326 
2407 2382 4158 4263 
2408 3724 3303 3912 
2409 3467 2295 3468 
2410 2017 2208 2535 
2411 2211 2919 3924 
2412 3533 1026 4046 
2413 1615 2151 3829 
2414 2492 2494 3089 
2415 1599 1729 1784 
2416 3505 1692 3684 
2417 3635 464 3815 
2418 897 898 899 
2419 3390 781 3856 
2420 2156 2714 3364 
2421 1388 1384 3478 
2422 747 749 3586 
2423 915 899 916 
2424 1151 1230 1682 
2425 391 389 3477 
2426 3291 3849 4027 
2427 1110 1108 3684 
2428 1650 1647 3496 
2429 1280 3386 4345 
2430 1985 3695 3871 
2431 1657 1628 3302 
2432 3695 3696 3697 
2433 1264 1241 1640 
2434 3502 2720 3841 
2435 1637 1267 1638 
2436 2370 2369 2439 
2437 968 969 978 
2438 1552 3210 4218 
2439 2143 2142 2144 
2440 1108 1712 3684 
2441 655 657 3487 
2442 2046 2048 3449 
2443 907 924 3567 
2444 250 251 312 
2445 1455 557 3549 
2446 1663 1990 1995 
2447 3055 321 3056 
2448 662 3304 3902 
2449 465 3464 3972 
2450 1682 1683 1827 
2451 1827 1828 1829 
2452 1184 1182 3497 
2453 3430 3440 3475 
2454 749 2085 3586 
2455 1240 1849 3795 
2456 963 1049 3340 
2457 2218 2216 3627 
2458 1324 1326 1327 
2459 2227 2357 3403 
2460 3283 3282 3285 
2461 1439 1424 3731 
2462 552 3473 3962 
2463 3851 784 4150 
2464 1582 1443 3692 
2465 2320 2319 2470 
2466 2723 4135 4173 
2467 1315 1310 3551 
2468 1323 1322 1324 
2469 1842 1382 2018 
2470 2070 2337 3866 
2471 2293 2082 3939 
2472 2670 4174 4370 
2473 3752 1668 4021 
2474 895 896 897 
2475 3074 3075 3077 
2476 61 62 311 
2477 3252 48 3253 
2478 1609 1611 3458 
2479 3551 2710 3757 
2480 2167 4386 4420 
2481 1676 414 3888 
2482 858 900 901 
2483 1036 1039 3575 
2484 3177 2278 3494 
2485 977 1149 1151 
2486 622 4281 4413 
2487 1242 1469 1715 
2488 2524 1956 2526 
2489 809 856 3366 
2490 1061 1241 1264 
2491 2485 2490 3210 
2492 1641 1640 1952 
2493 1960 2627 3298 
2494 1462 379 3327 
2495 3137 3138 3139 
2496 2937 2218 3627 
2497 1686 893 3280 
2498 1993 2549 3672 
2499 572 600 3467 
2500 1842 2018 4539 
2501 1848 2039 3678 
2502 379 377 3327 
2503 1994 1816 2182 
2504 1674 3596 3625 
2505 3067 3070 3604 
2506 292 248 3490 
2507 3380 2084 4169 
2508 917 916 933 
2509 1525 1527 2274 
2510 2948 2009 4513 
2511 2678 1853 3597 
2512 1566 3798 4094 
2513 2082 1872 4127 
2514 2698 2224 3726 
2515 2768 1732 3401 
2516 3363 2122 3813 
2517 2371 2370 2372 
2518 2537 2016 3205 
2519 927 961 3445 
2520 3626 1307 3885 
2521 2012 1753 3594 
2522 934 933 958 
2523 2502 2505 3125 
2524 2874 2575 4253 
2525 2220 2958 2959 
2526 1002 1154 3608 
2527 1587 1589 3610 
2528 2845 2172 3052 
2529 3192 3191 3193 
2530 3777 3393 4098 
2531 109 313 3595 
2532 966 967 968 
2533 897 899 915 
2534 966 968 3341 
2535 1328 1327 1329 
2536 2226 2222 3614 
2537 2578 2577 2873 
2538 590 592 3621 
2539 2171 1947 2172 
2540 2591 2513 2881 
2541 3385 639 4296 
2542 1656 1628 1657 
2543 2698 3753 4152 
2544 2496 2498 4223 
2545 2986 2987 2988 
2546 3942 3583 3966 
2547 1525 1526 1527 
2548 788 633 3539 
2549 1282 3467 3468 
2550 367 365 1464 
2551 1632 2339 3620 
2552 2676 3709 3710 
2553 2723 3798 4135 
2554 1154 1605 3608 
2555 1542 1549 4112 
2556 2183 2633 2876 
2557 2248 2453 3729 
2558 3281 3282 3283 
2559 1710 2294 3606 
2560 2263 2242 3271 
2561 1952 1640 2319 
2562 171 172 3554 
2563 3240 3241 3242 
2564 1146 998 3455 
2565 1743 1604 1744 
2566 3619 4098 4116 
2567 1575 1096 3562 
2568 1166 3759 4009 
2569 893 894 895 
2570 911 966 3344 
2571 350 3269 3270 
2572 186 187 3362 
2573 1605 3485 3608 
2574 2440 3615 3616 
2575 2623 2528 3501 
2576 3281 3280 3282 
2577 2112 3462 3463 
2578 1013 1015 3457 
2579 1993 2323 2549 
2580 3445 2678 3446 
2581 2703 3626 3885 
2582 614 616 3656 
2583 909 938 2677 
2584 982 1769 3564 
2585 2245 1955 2246 
2586 3070 3071 3486 
2587 3286 3285 3287 
2588 3531 1290 4091 
2589 2511 2509 2512 
2590 2039 2263 3678 
2591 2143 2144 2145 
2592 784 514 3666 
2593 2175 1744 2176 
2594 3071 3073 3074 
2595 2318 614 3656 
2596 891 893 1686 
2597 793 840 3414 
2598 3749 1079 3753 
2599 3757 2710 3823 
2600 3592 932 4236 
2601 1034 1036 3575 
2602 2665 3276 3277 
2603 901 3310 3311 
2604 3564 1769 3565 
2605 1990 1661 3423 
2606 3770 695 3771 
2607 1221 1843 3443 
2608 1975 1624 2281 
2609 1386 1520 4002 
2610 1591 1621 1763 
2611 3660 929 3667 
2612 3245 3246 3247 
2613 750 1710 3606 
2614 1928 1840 4596 
2615 3596 3495 3625 
2616 979 1017 1061 
2617 1851 1044 1852 
2618 1782 1437 3932 
2619 1592 1631 1787 
2620 623 627 3386 
2621 1662 1661 1663 
2622 1215 3724 3912 
2623 1438 1333 3383 
2624 1777 2100 3568 
2625 117 118 281 
2626 180 181 282 
2627 1846 1215 1847 
2628 1763 1621 1764 
2629 3611 3610 3917 
2630 1413 1583 3428 
2631 2999 4454 4487 
2632 1471 816 3538 
2633 839 838 3618 
2634 901 900 3310 
2635 765 767 3411 
2636 1040 3413 3633 
2637 1093 1092 3562 
2638 2219 1850 3683 
2639 1846 1847 1848 
2640 1924 1703 3377 
2641 1580 1485 3465 
2642 1331 1332 1333 
2643 3768 695 3770 
2644 2247 2030 3006 
2645 557 504 3549 
2646 799 629 3406 
2647 3534 1919 3535 
2648 58 59 291 
2649 247 248 292 
2650 1848 1847 2039 
2651 1333 1334 1335 
2652 2736 3568 3569 
2653 988 990 3429 
2654 2016 1794 2017 
2655 697 694 3447 
2656 2302 1675 3631 
2657 1952 2320 3186 
2658 861 837 3534 
2659 1235 1618 2064 
2660 3393 3392 4184 
2661 2671 1439 3731 
2662 658 1707 3548 
2663 1828 1683 1983 
2664 1324 1327 1328 
2665 1330 1329 1331 
2666 1982 2763 3585 
2667 444 442 3464 
2668 1562 1595 3676 
2669 1660 1658 1661 
2670 2869 2199 2870 
2671 1851 1852 1853 
2672 2831 2195 2862 
2673 2705 3774 3892 
2674 3224 3223 3225 
2675 1908 1895 3498 
2676 1605 1607 3485 
2677 4196 2832 4379 
2678 902 908 3622 
2679 3602 3592 3603 
2680 648 647 3606 
2681 3229 2831 3230 
2682 959 958 1008 
2683 2242 2324 2639 
2684 2338 2335 3706 
2685 645 641 646 
2686 1191 1192 1215 
2687 3313 2310 3491 
2688 2485 2489 2490 
2689 650 646 651 
2690 1321 1320 1322 
2691 1327 1451 3456 
2692 1416 1415 1417 
2693 3609 1587 3610 
2694 2030 1932 3332 
2695 2220 2608 2958 
2696 1418 1425 3731 
2697 1806 2213 2220 
2698 2093 2646 3563 
2699 2611 2512 3337 
2700 313 110 3244 
2701 1675 1201 3631 
2702 2157 2158 3450 
2703 1318 1316 2073 
2704 3334 2254 3335 
2705 112 273 3248 
2706 1430 1439 1440 
2707 2859 2858 2863 
2708 3499 3586 3587 
2709 2922 2526 3002 
2710 3096 3097 3098 
2711 1191 1215 1846 
2712 1551 1627 1628 
2713 1701 1777 3568 
2714 1723 1724 2157 
2715 2951 2223 3612 
2716 1976 2577 2578 
2717 3495 1668 3625 
2718 3984 3421 3992 
2719 1269 3441 3820 
2720 1159 1160 3755 
2721 2574 1977 2575 
2722 762 763 3690 
2723 1241 1062 1242 
2724 2535 2208 2536 
2725 2627 2628 2848 
2726 1319 1318 1320 
2727 1855 2033 2034 
2728 2266 2248 3729 
2729 115 116 337 
2730 178 179 338 
2731 1338 1337 1339 
2732 1038 1041 3413 
2733 1686 3280 3281 
2734 1430 1424 1439 
2735 2141 2142 2143 
2736 568 1518 3718 
2737 267 170 3552 
2738 517 519 3647 
2739 763 802 3690 
2740 1734 1735 2173 
2741 750 768 1710 
2742 891 892 893 
2743 1310 1313 3551 
2744 1693 1141 3645 
2745 1452 1403 3537 
2746 3995 2364 4056 
2747 2709 1069 4198 
2748 1141 1139 3645 
2749 2722 3591 3979 
2750 915 916 917 
2751 1414 1415 1416 
2752 1641 1952 1953 
2753 655 656 657 
2754 635 642 3407 
2755 1414 1413 1415 
2756 3368 2068 3369 
2757 2141 2140 2142 
2758 1342 1343 1428 
2759 2045 1981 2046 
2760 556 568 3718 
2761 3398 1452 3399 
2762 1737 1936 2174 
2763 3236 2275 3237 
2764 273 113 3577 
2765 1903 2748 3855 
2766 3411 767 3414 
2767 517 3647 3666 
2768 736 734 3691 
2769 2722 2204 3591 
2770 1548 1550 1551 
2771 1009 1008 1058 
2772 3450 2158 3451 
2773 3370 2959 3371 
2774 1327 1326 1451 
2775 1737 2174 3493 
2776 1985 1828 3695 
2777 1855 1854 2033 
2778 2199 1966 3375 
2779 2136 2264 3484 
2780 654 653 655 
2781 828 3592 3602 
2782 1075 1072 3488 
2783 1328 1329 1330 
2784 2158 2160 3451 
2785 842 843 883 
2786 2146 2144 2681 
2787 2663 3202 3203 
2788 4433 3597 4533 
2789 282 4565 4570 
2790 3713 1177 3741 
2791 2062 2355 4045 
2792 934 958 959 
2793 1429 1424 1430 
2794 1440 1441 1442 
2795 2183 2632 2633 
2796 2719 3538 4065 
2797 2498 2499 2500 
2798 1317 1316 1318 
2799 4378 3236 4578 
2800 651 652 653 
2801 917 933 934 
2802 2156 2713 2714 
2803 2263 3271 3272 
2804 1929 1928 1930 
2805 1087 3289 3930 
2806 1673 1517 3316 
2807 2599 2197 2895 
2808 3371 3372 3373 
2809 1418 1417 1425 
2810 2734 3742 4272 
2811 2926 2957 4547 
2812 177 3540 3542 
2813 1787 1631 2004 
2814 381 379 1462 
2815 826 932 3592 
2816 1335 1336 1337 
2817 1324 1322 1326 
2818 1735 1737 3493 
2819 3387 799 3388 
2820 2439 2440 3204 
2821 3066 3067 3604 
2822 660 659 661 
2823 2714 2713 3223 
2824 3579 1272 3581 
2825 1806 2220 3370 
2826 978 969 979 
2827 1853 1852 1854 
2828 1833 3321 3751 
2829 968 1170 3341 
2830 1405 1452 3398 
2831 2362 2360 3759 
2832 2496 2497 2498 
2833 2581 3544 3926 
2834 891 1686 3366 
2835 968 978 1170 
2836 2031 2030 2247 
2837 1268 3431 3671 
2838 1529 1528 1530 
2839 2291 2173 2559 
2840 54 283 3412 
2841 1851 2678 3445 
2842 1407 1405 3398 
2843 1989 2365 2366 
2844 1416 1417 1418 
2845 4019 3456 4096 
2846 1350 1351 1400 
2847 2367 2366 2368 
2848 234 3349 3381 
2849 1012 1044 1851 
2850 1946 1945 1947 
2851 43 44 265 
2852 232 233 268 
2853 1835 1781 1836 
2854 958 933 997 
2855 1160 1199 3755 
2856 1061 1017 1062 
2857 109 110 313 
2858 4092 1290 4147 
2859 1342 1341 1343 
2860 2494 2495 2496 
2861 1331 1333 1438 
2862 1833 1245 3752 
2863 1809 2960 4136 
2864 1975 2281 2282 
2865 760 747 3586 
2866 856 891 3366 
2867 2156 1453 2713 
2868 2139 2138 2140 
2869 2308 2304 3555 
2870 695 693 3772 
2871 806 807 858 
2872 1264 1640 1641 
2873 1843 1596 1844 
2874 2183 2876 3297 
2875 762 746 763 
2876 1266 1639 3741 
2877 1520 3294 4002 
2878 2549 2550 2884 
2879 899 898 909 
2880 1410 1409 1411 
2881 1944 1924 1945 
2882 3697 3696 3698 
2883 2171 2172 2845 
2884 3341 1170 3342 
2885 1592 1457 1631 
2886 2834 2835 2861 
2887 389 1278 3477 
2888 1412 1411 1413 
2889 1787 2004 2195 
2890 2142 2140 2254 
2891 1056 1190 1191 
2892 986 1268 3671 
2893 1932 1930 2515 
2894 1151 1149 1155 
2895 1321 1322 1323 
2896 2059 3743 3744 
2897 52 341 3559 
2898 1839 1838 1840 
2899 2490 2491 2492 
2900 2552 2157 3450 
2901 4361 2412 4579 
2902 651 646 652 
2903 1710 768 1875 
2904 1007 1089 3443 
2905 1811 1664 1812 
2906 106 107 266 
2907 169 170 267 
2908 1283 773 3491 
2909 3377 2279 3378 
2910 2818 2638 2997 
2911 2793 2795 4108 
2912 3371 2959 3372 
2913 112 113 273 
2914 175 176 274 
2915 1081 1078 3809 
2916 1266 1267 1637 
2917 1221 1222 1596 
2918 1715 1469 3389 
2919 1975 2282 3576 
2920 3568 2100 3569 
2921 3441 465 3819 
2922 777 521 3649 
2923 1698 736 3691 
2924 1444 1445 1446 
2925 3245 3244 3246 
2926 95 96 307 
2927 158 159 308 
2928 740 590 3621 
2929 1793 1792 1794 
2930 2627 2850 3298 
2931 172 173 314 
2932 1412 1413 1414 
2933 3067 3069 3070 
2934 1293 1291 2322 
2935 1870 3582 3889 
2936 2492 2493 2494 
2937 2093 1875 2414 
2938 2549 2323 2550 
2939 233 234 3381 
2940 1931 1930 1932 
2941 3650 2737 3651 
2942 1300 1295 1316 
2943 1440 1439 1441 
2944 1491 1587 3609 
2945 1845 1844 1963 
2946 2574 2575 2874 
2947 3469 3468 3470 
2948 2302 3631 3632 
2949 2015 1751 3726 
2950 533 1272 3579 
2951 745 738 746 
2952 1656 1657 1658 
2953 1710 1875 2093 
2954 1968 1963 2560 
2955 1604 1153 3322 
2956 1339 1341 1342 
2957 3552 171 3554 
2958 2136 2134 2264 
2959 2560 2562 2847 
2960 1270 655 3487 
2961 1788 1461 1789 
2962 2189 2280 2589 
2963 2281 1624 3361 
2964 1465 777 3649 
2965 1188 1233 1234 
2966 2093 2414 2646 
2967 1636 1792 1793 
2968 3394 3395 3396 
2969 221 222 306 
2970 1597 1705 1734 
2971 32 33 305 
2972 900 902 940 
2973 2663 3201 3202 
2974 3283 3285 3286 
2975 657 658 659 
2976 1335 1337 1338 
2977 235 316 3349 
2978 935 936 998 
2979 1483 3768 3769 
2980 1049 3339 3340 
2981 3616 3615 4026 
2982 403 474 3784 
2983 1041 1263 3940 
2984 2039 2040 2242 
2985 1089 1221 3443 
2986 1759 2060 3416 
2987 1001 942 1003 
2988 2549 2884 2885 
2989 1723 1277 1724 
2990 1837 1836 1838 
2991 629 635 3406 
2992 1228 1277 1723 
2993 2150 1616 3836 
2994 2295 2069 2631 
2995 2108 2086 2675 
2996 1228 1146 1277 
2997 1611 1926 3458 
2998 2037 2249 2250 
2999 1876 1317 4294 
3000 858 859 900 
3001 1474 3221 4137 
3002 3586 2085 3587 
3003 1043 1040 3633 
3004 2471 2145 3566 
3005 2507 2509 2511 
3006 2704 4019 4096 
3007 699 1577 3536 
3008 942 905 1145 
3009 1865 1863 3708 
3010 1194 1237 1516 
3011 1331 1329 1332 
3012 1058 1008 1457 
3013 1058 1457 1592 
3014 1408 1407 1409 
3015 1995 2858 2859 
3016 2130 2128 2284 
3017 2079 1400 2602 
3018 1480 3890 4118 
3019 3609 3610 3611 
3020 642 647 648 
3021 661 662 663 
3022 905 861 3424 
3023 486 2052 3887 
3024 2018 2019 2240 
3025 2564 2552 2844 
3026 841 839 3907 
3027 1989 1987 2365 
3028 1413 1411 1583 
3029 1788 1789 1979 
3030 360 359 361 
3031 1221 1596 1843 
3032 2033 2035 2256 
3033 1333 1332 1334 
3034 1410 1411 1412 
3035 2578 2873 3112 
3036 3321 3752 4021 
3037 235 236 316 
3038 627 629 799 
3039 1171 883 1172 
3040 3411 3414 3415 
3041 1769 984 3671 
3042 1843 1844 1845 
3043 2039 2242 2263 
3044 3424 861 3534 
3045 2677 938 3250 
3046 1863 1471 2719 
3047 1535 1534 1537 
3048 54 55 283 
3049 243 244 284 
3050 881 882 935 
3051 1947 1945 2273 
3052 3459 3460 3461 
3053 560 1282 3471 
3054 1770 3393 4184 
3055 2132 3479 3481 
3056 897 896 898 
3057 3416 2060 3417 
3058 2772 2773 3080 
3059 4063 3711 4180 
3060 1685 2054 3743 
3061 1853 1854 1855 
3062 2806 2803 4168 
3063 911 965 966 
3064 1849 2332 3795 
3065 2423 1513 2732 
3066 3005 2338 3706 
3067 1049 1187 1188 
3068 1012 1013 1044 
3069 1409 1407 1584 
3070 1405 1403 1452 
3071 1946 1947 2171 
3072 954 2298 3730 
3073 3378 2279 3380 
3074 3726 3725 3753 
3075 1516 1237 1517 
3076 1442 1443 1444 
3077 176 177 3542 
3078 1703 1580 2279 
3079 2650 2583 2651 
3080 2559 2173 2570 
3081 956 982 3564 
3082 1601 1922 3384 
3083 3277 3276 3278 
3084 655 653 656 
3085 2589 2590 2889 
3086 1355 1357 1358 
3087 1933 1932 2030 
3088 1236 1193 4016 
3089 619 623 1280 
3090 1181 3605 4342 
3091 1444 1443 1445 
3092 4264 1455 4282 
3093 810 457 3700 
3094 1504 3442 4255 
3095 1960 2626 2627 
3096 3430 3429 3440 
3097 1423 1418 1424 
3098 3353 2718 3685 
3099 1602 1153 1604 
3100 3581 1272 4359 
3101 1328 1470 3833 
3102 3798 1566 4135 
3103 3443 1843 3953 
3104 1056 1191 3557 
3105 1734 1705 1735 
3106 3436 3435 3439 
3107 1268 988 3429 
3108 842 841 843 
3109 2248 2247 2453 
3110 3063 3065 3066 
3111 739 665 3746 
3112 2777 2675 3109 
3113 46 47 315 
3114 647 750 3606 
3115 1442 1441 1443 
3116 1615 2150 2151 
3117 1841 1840 1928 
3118 2290 2737 3650 
3119 385 383 516 
3120 657 659 660 
3121 2242 2040 2324 
3122 2638 2338 3004 
3123 2775 2887 3062 
3124 1734 2173 2291 
3125 1840 1838 2239 
3126 1867 1865 2086 
3127 1906 1886 3654 
3128 1174 1172 3409 
3129 3176 2278 3177 
3130 3304 2425 3578 
3131 640 637 641 
3132 714 716 3799 
3133 446 444 465 
3134 990 991 1004 
3135 1202 1674 3625 
3136 1522 1524 1525 
3137 1870 3579 3580 
3138 2003 2585 2772 
3139 2533 2012 3594 
3140 2676 3708 3709 
3141 1531 1530 1532 
3142 52 53 341 
3143 241 242 342 
3144 803 760 3499 
3145 1315 3551 3757 
3146 1347 1349 1350 
3147 460 464 3794 
3148 651 653 654 
3149 1268 3429 3430 
3150 2256 3042 3267 
3151 3082 2314 3083 
3152 745 746 762 
3153 1921 1732 2768 
3154 2000 1999 2579 
3155 1350 2079 3590 
3156 1845 1963 1968 
3157 1968 2560 3494 
3158 3522 3526 3704 
3159 661 663 664 
3160 990 1004 1050 
3161 600 1492 2069 
3162 1068 1066 1069 
3163 2160 2163 2553 
3164 1836 1781 2089 
3165 1004 1005 1152 
3166 1424 1418 3731 
3167 2122 1868 3813 
3168 405 403 3784 
3169 1862 1471 1863 
3170 2714 3223 3224 
3171 986 988 1268 
3172 1513 1184 3497 
3173 1446 1445 1447 
3174 2278 1968 3494 
3175 1596 1222 1597 
3176 3070 3069 3071 
3177 3074 3073 3075 
3178 654 655 1270 
3179 560 564 1282 
3180 2312 2310 3313 
3181 3434 3432 3435 
3182 1280 623 3386 
3183 852 803 853 
3184 895 894 896 
3185 3020 2266 3729 
3186 1703 2279 3377 
3187 1853 1855 3597 
3188 3669 2022 3727 
3189 2037 2034 2249 
3190 2596 2648 2649 
3191 966 965 967 
3192 2532 2012 2533 
3193 1064 1059 1065 
3194 3282 3280 3301 
3195 1267 2068 3368 
3196 1838 1836 3394 
3197 1168 3365 4089 
3198 1215 1192 3724 
3199 1589 1780 1781 
3200 2332 3392 3393 
3201 541 542 543 
3202 699 697 1577 
3203 856 890 891 
3204 1085 1082 3228 
3205 1324 1328 3833 
3206 1335 1334 1336 
3207 2157 1724 2158 
3208 556 504 557 
3209 457 459 3700 
3210 2240 2241 2946 
3211 2868 2199 2869 
3212 2414 2662 2663 
3213 2000 2579 2580 
3214 2069 2070 3866 
3215 998 1000 3455 
3216 1186 1185 1224 
3217 1415 1413 3428 
3218 2365 1987 3654 
3219 2000 2581 3926 
3220 3051 2373 4536 
3221 535 536 537 
3222 616 619 3656 
3223 664 663 665 
3224 959 1008 1009 
3225 1336 1671 3628 
3226 2250 2249 3003 
3227 1176 1265 1266 
3228 2441 2442 4334 
3229 486 2051 2052 
3230 2275 1604 3322 
3231 1839 1841 3923 
3232 2366 2365 3615 
3233 723 785 3689 
3234 840 841 842 
3235 1076 1075 1077 
3236 2196 2195 2831 
3237 248 249 3490 
3238 838 875 3618 
3239 3188 4367 4368 
3240 371 369 950 
3241 535 537 3307 
3242 549 550 552 
3243 1191 1190 1192 
3244 1449 1446 1450 
3245 2204 1797 3591 
3246 448 446 3441 
3247 1089 1220 1221 
3248 446 465 3441 
3249 713 1569 3767 
3250 750 751 768 
3251 1009 1058 1059 
3252 2422 1908 3498 
3253 559 558 566 
3254 2091 3777 3778 
3255 2311 2312 2930 
3256 593 594 747 
3257 1867 2086 2108 
3258 3434 3435 3436 
3259 935 882 936 
3260 1316 1295 3308 
3261 2162 2157 2552 
3262 833 834 835 
3263 1185 1085 1281 
3264 3019 2266 3020 
3265 2534 2156 3364 
3266 3118 3120 3121 
3267 835 836 837 
3268 1176 1174 1265 
3269 704 702 706 
3270 1086 1085 1185 
3271 1408 1409 1410 
3272 2962 2400 3630 
3273 537 538 539 
3274 1483 689 3768 
3275 1269 448 3441 
3276 1287 3488 4064 
3277 1339 1340 1341 
3278 1436 1720 2080 
3279 1944 1945 1946 
3280 496 497 3637 
3281 1992 1634 1993 
3282 834 4003 4005 
3283 1589 1781 1835 
3284 986 987 988 
3285 1266 1265 1267 
3286 3366 1686 3638 
3287 1738 2178 3951 
3288 1837 1838 1839 
3289 2716 2715 3635 
3290 1070 1069 2709 
3291 2348 2351 3289 
3292 924 925 970 
3293 1700 1299 3653 
3294 2407 3644 4215 
3295 3690 802 3742 
3296 988 989 990 
3297 2291 2559 3200 
3298 449 450 3722 
3299 661 659 662 
3300 737 736 738 
3301 1319 1320 1321 
3302 3392 2299 3500 
3303 3458 1926 3459 
3304 3569 2100 3570 
3305 2398 2962 3760 
3306 49 50 275 
3307 238 239 276 
3308 873 841 3907 
3309 1753 1450 1754 
3310 2025 2217 3727 
3311 2351 2352 2441 
3312 4449 2461 4459 
3313 3719 806 3937 
3314 1466 1287 1629 
3315 877 928 1826 
3316 1769 3671 4052 
3317 447 446 448 
3318 2126 2483 3804 
3319 377 375 776 
3320 645 646 650 
3321 647 649 750 
3322 3570 2100 3668 
3323 1425 1435 1436 
3324 1922 1738 3951 
3325 1436 1719 1720 
3326 2223 2225 3612 
3327 2337 2338 2638 
3328 2294 2093 3563 
3329 3040 740 3621 
3330 1299 1302 3653 
3331 1587 1588 1589 
3332 2371 2372 2592 
3333 2930 2312 2931 
3334 1120 1243 3682 
3335 1466 1629 1722 
3336 449 448 450 
3337 572 580 600 
3338 3406 635 3407 
3339 702 699 3536 
3340 1074 1072 1075 
3341 3357 2041 3358 
3342 783 809 2283 
3343 982 984 1769 
3344 2168 2170 2554 
3345 1993 1634 2323 
3346 1987 1906 3654 
3347 3732 3427 4206 
3348 389 387 1278 
3349 521 522 3649 
3350 578 579 593 
3351 2039 1847 2040 
3352 2337 2335 2338 
3353 3391 3390 3856 
3354 1525 2274 3294 
3355 3418 3420 3422 
3356 442 438 1271 
3357 531 533 3579 
3358 968 967 969 
3359 1077 1287 1466 
3360 1722 1997 1999 
3361 2560 1963 2562 
3362 2291 3331 3830 
3363 2651 2583 2907 
3364 543 546 547 
3365 765 766 767 
3366 1919 949 1934 
3367 2070 2335 2337 
3368 2256 2257 3042 
3369 2151 2150 2472 
3370 3201 2662 3937 
3371 3639 3284 3640 
3372 415 413 3821 
3373 664 665 739 
3374 1350 1400 2079 
3375 4237 1693 4285 
3376 3341 3343 3344 
3377 1460 1428 1461 
3378 3181 2268 3550 
3379 531 532 533 
3380 1870 531 3579 
3381 633 631 3539 
3382 999 998 1146 
3383 1623 1461 1788 
3384 3761 1874 3818 
3385 450 1818 3816 
3386 533 534 535 
3387 3524 3522 3704 
3388 2397 2398 3760 
3389 1835 1836 1837 
3390 568 557 569 
3391 1131 3658 3750 
3392 2193 1966 2199 
3393 2180 2875 3348 
3394 3991 2700 4020 
3395 657 656 658 
3396 722 723 724 
3397 177 178 3540 
3398 651 654 3897 
3399 1638 1267 3368 
3400 1958 1453 2156 
3401 443 442 444 
3402 767 793 3414 
3403 972 1033 3781 
3404 2483 2484 2485 
3405 2579 2843 2899 
3406 3471 3469 3472 
3407 837 836 857 
3408 881 853 882 
3409 1157 1240 3795 
3410 537 539 574 
3411 1145 905 3424 
3412 1852 1044 2661 
3413 2108 2675 2777 
3414 3721 1114 3841 
3415 1625 1594 1634 
3416 2313 2425 3304 
3417 445 444 446 
3418 547 548 549 
3419 3695 1983 3696 
3420 2368 2370 2371 
3421 2720 3721 3841 
3422 3651 2737 3652 
3423 450 448 1269 
3424 567 566 570 
3425 763 764 765 
3426 1172 883 2315 
3427 1317 1318 1319 
3428 600 2069 2295 
3429 1036 1037 1038 
3430 2313 2418 2425 
3431 961 1011 1012 
3432 1347 1350 3590 
3433 1406 1405 1407 
3434 631 625 1276 
3435 2718 2259 3685 
3436 1080 1078 1081 
3437 1451 1755 2043 
3438 1660 1661 1662 
3439 2668 739 3746 
3440 3887 2717 3888 
3441 998 936 1000 
3442 1343 1344 1345 
3443 1707 2104 2313 
3444 2217 2682 3727 
3445 512 784 3636 
3446 539 540 541 
3447 2154 1716 2325 
3448 1828 1983 3695 
3449 519 759 3647 
3450 1454 728 3837 
3451 1444 1446 1449 
3452 1722 1629 1997 
3453 535 534 536 
3454 1068 1069 1070 
3455 640 641 645 
3456 875 2331 3618 
3457 2222 2951 3614 
3458 1403 1401 3537 
3459 2069 1492 2070 
3460 1929 1930 1931 
3461 2528 2525 3501 
3462 3357 3358 3359 
3463 564 572 3467 
3464 627 628 629 
3465 835 834 836 
3466 3642 1167 3754 
3467 3464 1271 4101 
3468 3669 3727 3728 
3469 2732 1513 3497 
3470 642 643 647 
3471 857 949 1919 
3472 984 985 986 
3473 1245 1206 3752 
3474 1350 1349 1351 
3475 3066 3065 3067 
3476 763 765 802 
3477 802 765 3411 
3478 3755 1199 3756 
3479 1778 2116 3948 
3480 3003 2249 3011 
3481 2383 2443 2770 
3482 3434 3436 3661 
3483 543 542 546 
3484 637 633 788 
3485 1463 1718 2710 
3486 1809 2044 2960 
3487 2109 2456 3598 
3488 703 702 704 
3489 1077 1075 1287 
3490 1734 2291 3830 
3491 1839 1840 1841 
3492 2332 2087 3392 
3493 2532 2533 2921 
3494 439 438 442 
3495 831 832 833 
3496 1242 1715 3734 
3497 3525 3527 3528 
3498 629 634 635 
3499 635 638 642 
3500 764 746 3941 
3501 2698 3726 3753 
3502 1463 1717 1718 
3503 3428 1583 4120 
3504 2180 2595 2875 
3505 878 880 3788 
3506 553 552 558 
3507 1841 1928 1929 
3508 833 832 834 
3509 2011 1283 2310 
3510 2348 2349 2351 
3511 506 3779 4090 
3512 829 830 831 
3513 1135 1167 3642 
3514 1957 1956 2524 
3515 2220 2959 3370 
3516 493 494 496 
3517 3725 1273 3749 
3518 2245 2246 2345 
3519 2355 3992 4045 
3520 2523 2469 2828 
3521 1473 844 3817 
3522 1714 1177 3713 
3523 1745 1624 1975 
3524 1760 1759 2038 
3525 2025 2216 2217 
3526 2217 2216 2218 
3527 3468 2295 4102 
3528 1453 1388 3478 
3529 769 787 806 
3530 549 548 550 
3531 1221 1220 1222 
3532 1448 1440 3786 
3533 2133 2132 2134 
3534 3432 3430 3475 
3535 539 538 540 
3536 793 839 840 
3537 533 532 534 
3538 852 853 881 
3539 533 535 1272 
3540 1345 1347 3590 
3541 3391 3856 3857 
3542 568 569 578 
3543 831 830 832 
3544 1391 1388 1453 
3545 3281 3284 3638 
3546 828 826 3592 
3547 3083 4397 4417 
3548 3207 4130 4178 
3549 571 570 576 
3550 2090 1701 3568 
3551 623 626 627 
3552 666 663 3902 
3553 1743 1744 2175 
3554 2220 2213 2608 
3555 2337 2818 3866 
3556 3371 3373 3374 
3557 3525 3524 3527 
3558 1611 1613 1926 
3559 1758 1759 1760 
3560 3283 3286 3707 
3561 3512 3513 3514 
3562 537 536 538 
3563 1401 1398 1426 
3564 3042 2257 3043 
3565 1033 2081 3781 
3566 1158 1103 3850 
3567 2870 2199 3375 
3568 2216 2603 3627 
3569 3261 276 3262 
3570 715 713 3767 
3571 1304 1307 3626 
3572 912 946 3886 
3573 1404 1403 1405 
3574 1489 1685 3743 
3575 737 738 745 
3576 1076 1077 1078 
3577 1139 1689 3645 
3578 2112 3463 3485 
3579 2803 2802 2804 
3580 541 540 542 
3581 862 610 3835 
3582 2137 2136 2138 
3583 464 3635 3794 
3584 504 501 3549 
3585 1004 991 1005 
3586 1033 1032 1034 
3587 1692 1110 3684 
3588 1607 1609 2112 
3589 2650 2651 3129 
3590 1263 1757 1758 
3591 1401 1426 3537 
3592 2820 2122 3363 
3593 547 546 548 
3594 2264 3483 3484 
3595 3769 3768 3770 
3596 1045 1178 4208 
3597 1931 1932 1933 
3598 3638 3284 3639 
3599 593 579 594 
3600 1925 2118 3904 
3601 2859 2863 2871 
3602 3582 3580 3583 
3603 893 892 894 
3604 1872 1034 3575 
3605 566 558 1279 
3606 631 1276 3539 
3607 3499 760 3586 
3608 1103 1105 3850 
3609 1194 1516 3724 
3610 556 557 568 
3611 691 695 3768 
3612 907 923 924 
3613 1313 1432 1463 
3614 2004 2061 2183 
3615 2126 2482 2483 
3616 1034 1035 1036 
3617 1441 2671 3692 
3618 1818 2232 3816 
3619 3503 3505 3506 
3620 1070 2709 3488 
3621 1668 3495 4021 
3622 1851 1853 2678 
3623 2098 2099 2383 
3624 1064 1065 1066 
3625 2260 1829 2314 
3626 3416 3417 3418 
3627 3435 3432 3475 
3628 738 736 1698 
3629 1116 1114 3721 
3630 2446 2782 4345 
3631 669 671 3735 
3632 984 986 3671 
3633 2784 2250 2785 
3634 2419 2362 2420 
3635 2793 2794 2795 
3636 2719 1471 3538 
3637 2025 2214 2216 
3638 2054 2654 3743 
3639 3139 3138 3140 
3640 1091 1473 3634 
3641 1449 1450 1753 
3642 1596 1597 3830 
3643 1474 1023 3847 
3644 1084 1082 1085 
3645 2579 1999 2843 
3646 2031 2247 2248 
3647 437 436 438 
3648 442 1271 3464 
3649 2234 3000 3679 
3650 1470 1330 1624 
3651 2155 1513 2423 
3652 1607 2112 3485 
3653 2580 2579 3964 
3654 3000 2716 3226 
3655 724 725 726 
3656 945 1694 3827 
3657 1547 1546 1548 
3658 489 490 493 
3659 567 570 571 
3660 578 569 579 
3661 1503 1315 1560 
3662 2750 2606 3629 
3663 720 721 722 
3664 701 699 702 
3665 1300 1316 1317 
3666 2835 1990 3423 
3667 2772 2585 2773 
3668 810 3700 3701 
3669 1368 1369 1382 
3670 1436 1435 1719 
3671 1933 2030 2031 
3672 781 532 3856 
3673 1475 669 3735 
3674 921 903 3920 
3675 2558 1974 2572 
3676 3479 2284 3480 
3677 726 725 727 
3678 748 747 760 
3679 1415 3428 3646 
3680 53 54 3412 
3681 2805 2804 3155 
3682 3355 3425 3426 
3683 938 977 3250 
3684 1173 1172 1174 
3685 2437 2308 2669 
3686 2346 2347 2348 
3687 2511 2512 2611 
3688 2530 2528 2623 
3689 755 743 772 
3690 2022 2024 2025 
3691 2439 2369 2440 
3692 1193 3620 4016 
3693 1636 1793 3389 
3694 1674 1830 3596 
3695 2087 2299 3392 
3696 416 3887 3888 
3697 3815 464 4074 
3698 501 499 2296 
3699 2618 739 2668 
3700 1159 1043 1160 
3701 2078 1760 2268 
3702 716 717 718 
3703 830 828 3602 
3704 2582 2580 2583 
3705 3431 3430 3432 
3706 499 496 3637 
3707 974 929 3660 
3708 1589 1588 1780 
3709 2376 2381 3973 
3710 2801 2802 2803 
3711 704 706 707 
3712 710 707 711 
3713 1662 1663 1664 
3714 2087 2088 2299 
3715 2372 3326 4528 
3716 2524 2526 2624 
3717 2085 944 3884 
3718 1147 1146 1228 
3719 2571 1973 2738 
3720 3588 2085 3884 
3721 2708 3667 3781 
3722 3062 2887 3063 
3723 529 531 1870 
3724 982 983 984 
3725 1654 2022 3669 
3726 872 945 3827 
3727 1701 1560 1777 
3728 1204 1202 3625 
3729 1950 2469 2523 
3730 2277 1968 2278 
3731 2287 2288 2289 
3732 2300 2698 3427 
3733 2605 2301 2606 
3734 1797 1239 3591 
3735 1787 2195 2196 
3736 2036 2034 2037 
3737 2309 2308 2437 
3738 718 719 720 
3739 725 723 3689 
3740 972 1031 1032 
3741 1177 1176 3741 
3742 1517 1590 1591 
3743 1866 1865 1867 
3744 2382 2936 2945 
3745 3569 3570 3571 
3746 2139 2140 2141 
3747 2311 2310 2312 
3748 886 971 972 
3749 1202 1201 1674 
3750 1855 2034 2036 
3751 2665 3275 3276 
3752 234 235 3349 
3753 842 883 1171 
3754 885 846 886 
3755 1777 1860 2098 
3756 1406 1407 1408 
3757 1954 1953 1955 
3758 994 954 3730 
3759 1282 3469 3471 
3760 2834 1990 2835 
3761 2346 2348 4012 
3762 619 1280 3656 
3763 826 824 932 
3764 1313 1463 3551 
3765 2325 1716 3690 
3766 1864 1863 1865 
3767 2383 2099 2443 
3768 2313 2104 2418 
3769 3635 2715 3794 
3770 3667 886 3781 
3771 990 989 991 
3772 1039 1038 1040 
3773 2337 2638 2818 
3774 839 3618 3907 
3775 2301 2300 3732 
3776 390 391 392 
3777 1503 1560 1701 
3778 829 828 830 
3779 2225 2224 2300 
3780 619 622 623 
3781 2717 2259 2718 
3782 2425 2418 2733 
3783 549 552 553 
3784 2297 2278 3176 
3785 3433 3432 3434 
3786 3516 3518 3519 
3787 553 558 559 
3788 659 658 3548 
3789 710 711 712 
3790 956 981 982 
3791 2243 2236 2621 
3792 600 580 1492 
3793 1874 800 3818 
3794 1883 1283 2011 
3795 1997 1998 2180 
3796 2154 2325 2480 
3797 2554 2170 2568 
3798 541 543 1285 
3799 880 907 3567 
3800 1160 1043 1162 
3801 1819 1269 3820 
3802 1404 1405 1406 
3803 80 81 3854 
3804 576 570 586 
3805 1273 1074 3749 
3806 1856 1435 3646 
3807 1849 2087 2332 
3808 476 475 477 
3809 2098 2383 3668 
3810 2424 3290 3291 
3811 2799 2798 2800 
3812 843 873 874 
3813 1033 1034 1872 
3814 1830 2236 2243 
3815 3571 3570 3572 
3816 818 816 1471 
3817 1054 1157 2091 
3818 1574 1091 3634 
3819 1685 1900 2054 
3820 2287 2286 2288 
3821 1118 1120 3682 
3822 1339 1337 1340 
3823 1525 1524 1526 
3824 2579 2899 3964 
3825 3029 3495 3596 
3826 3514 3515 3516 
3827 694 692 754 
3828 928 878 3788 
3829 1309 1315 1503 
3830 1777 2098 2100 
3831 2180 2181 2595 
3832 2187 2185 2882 
3833 2607 2606 2750 
3834 51 3559 3560 
3835 1038 1037 1041 
3836 1171 1172 1173 
3837 2475 2413 2517 
3838 3520 3522 3523 
3839 724 723 725 
3840 1232 1184 1513 
3841 1302 3626 3653 
3842 2057 2464 3599 
3843 394 395 396 
3844 726 727 728 
3845 2597 2181 3745 
3846 3857 545 3921 
3847 1282 564 3467 
3848 1826 928 2622 
3849 1751 1275 3725 
3850 4327 2423 4419 
3851 832 830 931 
3852 1074 1075 1076 
3853 1639 1637 1956 
3854 3677 1848 3678 
3855 2011 2310 2311 
3856 2259 2630 3685 
3857 2791 2792 2793 
3858 393 391 492 
3859 665 666 667 
3860 941 905 942 
3861 1307 1308 1309 
3862 2100 2098 3668 
3863 2225 2300 2301 
3864 2582 2583 2650 
3865 559 566 567 
3866 1304 1306 1307 
3867 2368 2371 4025 
3868 487 488 489 
3869 2326 971 3808 
3870 1036 1035 1037 
3871 1473 3817 3943 
3872 1722 1999 2000 
3873 1870 3580 3582 
3874 2223 2015 2224 
3875 2028 1249 3910 
3876 1267 1265 2068 
3877 2073 1316 3308 
3878 1425 1417 1435 
3879 2717 2718 3351 
3880 768 769 3719 
3881 2365 3654 4026 
3882 712 713 714 
3883 963 1048 1049 
3884 1398 1396 3810 
3885 1689 3643 3644 
3886 827 828 829 
3887 1091 844 1473 
3888 1139 1137 1689 
3889 857 948 949 
3890 1456 1556 3776 
3891 1768 1980 1981 
3892 1858 2317 3922 
3893 722 721 723 
3894 1862 1863 1864 
3895 763 746 764 
3896 3506 3507 3508 
3897 1663 1995 3319 
3898 1710 2093 2294 
3899 1900 2237 3790 
3900 2837 1993 3672 
3901 2329 2076 3873 
3902 2717 3351 3888 
3903 1126 1667 3747 
3904 1758 1757 1759 
3905 1864 1865 1866 
3906 759 777 800 
3907 2216 2214 2603 
3908 2616 2227 3403 
3909 3520 3521 3522 
3910 747 594 749 
3911 1045 974 1178 
3912 1689 3642 3643 
3913 2052 2051 2258 
3914 3587 2085 3588 
3915 845 801 846 
3916 2120 1868 2122 
3917 734 741 3691 
3918 1090 844 1091 
3919 2713 1453 3478 
3920 1746 2003 3932 
3921 2317 2321 3390 
3922 3727 2682 3728 
3923 665 663 666 
3924 3774 822 3892 
3925 1040 1038 3413 
3926 2223 2224 2225 
3927 2441 2352 2442 
3928 694 754 3447 
3929 3723 1065 4209 
3930 1338 1339 3663 
3931 2234 2716 3000 
3932 3716 1477 3766 
3933 2801 2800 2802 
3934 2055 1900 3790 
3935 1527 1526 1528 
3936 1992 1993 2837 
3937 2285 2218 2286 
3938 2436 2448 2771 
3939 2514 2612 2935 
3940 472 471 475 
3941 731 724 3711 
3942 522 2344 3649 
3943 2344 524 3889 
3944 877 878 928 
3945 1359 1361 1390 
3946 1723 2157 2162 
3947 1849 1850 2087 
3948 2684 2687 3617 
3949 396 397 398 
3950 1042 1040 1043 
3951 1846 1848 3190 
3952 2007 2415 3812 
3953 2233 2234 3679 
3954 2272 2426 3084 
3955 3218 2289 3221 
3956 2783 2521 3001 
3957 800 777 801 
3958 845 846 885 
3959 1023 1025 3847 
3960 1934 4341 4546 
3961 636 633 637 
3962 957 1210 3807 
3963 1012 1011 1013 
3964 1072 1070 3488 
3965 1171 2077 3448 
3966 1451 2043 4096 
3967 1511 1601 2389 
3968 1950 1961 2469 
3969 4348 2518 4575 
3970 2797 2796 2798 
3971 771 817 3994 
3972 2290 2735 2737 
3973 3019 3020 3021 
3974 979 1016 1017 
3975 1132 1131 1133 
3976 1556 1776 3776 
3977 2421 2420 2424 
3978 696 694 697 
3979 952 956 3564 
3980 1309 1310 1315 
3981 2675 2086 2676 
3982 2795 2796 2797 
3983 463 466 467 
3984 1200 1201 1202 
3985 2721 2720 3502 
3986 3526 3530 3533 
3987 714 713 715 
3988 854 852 3547 
3989 885 886 3667 
3990 929 885 3667 
3991 1674 1201 1675 
3992 1275 1273 3725 
3993 2189 1749 2280 
3994 2217 2218 2285 
3995 2634 2246 2916 
3996 2466 2720 2721 
3997 2804 2802 2807 
3998 392 391 393 
3999 639 4280 4296 
4000 3943 2724 4328 
4001 3506 3505 3507 
4002 728 729 730 
4003 1572 1091 1574 
4004 1764 1765 1766 
4005 3975 2824 4088 
4006 800 801 845 
4007 972 1032 1033 
4008 1036 1038 1039 
4009 3303 2664 3912 
4010 1200 1163 1201 
4011 2075 1691 2076 
4012 3618 2331 3619 
4013 2706 2697 2707 
4014 3510 3511 3512 
4015 804 803 852 
4016 869 871 877 
4017 1811 1812 1813 
4018 1858 1869 2317 
4019 2614 2233 3679 
4020 2797 2798 2799 
4021 714 715 716 
4022 1170 978 4038 
4023 2310 1283 3491 
4024 2022 2025 3727 
4025 496 494 497 
4026 986 985 987 
4027 3459 1926 3460 
4028 3254 4589 4609 
4029 1758 1760 2078 
4030 687 689 1483 
4031 1160 1162 1163 
4032 1277 3455 4056 
4033 2464 2233 2614 
4034 2243 2621 3028 
4035 2300 3427 3732 
4036 2356 3761 3818 
4037 2400 2402 3630 
4038 2770 4185 4362 
4039 1206 1204 1668 
4040 1207 1245 1246 
4041 1240 1796 1849 
4042 2710 1718 3694 
4043 2272 2329 2426 
4044 3056 321 3057 
4045 930 929 974 
4046 1686 3281 3638 
4047 3006 2030 3332 
4048 2057 2058 2233 
4049 2511 2956 4126 
4050 3519 3518 3520 
4051 598 591 1486 
4052 654 3402 3897 
4053 1689 1137 3642 
4054 2819 2122 2820 
4055 665 667 3746 
4056 2098 1860 2099 
4057 467 468 469 
4058 698 697 699 
4059 972 971 1031 
4060 1044 1013 3457 
4061 2019 1382 4020 
4062 493 490 494 
4063 1241 1242 3734 
4064 3523 3522 3524 
4065 358 359 360 
4066 667 668 669 
4067 1175 1174 1176 
4068 1342 1460 3663 
4069 1654 2021 2022 
4070 2419 2420 2421 
4071 3528 3527 3531 
4072 576 586 3670 
4073 749 944 2085 
4074 1135 1133 1167 
4075 1343 1341 1344 
4076 1491 1586 1587 
4077 2286 2218 2937 
4078 170 171 3552 
4079 1478 1159 3755 
4080 1302 1304 3626 
4081 2271 2076 2272 
4082 592 591 598 
4083 904 861 905 
4084 988 987 989 
4085 1034 1032 1035 
4086 1345 1346 1347 
4087 2211 2918 2919 
4088 2599 2895 2896 
4089 2795 2797 3365 
4090 887 885 929 
4091 1713 1116 3721 
4092 2466 2111 2720 
4093 394 393 395 
4094 543 547 3573 
4095 1114 1112 3841 
4096 2414 1875 2662 
4097 2025 2024 2214 
4098 78 79 3898 
4099 558 552 3962 
4100 2056 3600 3783 
4101 2803 2804 2805 
4102 2330 764 3941 
4103 1250 1568 1677 
4104 1776 2066 2346 
4105 388 389 390 
4106 459 461 1288 
4107 886 846 971 
4108 2736 2090 3568 
4109 2940 2219 3683 
4110 761 760 803 
4111 935 998 999 
4112 1263 1756 1757 
4113 3015 2656 3016 
4114 3722 450 3816 
4115 716 715 717 
4116 860 837 861 
4117 2656 2055 3790 
4118 2424 2420 3290 
4119 571 576 577 
4120 891 890 892 
4121 1487 1489 2059 
4122 2633 3133 3134 
4123 2799 2800 2801 
4124 3523 3524 3525 
4125 409 407 3978 
4126 1152 1005 3657 
4127 1165 1501 1502 
4128 2119 1714 3713 
4129 1830 1834 2236 
4130 2152 2153 2476 
4131 466 462 3848 
4132 953 957 3807 
4133 1720 1719 3796 
4134 2131 2130 2132 
4135 2300 2224 2698 
4136 724 726 3711 
4137 2083 1701 2090 
4138 3790 2237 3791 
4139 534 781 3687 
4140 966 3341 3344 
4141 3522 3521 3526 
4142 3527 3524 3529 
4143 3516 3517 3518 
4144 971 846 3808 
4145 3391 3857 3921 
4146 667 669 1475 
4147 1463 1432 1717 
4148 2022 2021 2024 
4149 2158 2159 2160 
4150 683 685 700 
4151 759 521 777 
4152 577 576 587 
4153 2360 1555 4009 
4154 2118 1714 2119 
4155 2355 3984 3992 
4156 531 530 532 
4157 827 826 828 
4158 2081 1872 2082 
4159 2057 2233 2464 
4160 2735 2090 2736 
4161 2735 2736 3385 
4162 85 86 3908 
4163 489 488 490 
4164 524 526 3889 
4165 1067 1066 1068 
4166 2645 3187 3189 
4167 1242 1468 1469 
4168 1777 1560 1860 
4169 1585 2376 3973 
4170 1616 1727 3836 
4171 2363 2362 2419 
4172 470 469 471 
4173 1320 1318 4212 
4174 1776 2346 3776 
4175 2054 2055 2653 
4176 2285 2286 2287 
4177 2707 2697 3087 
4178 1209 994 3730 
4179 1029 3728 4054 
4180 1130 1129 1131 
4181 2750 3629 4306 
4182 562 556 3718 
4183 726 728 1454 
4184 2664 2040 3912 
4185 2653 2055 2655 
4186 2655 3015 3017 
4187 767 792 793 
4188 1591 1620 1621 
4189 2062 2353 2355 
4190 2421 2424 2759 
4191 2663 2662 3201 
4192 632 631 633 
4193 730 734 735 
4194 1205 1204 1206 
4195 1751 3725 3726 
4196 1716 762 3690 
4197 975 974 1045 
4198 1084 1085 1086 
4199 577 587 588 
4200 669 670 671 
4201 2037 2250 2784 
4202 569 557 1455 
4203 909 2677 3903 
4204 1817 1816 1994 
4205 1943 1924 1944 
4206 2738 1973 4048 
4207 390 389 391 
4208 467 469 470 
4209 759 800 1874 
4210 1041 1262 1263 
4211 1827 1829 2260 
4212 2233 2058 2234 
4213 2259 2258 2630 
4214 3681 1118 3682 
4215 1342 1428 1460 
4216 1497 1654 3669 
4217 2309 2437 2758 
4218 2351 2349 2352 
4219 853 803 3499 
4220 1063 1059 1064 
4221 2389 1601 3384 
4222 3648 1874 3761 
4223 3031 3030 3032 
4224 392 393 394 
4225 653 652 4035 
4226 735 734 736 
4227 1128 1127 1129 
4228 1815 1813 1816 
4229 1821 1823 2042 
4230 712 711 713 
4231 2054 1900 2055 
4232 671 674 3735 
4233 1086 1185 1186 
4234 1199 1163 1200 
4235 1210 1879 3807 
4236 2017 2207 2208 
4237 2290 2090 2735 
4238 3441 3819 3820 
4239 1143 1141 1693 
4240 2695 2694 2696 
4241 50 51 3560 
4242 461 462 463 
4243 1727 1970 2152 
4244 519 521 759 
4245 1134 1133 1135 
4246 2190 1977 2574 
4247 2135 2134 2136 
4248 3108 3790 3791 
4249 398 399 400 
4250 984 983 985 
4251 1416 1418 1423 
4252 1502 1501 1699 
4253 2317 1869 2321 
4254 47 48 3252 
4255 481 479 3703 
4256 720 719 721 
4257 1597 1704 1705 
4258 2631 2069 3866 
4259 887 929 930 
4260 1065 1059 3659 
4261 2059 1489 3743 
4262 3678 2263 3762 
4263 3418 3417 3419 
4264 2230 1819 2231 
4265 3619 2331 3778 
4266 2402 2961 3630 
4267 459 460 461 
4268 1247 1245 1833 
4269 2087 1850 2088 
4270 388 387 389 
4271 886 972 3781 
4272 951 943 3849 
4273 1005 1007 3657 
4274 2018 1382 2019 
4275 1879 1708 3840 
4276 2461 2111 2466 
4277 2654 2653 3009 
4278 3281 3283 3284 
4279 271 24 3172 
4280 730 733 734 
4281 1668 1204 3625 
4282 1339 1342 3663 
4283 2306 2308 2309 
4284 684 757 3825 
4285 709 707 710 
4286 801 777 1465 
4287 3503 3502 3505 
4288 1373 1375 1377 
4289 2375 1490 3765 
4290 3369 2068 3397 
4291 2311 2930 2949 
4292 3341 3342 3343 
4293 718 717 719 
4294 1129 1127 1558 
4295 2417 1925 3904 
4296 3743 2654 3744 
4297 875 912 2331 
4298 1137 1135 3642 
4299 2078 2268 3181 
4300 3939 2082 4127 
4301 590 591 592 
4302 1479 666 3902 
4303 789 773 1283 
4304 2033 1854 2035 
4305 2492 2491 2493 
4306 508 510 1284 
4307 522 520 523 
4308 863 762 1716 
4309 1831 1696 1941 
4310 1823 1825 3674 
4311 2287 2289 3218 
4312 1873 485 3703 
4313 679 681 1498 
4314 1051 1046 1052 
4315 1080 1081 1082 
4316 2075 2076 2271 
4317 384 383 385 
4318 735 736 737 
4319 840 839 841 
4320 1203 1202 1204 
4321 1463 2710 3551 
4322 1579 1485 1580 
4323 1136 1135 1137 
4324 1747 1650 1977 
4325 2132 2130 3479 
4326 2452 2644 2645 
4327 1495 415 3821 
4328 3705 1020 4092 
4329 1867 2108 3813 
4330 2243 3028 3029 
4331 1205 1206 1207 
4332 1332 3456 4019 
4333 2721 3503 3504 
4334 3437 3434 3661 
4335 793 838 839 
4336 1053 1052 1164 
4337 2014 1751 2015 
4338 675 677 708 
4339 1365 1367 1368 
4340 1402 1401 1403 
4341 1923 1703 1924 
4342 2305 2683 3775 
4343 2848 2628 2849 
4344 3516 3515 3517 
4345 818 1471 1862 
4346 961 1012 3445 
4347 1160 1163 1199 
4348 1104 1102 1711 
4349 1207 1206 1245 
4350 1465 3584 3942 
4351 1685 1898 1900 
4352 398 397 399 
4353 521 520 522 
4354 2303 2293 2304 
4355 1165 1164 1501 
4356 2693 2694 2695 
4357 954 562 2298 
4358 3527 3529 4147 
4359 450 1269 1818 
4360 1046 1045 1214 
4361 1087 3929 4012 
4362 1115 1118 3681 
4363 1203 1204 1205 
4364 2145 2147 3566 
4365 399 397 1642 
4366 1039 1040 1042 
4367 1098 1096 1575 
4368 1503 2083 3885 
4369 2239 3394 3396 
4370 2606 2301 3732 
4371 691 693 695 
4372 705 1491 3609 
4373 3591 1156 3979 
4374 3582 3583 3584 
4375 1570 686 3825 
4376 1031 4095 4138 
4377 1073 1072 1074 
4378 1503 1701 2083 
4379 2324 2664 2665 
4380 2402 2404 2961 
4381 2801 2806 3915 
4382 498 496 499 
4383 1053 1164 1165 
4384 1533 1532 1534 
4385 2279 1580 3465 
4386 1615 1616 2150 
4387 2097 2438 2764 
4388 108 109 3595 
4389 1061 1264 3227 
4390 593 747 748 
4391 975 1045 1046 
4392 1122 1121 1123 
4393 1182 1180 2766 
4394 1347 1348 1349 
4395 3731 1425 3938 
4396 1217 888 1485 
4397 1826 2622 3051 
4398 2306 2304 2308 
4399 2981 2980 2983 
4400 1655 1628 1656 
4401 2054 2653 2654 
4402 2475 2517 4569 
4403 728 727 729 
4404 1216 1778 3948 
4405 1849 1796 1850 
4406 2057 805 2058 
4407 805 466 3848 
4408 488 1873 3720 
4409 599 743 744 
4410 730 729 733 
4411 930 974 975 
4412 1336 1670 1671 
4413 1674 1675 1830 
4414 2332 3393 3777 
4415 512 514 784 
4416 590 588 591 
4417 706 702 3536 
4418 1206 1668 3752 
4419 1694 2095 2097 
4420 1071 1070 1072 
4421 2137 2138 2139 
4422 2669 2308 3555 
4423 3511 3509 3870 
4424 611 815 3899 
4425 2056 805 2057 
4426 1625 1634 1992 
4427 1830 1675 1834 
4428 2052 2258 2259 
4429 2083 2090 2290 
4430 2289 2288 2382 
4431 1669 452 3722 
4432 1268 3430 3431 
4433 1441 1439 2671 
4434 2110 1713 2111 
4435 2229 1819 2230 
4436 2882 2185 3576 
4437 2721 3502 3503 
4438 357 358 2262 
4439 1702 1580 1703 
4440 616 618 619 
4441 825 826 827 
4442 1689 3644 3645 
4443 2196 2831 3229 
4444 3508 3507 3509 
4445 455 456 457 
4446 472 475 476 
4447 1042 1043 1159 
4448 1256 1260 1761 
4449 1958 2156 2534 
4450 400 401 402 
4451 1130 1131 1132 
4452 1677 1568 1678 
4453 2793 2792 2794 
4454 3418 3419 3420 
4455 396 395 397 
4456 1115 1117 1118 
4457 236 237 3257 
4458 707 706 3785 
4459 1573 1572 1696 
4460 1678 1681 2041 
4461 2348 2347 2349 
4462 2607 2750 2751 
4463 3520 3518 3521 
4464 501 2296 3549 
4465 667 1475 3746 
4466 3715 1477 3716 
4467 488 485 1873 
4468 1012 1851 3445 
4469 1122 1123 1124 
4470 1425 1436 3938 
4471 2420 2362 3759 
4472 486 1762 2051 
4473 759 1874 3647 
4474 1750 1275 1751 
4475 2050 2586 2587 
4476 2335 2336 3706 
4477 2633 2632 3133 
4478 451 452 453 
4479 470 471 472 
4480 534 532 781 
4481 949 948 993 
4482 2450 2451 2452 
4483 2595 2181 2596 
4484 2801 2803 2806 
4485 380 379 381 
4486 667 666 668 
4487 2051 2092 3883 
4488 2387 2386 2486 
4489 3084 2426 3085 
4490 1178 974 3660 
4491 2052 2259 2717 
4492 2108 2778 3813 
4493 2970 2397 3760 
4494 716 779 3799 
4495 857 836 948 
4496 845 885 887 
4497 1131 1129 3658 
4498 2443 2444 2459 
4499 483 481 485 
4500 982 981 983 
4501 1118 1119 1120 
4502 1399 1398 1401 
4503 1587 1586 1588 
4504 1697 1858 3922 
4505 3002 2526 3251 
4506 1079 1078 1080 
4507 1307 1306 1308 
4508 3647 1874 3648 
4509 1921 2768 2769 
4510 2292 2082 2293 
4511 2919 2918 2920 
4512 404 405 406 
4513 713 711 1569 
4514 931 830 3602 
4515 917 934 1251 
4516 1460 1461 1623 
4517 2361 2360 2362 
4518 384 385 386 
4519 386 385 387 
4520 502 501 504 
4521 3687 781 3688 
4522 853 3499 3740 
4523 1124 1123 1125 
4524 1210 1708 1879 
4525 2203 1797 2204 
4526 453 454 455 
4527 1266 1637 1639 
4528 545 527 844 
4529 2331 912 3886 
4530 1120 1121 1122 
4531 1309 1308 1310 
4532 2256 2035 2257 
4533 2113 2227 2474 
4534 435 434 436 
4535 2231 1819 3820 
4536 2702 2534 3264 
4537 825 824 826 
4538 2540 1961 3763 
4539 2342 3623 3843 
4540 3016 2656 3108 
4541 2296 499 3637 
4542 1397 1396 1398 
4543 2655 2656 3015 
4544 1161 1159 1478 
4545 2931 2312 3124 
4546 3685 2630 3686 
4547 1920 1901 2745 
4548 2155 2423 2488 
4549 3029 3028 3030 
4550 362 361 363 
4551 403 401 474 
4552 529 530 531 
4553 979 969 1016 
4554 1489 1684 1685 
4555 2160 2161 2163 
4556 2703 2290 3650 
4557 884 511 3811 
4558 734 733 741 
4559 1138 1137 1139 
4560 3029 3030 3031 
4561 722 724 731 
4562 1180 921 3920 
4563 1113 1115 3681 
4564 1118 1117 1119 
4565 1654 2020 2021 
4566 3351 2718 3352 
4567 1201 1163 3631 
4568 2234 2715 2716 
4569 1169 994 1209 
4570 1246 1245 1247 
4571 1707 2103 2104 
4572 2239 1838 3394 
4573 3431 3432 3433 
4574 3647 3648 3666 
4575 386 387 388 
4576 400 399 401 
4577 1866 1867 1868 
4578 477 475 1459 
4579 671 670 672 
4580 1602 1604 1743 
4581 2004 1631 2061 
4582 2979 2978 2980 
4583 380 381 382 
4584 457 458 459 
4585 831 833 3797 
4586 1997 1629 1998 
4587 2081 2082 2292 
4588 1307 1309 3885 
4589 1451 1326 1755 
4590 2346 2066 2347 
4591 2272 2076 2329 
4592 2598 2197 2599 
4593 1133 1131 3750 
4594 2130 2284 3479 
4595 2490 2489 2491 
4596 3033 3034 3035 
4597 2469 1961 2539 
4598 2010 1994 2197 
4599 2385 2384 2386 
4600 4003 2813 4005 
4601 505 504 556 
4602 1672 739 2618 
4603 2000 2580 2581 
4604 2622 3025 3053 
4605 523 520 3801 
4606 612 614 2318 
4607 744 743 755 
4608 1051 1052 1053 
4609 1690 1502 1691 
4610 2655 2055 2656 
4611 2788 2787 2790 
4612 3084 3085 3135 
4613 455 457 810 
4614 536 534 3687 
4615 564 565 572 
4616 1128 1129 1130 
4617 2374 2204 2722 
4618 2496 2495 2497 
4619 2788 2790 2791 
4620 382 383 384 
4621 711 707 3785 
4622 1192 1193 1194 
4623 2222 2015 2223 
4624 2042 3674 3675 
4625 2105 3802 3803 
4626 2791 2793 4106 
4627 636 637 640 
4628 3342 1170 4170 
4629 2244 2245 3961 
4630 2285 2287 3860 
4631 452 449 3722 
4632 468 805 2056 
4633 693 692 694 
4634 1845 1968 2277 
4635 2684 2307 2685 
4636 434 432 491 
4637 688 686 1570 
4638 717 715 742 
4639 2040 1847 3912 
4640 2108 2777 2778 
4641 2691 2690 2692 
4642 1090 1091 1572 
4643 1774 1555 2360 
4644 1779 1578 2101 
4645 1617 1619 1740 
4646 2232 2613 2971 
4647 669 668 670 
4648 459 1288 3700 
4649 3124 2312 3313 
4650 1490 703 3765 
4651 1358 1357 1359 
4652 2129 2128 2130 
4653 2695 2696 2697 
4654 3510 3509 3511 
4655 402 403 404 
4656 500 499 501 
4657 1247 1833 3910 
4658 2398 2400 2962 
4659 2738 4048 4072 
4660 3514 3513 3515 
4661 509 1564 3811 
4662 1200 1202 1203 
4663 1984 1912 2619 
4664 2243 3029 3596 
4665 435 436 437 
4666 487 485 488 
4667 587 576 3670 
4668 592 598 599 
4669 843 841 873 
4670 1132 1133 1134 
4671 2163 2164 2165 
4672 2400 2401 2402 
4673 2693 2692 2694 
4674 3643 3642 3754 
4675 806 787 807 
4676 2961 2404 3151 
4677 2825 4063 4180 
4678 2309 2758 3712 
4679 522 523 524 
4680 1166 951 3849 
4681 1054 1156 1157 
4682 2592 2372 4551 
4683 2622 928 3025 
4684 2217 2285 2682 
4685 2627 2626 2628 
4686 782 650 1291 
4687 658 1706 1707 
4688 1694 2097 3827 
4689 1900 1898 2237 
4690 2605 2606 2607 
4691 3508 3509 3510 
4692 796 798 814 
4693 946 1018 1054 
4694 2120 2122 2819 
4695 3433 3434 3437 
4696 404 403 405 
4697 1246 1247 1248 
4698 2826 1940 3946 
4699 2165 2166 2168 
4700 2426 2329 2427 
4701 2689 2690 2691 
4702 518 1871 3801 
4703 545 844 1090 
4704 599 598 743 
4705 2480 2325 4124 
4706 2689 2688 2690 
4707 51 52 3559 
4708 880 3567 3788 
4709 1083 1082 1084 
4710 2402 2403 2404 
4711 2791 2790 2792 
4712 1090 1572 1573 
4713 2342 2271 3105 
4714 612 2318 3835 
4715 735 737 2343 
4716 1162 1043 3633 
4717 1120 1119 1121 
4718 1124 1126 3747 
4719 1167 1133 3750 
4720 1623 1788 1966 
4721 451 449 452 
4722 993 1942 2811 
4723 1337 1336 3628 
4724 3365 2797 4055 
4725 1126 1125 1127 
4726 1371 3991 4020 
4727 2236 1834 2984 
4728 2397 2231 2398 
4729 2969 2397 2970 
4730 2485 2484 2489 
4731 113 114 3577 
4732 3819 465 3972 
4733 630 625 631 
4734 852 881 3547 
4735 975 1046 1051 
4736 1442 1444 3982 
4737 1858 1859 1869 
4738 2720 2111 3721 
4739 624 621 625 
4740 1105 1106 1107 
4741 1391 1453 1958 
4742 2305 2304 2306 
4743 2988 2990 2993 
4744 402 401 403 
4745 572 573 580 
4746 2238 740 3040 
4747 1054 1018 1156 
4748 1249 1247 3910 
4749 2277 2278 2297 
4750 2795 2794 2796 
4751 3352 3353 3354 
4752 478 477 479 
4753 1740 1741 1964 
4754 1988 1987 1989 
4755 2110 2111 2461 
4756 510 512 3636 
4757 1108 1106 1712 
4758 1232 1513 2155 
4759 428 426 811 
4760 568 578 1518 
4761 589 588 590 
4762 1112 1110 1692 
4763 1445 1443 1582 
4764 2822 1940 2826 
4765 1735 1736 1737 
4766 1285 543 3573 
4767 1168 1123 3665 
4768 686 684 3825 
4769 1120 1122 1243 
4770 1260 1261 1487 
4771 1560 1315 3757 
4772 1430 1440 1448 
4773 2234 2058 2715 
4774 3071 3072 3073 
4775 2027 1908 2422 
4776 462 460 3794 
4777 909 937 938 
4778 1351 1352 1353 
4779 1402 1403 1404 
4780 1818 1819 2229 
4781 1841 2270 3923 
4782 2056 2057 3599 
4783 848 867 868 
4784 2070 2334 2335 
4785 550 551 554 
4786 745 762 863 
4787 3756 1199 3828 
4788 1497 1653 1654 
4789 1892 1868 2120 
4790 2227 2028 2357 
4791 2684 2685 2686 
4792 610 612 3835 
4793 946 1054 3886 
4794 1129 1558 3658 
4795 1501 1164 1566 
4796 3610 1835 3917 
4797 2230 2231 2397 
4798 3335 2254 3336 
4799 522 524 2344 
4800 1025 1197 3847 
4801 1597 1734 3830 
4802 471 469 473 
4803 493 496 498 
4804 560 561 564 
4805 1795 1239 1797 
4806 2074 1691 2075 
4807 2232 2971 2972 
4808 2292 2293 2303 
4809 483 485 487 
4810 941 942 1001 
4811 1611 1612 1613 
4812 581 583 585 
4813 2042 1823 3674 
4814 2075 2271 2342 
4815 2305 2306 2307 
4816 2494 2493 2495 
4817 2662 3719 3937 
4818 2979 2980 2981 
4819 3532 3515 3901 
4820 953 562 954 
4821 2691 2692 2693 
4822 1126 1128 1667 
4823 1005 1006 1007 
4824 1487 1488 1489 
4825 2786 2115 2789 
4826 2260 2314 3082 
4827 519 520 521 
4828 1659 1658 1660 
4829 756 755 773 
4830 1134 1135 1136 
4831 1539 1541 1554 
4832 2202 1797 2203 
4833 2083 2703 3885 
4834 3629 2606 3732 
4835 716 718 779 
4836 1681 1820 1821 
4837 4098 1770 4116 
4838 1830 2243 3596 
4839 2203 2204 2205 
4840 2379 2378 2380 
4841 454 452 1669 
4842 1284 510 3636 
4843 975 1051 3872 
4844 1938 1716 2154 
4845 2342 3105 3106 
4846 2429 2939 4354 
4847 2581 2580 2582 
4848 2691 2693 3798 
4849 2981 2983 3263 
4850 1423 1424 1429 
4851 2222 2223 2951 
4852 632 633 636 
4853 1136 1137 1138 
4854 1438 3383 4288 
4855 1697 1696 1831 
4856 2180 1998 2181 
4857 765 764 766 
4858 858 807 859 
4859 835 837 860 
4860 936 882 1286 
4861 1349 1348 3933 
4862 2124 1917 2125 
4863 3843 3623 3880 
4864 451 453 1458 
4865 460 458 464 
4866 608 610 862 
4867 1074 1076 3749 
4868 1433 1782 3764 
4869 1526 1552 4218 
4870 2038 1759 3416 
4871 726 1454 3711 
4872 1125 1168 4089 
4873 1165 1502 1690 
4874 2086 1865 3708 
4875 2127 2125 2128 
4876 3359 3358 3360 
4877 431 433 1571 
4878 490 488 3720 
4879 514 515 517 
4880 1613 1614 1615 
4881 2043 1755 2053 
4882 2711 3185 3939 
4883 671 673 674 
4884 767 766 792 
4885 774 773 789 
4886 1155 1598 1599 
4887 1395 1392 1396 
4888 2226 3614 4073 
4889 3278 3276 3279 
4890 462 3794 3848 
4891 601 494 3845 
4892 1125 1123 1168 
4893 1173 1174 1175 
4894 382 381 383 
4895 627 626 628 
4896 1029 1030 3909 
4897 1328 1330 1470 
4898 1353 1354 1355 
4899 2120 2819 3838 
4900 435 440 3780 
4901 554 555 560 
4902 1719 1856 1950 
4903 2185 1975 3576 
4904 4106 2793 4108 
4905 532 530 3856 
4906 789 1283 1883 
4907 1126 1127 1128 
4908 1989 2366 2367 
4909 3471 3472 3473 
4910 768 751 769 
4911 1107 1108 1109 
4912 1123 1121 3665 
4913 1263 1758 3940 
4914 1614 1612 4048 
4915 2225 2301 2604 
4916 2689 2691 2723 
4917 238 276 3261 
4918 517 518 519 
4919 1018 947 1019 
4920 1025 1027 1197 
4921 4034 1474 4137 
4922 2400 2399 2401 
4923 407 1499 3978 
4924 1559 725 3689 
4925 1076 1078 1079 
4926 1297 1299 1700 
4927 1755 1326 4057 
4928 924 923 925 
4929 2092 2679 2680 
4930 2115 2110 3914 
4931 2723 2691 3798 
4932 3929 3776 4012 
4933 629 628 634 
4934 801 1465 3808 
4935 1429 1430 3561 
4936 1778 1713 2110 
4937 1009 1059 1063 
4938 2398 2399 2400 
4939 2404 2403 2487 
4940 472 476 919 
4941 1121 1576 3665 
4942 1140 1139 1141 
4943 3198 2635 3199 
4944 2687 2686 2688 
4945 468 466 805 
4946 1685 1684 1898 
4947 3972 3464 4101 
4948 1021 1023 1474 
4949 1101 1100 1102 
4950 1203 1205 1679 
4951 1818 1269 1819 
4952 2376 2375 2378 
4953 2695 2697 2706 
4954 3067 3068 3069 
4955 1499 405 3784 
4956 602 604 1504 
4957 823 824 825 
4958 1585 2375 2376 
4959 2131 2132 2133 
4960 3640 3284 3707 
4961 804 852 854 
4962 3539 1276 4363 
4963 1883 2011 2629 
4964 512 513 514 
4965 2298 562 3718 
4966 453 452 454 
4967 795 790 796 
4968 2168 2169 2170 
4969 2398 2231 2399 
4970 2464 2614 3007 
4971 429 431 3758 
4972 2630 2258 3048 
4973 599 744 794 
4974 1124 1125 1126 
4975 1216 1713 1778 
4976 3512 3511 3513 
4977 513 511 884 
4978 684 682 757 
4979 2332 3777 3795 
4980 3258 3257 3259 
4981 437 438 439 
4982 494 490 3845 
4983 1569 711 3785 
4984 3529 3524 3704 
4985 406 407 408 
4986 2221 2046 3449 
4987 2421 2759 3442 
4988 3352 2718 3353 
4989 1271 438 4654 
4990 445 446 447 
4991 480 479 481 
4992 520 518 3801 
4993 705 3609 3950 
4994 1054 2091 3886 
4995 1632 1991 2339 
4996 2116 2115 2786 
4997 2799 2801 3915 
4998 3632 1162 3633 
4999 2325 3690 3742 
5000 2645 2644 3187 
5001 3778 3777 4098 
5002 529 1870 3889 
5003 750 649 751 
5004 689 691 3768 
5005 727 725 1559 
5006 887 930 2356 
5007 952 3564 3884 
5008 1109 1110 1111 
5009 1256 1257 1260 
5010 316 3257 3258 
5011 537 574 3307 
5012 1068 1070 1071 
5013 1489 1488 1684 
5014 1868 1867 3813 
5015 2205 2204 2374 
5016 482 481 483 
5017 1157 1239 1240 
5018 1248 1247 1249 
5019 2682 2285 3860 
5020 2933 2932 3038 
5021 1097 1096 1098 
5022 526 528 529 
5023 863 1939 3832 
5024 2255 2023 2384 
5025 408 409 410 
5026 1013 1014 1015 
5027 1115 1116 1117 
5028 1977 1650 3496 
5029 4315 1871 4396 
5030 2616 3403 3404 
5031 3750 2806 4168 
5032 424 422 2615 
5033 635 634 638 
5034 1323 1324 3833 
5035 3683 1796 4024 
5036 2317 3391 3922 
5037 510 511 512 
5038 642 638 643 
5039 1094 1208 1497 
5040 1573 1696 1697 
5041 2111 1713 3721 
5042 2230 2397 2969 
5043 2303 2304 2305 
5044 433 435 3780 
5045 505 556 562 
5046 823 822 824 
5047 2232 2229 2613 
5048 2343 3975 4088 
5049 3033 3032 3034 
5050 3355 3354 3356 
5051 2327 523 3801 
5052 581 585 3733 
5053 1506 1179 2757 
5054 1246 1248 1259 
5055 2162 2552 2564 
5056 2402 2401 2403 
5057 1033 1872 2081 
5058 2193 2199 2868 
5059 1426 1398 3810 
5060 1510 1508 1909 
5061 1759 1757 2060 
5062 2385 2386 2387 
5063 2448 2449 2450 
5064 485 481 3703 
5065 1345 1344 1346 
5066 613 611 3899 
5067 723 721 785 
5068 846 801 3808 
5069 1567 1249 2028 
5070 1469 1635 1636 
5071 3190 1848 3677 
5072 2263 3272 3762 
5073 3526 3521 3530 
5074 1265 1174 3409 
5075 3478 1381 3996 
5076 3517 3515 3532 
5077 620 617 621 
5078 2109 2455 2456 
5079 818 1862 3892 
5080 2399 2231 3820 
5081 2679 2406 2781 
5082 1042 1159 1161 
5083 1671 2032 2765 
5084 2240 2019 2241 
5085 3380 2279 3465 
5086 3620 2339 4016 
5087 2665 2664 3275 
5088 407 405 1499 
5089 900 859 902 
5090 1766 1767 1768 
5091 2684 2686 2687 
5092 623 622 626 
5093 863 1716 1938 
5094 1109 1108 1110 
5095 1857 1753 2012 
5096 2056 3599 3600 
5097 2097 2095 2438 
5098 3817 2327 3943 
5099 406 405 407 
5100 946 913 947 
5101 999 1146 1147 
5102 1105 1107 1494 
5103 1253 1255 1256 
5104 2938 2219 2940 
5105 2974 2978 2979 
5106 1051 1053 1688 
5107 1585 1490 2375 
5108 2081 2292 2708 
5109 2443 2099 2444 
5110 3033 3035 3321 
5111 439 442 443 
5112 664 739 1672 
5113 1007 1088 1089 
5114 1099 1098 1100 
5115 1562 1225 1594 
5116 1016 969 3974 
5117 1648 2009 2947 
5118 2121 2120 3838 
5119 2954 2387 2955 
5120 2773 2774 2775 
5121 3600 3599 3601 
5122 431 1571 3758 
5123 817 820 3994 
5124 1101 1103 1158 
5125 1216 1116 1713 
5126 1292 1291 1293 
5127 2334 1492 3733 
5128 1497 3669 3909 
5129 1858 1832 1859 
5130 2014 2015 2222 
5131 2291 3200 3331 
5132 832 931 4003 
5133 1727 2152 3836 
5134 1750 1751 2014 
5135 3063 3064 3065 
5136 2458 2114 2699 
5137 525 2327 3817 
5138 1112 1692 3841 
5139 2072 1771 2741 
5140 2105 3803 3840 
5141 2232 2972 3816 
5142 2651 2907 2908 
5143 3575 1039 3976 
5144 1073 1074 1273 
5145 1818 2229 2232 
5146 525 523 2327 
5147 615 613 1861 
5148 1031 971 2326 
5149 1089 1219 1220 
5150 1688 3805 3868 
5151 2003 2584 2585 
5152 2033 2256 3655 
5153 2106 2445 3802 
5154 410 411 412 
5155 1021 1474 4034 
5156 2452 2451 2644 
5157 1056 1189 1190 
5158 1313 1314 1432 
5159 1708 2105 3840 
5160 2575 1977 3496 
5161 2147 2413 2475 
5162 2474 2227 2616 
5163 2687 2688 2689 
5164 3771 3772 3773 
5165 412 414 1676 
5166 1099 1100 1101 
5167 73 74 296 
5168 647 643 649 
5169 2317 3390 3391 
5170 2540 3763 4120 
5171 778 429 3758 
5172 746 738 3941 
5173 882 853 3740 
5174 1111 1110 1112 
5175 2305 2307 2683 
5176 619 618 622 
5177 899 909 3903 
5178 1030 1094 3909 
5179 1688 1053 3805 
5180 1239 1156 3591 
5181 2068 1265 3409 
5182 1888 1890 2743 
5183 2382 2288 2936 
5184 3108 2656 3790 
5185 2202 2203 2932 
5186 593 748 3989 
5187 3855 2748 4117 
5188 2972 2971 2973 
5189 1279 558 3962 
5190 663 662 3902 
5191 1678 1680 1681 
5192 1690 1691 2074 
5193 2092 2406 2679 
5194 2951 3613 3614 
5195 378 379 380 
5196 427 429 778 
5197 559 567 918 
5198 589 590 740 
5199 756 773 774 
5200 1690 2328 3805 
5201 10 11 295 
5202 1387 1384 1388 
5203 1697 1832 1858 
5204 2214 2024 2215 
5205 2113 2028 2227 
5206 447 448 449 
5207 1041 1037 1262 
5208 1064 1066 1067 
5209 1487 1261 1488 
5210 2225 2604 3612 
5211 2775 2886 2887 
5212 463 462 466 
5213 742 715 3767 
5214 2076 1691 3873 
5215 497 494 601 
5216 993 948 1942 
5217 1109 1111 1198 
5218 2244 1955 2245 
5219 2450 2449 2451 
5220 1291 650 3897 
5221 842 1171 3448 
5222 1497 1208 1653 
5223 2483 2482 2484 
5224 461 460 462 
5225 529 528 530 
5226 733 729 758 
5227 1095 1093 1096 
5228 2083 2290 2703 
5229 443 444 445 
5230 840 842 3448 
5231 2363 2419 2754 
5232 1240 1795 1796 
5233 490 3720 3845 
5234 506 508 3779 
5235 508 1284 3779 
5236 1051 1688 3872 
5237 1491 1585 1586 
5238 1573 1697 3922 
5239 2361 2362 2363 
5240 821 819 822 
5241 1142 1141 1143 
5242 2429 2219 2938 
5243 2926 2642 2927 
5244 2343 737 3832 
5245 788 3539 4352 
5246 2081 2708 3781 
5247 3621 592 3831 
5248 3402 1270 3556 
5249 2276 1839 3923 
5250 2309 3712 3865 
5251 774 790 795 
5252 3829 2151 3980 
5253 946 947 1018 
5254 1260 1257 1261 
5255 1296 1295 1300 
5256 1639 1956 1957 
5257 2255 2384 2385 
5258 468 2056 3783 
5259 1140 1141 1142 
5260 2013 2012 2532 
5261 1080 1082 1083 
5262 364 363 365 
5263 412 411 413 
5264 519 518 520 
5265 748 760 761 
5266 1778 2110 2115 
5267 3819 2399 3820 
5268 1859 2149 2457 
5269 2212 2950 3834 
5270 2974 2973 2978 
5271 410 409 411 
5272 771 753 816 
5273 874 910 911 
5274 1095 1096 1097 
5275 1101 1102 1103 
5276 3421 3417 3992 
5277 455 454 456 
5278 1113 1114 1115 
5279 1163 1162 3631 
5280 1336 1334 1670 
5281 2210 2007 3812 
5282 3018 2266 3019 
5283 511 509 3811 
5284 877 871 878 
5285 1156 1018 3979 
5286 509 507 1564 
5287 577 588 589 
5288 744 755 756 
5289 749 943 944 
5290 875 876 912 
5291 1169 1209 1578 
5292 1186 1224 1225 
5293 1501 1566 4083 
5294 1595 1594 1625 
5295 505 562 953 
5296 868 867 869 
5297 2158 1724 2159 
5298 2436 2447 2448 
5299 526 529 3889 
5300 930 975 3872 
5301 1240 1239 1795 
5302 1772 2814 2815 
5303 2457 2149 2817 
5304 457 456 458 
5305 703 704 3765 
5306 774 789 790 
5307 836 834 4005 
5308 1103 1102 1104 
5309 1294 1293 1295 
5310 2981 3263 3815 
5311 1071 1072 1073 
5312 1097 1098 1099 
5313 2051 1762 2092 
5314 1837 1839 2276 
5315 427 428 429 
5316 3290 2420 3759 
5317 2581 2582 3213 
5318 467 466 468 
5319 790 789 3927 
5320 1188 1187 1233 
5321 1723 2162 4044 
5322 2979 2981 2982 
5323 79 345 3898 
5324 425 426 427 
5325 1571 433 3780 
5326 1161 1478 1515 
5327 1823 1824 1825 
5328 2212 2617 2950 
5329 2604 2301 2605 
5330 487 489 1477 
5331 793 792 838 
5332 2116 2788 3948 
5333 11 12 3814 
5334 489 493 3766 
5335 1021 1020 1022 
5336 1105 1104 1106 
5337 1304 1305 1306 
5338 1309 1503 3885 
5339 913 876 1290 
5340 1433 1437 1782 
5341 2118 2119 2809 
5342 540 538 544 
5343 650 651 3897 
5344 1194 1236 1237 
5345 1250 1249 1567 
5346 1256 1255 1257 
5347 1859 1832 2149 
5348 2673 2244 3961 
5349 469 468 3783 
5350 1510 1909 2473 
5351 1678 1568 1680 
5352 1774 2360 2361 
5353 2255 2385 3970 
5354 2373 1680 3934 
5355 1746 2002 2003 
5356 1289 714 3799 
5357 855 808 3971 
5358 1543 1546 1547 
5359 2106 2267 2445 
5360 435 437 440 
5361 671 672 673 
5362 1302 1303 1304 
5363 2021 2020 3834 
5364 2088 2219 2429 
5365 3791 2237 3792 
5366 2386 2384 4118 
5367 15 16 3900 
5368 3771 695 3772 
5369 1250 1567 1568 
5370 2303 2305 3775 
5371 2401 2399 3819 
5372 429 430 431 
5373 508 509 510 
5374 1562 1594 1595 
5375 408 410 495 
5376 418 420 486 
5377 524 523 525 
5378 546 542 1894 
5379 1138 1139 1140 
5380 1449 1753 1857 
5381 3692 2671 3693 
5382 79 80 345 
5383 800 845 3818 
5384 1019 947 1020 
5385 3631 1162 3632 
5386 1707 1706 2103 
5387 3138 265 3219 
5388 1103 1104 1105 
5389 2811 1942 2812 
5390 2105 2106 3802 
5391 817 816 818 
5392 1021 1022 1023 
5393 2091 3778 3886 
5394 92 93 262 
5395 155 156 263 
5396 458 456 4074 
5397 1130 1132 1244 
5398 1138 1140 1665 
5399 3809 1466 3926 
5400 1540 1538 4270 
5401 3352 3354 3355 
5402 476 477 478 
5403 712 1289 3664 
5404 1806 1807 2213 
5405 696 698 1484 
5406 1779 2101 3891 
5407 2135 2136 2137 
5408 3805 2328 3868 
5409 2342 3106 3623 
5410 611 609 815 
5411 705 1490 1491 
5412 1263 1262 1756 
5413 1860 1560 3757 
5414 1778 2115 2116 
5415 1852 2661 4104 
5416 3646 3428 3763 
5417 2711 1515 3185 
5418 1950 1856 1961 
5419 2171 2845 2846 
5420 4464 3508 4479 
5421 904 905 941 
5422 912 913 946 
5423 1351 1349 1352 
5424 2418 2104 2760 
5425 3797 833 4058 
5426 1030 1028 1092 
5427 1599 1728 1729 
5428 2202 2932 2933 
5429 16 17 346 
5430 1248 1249 1250 
5431 1567 2028 2113 
5432 3029 3031 3495 
5433 630 631 632 
5434 712 714 1289 
5435 874 873 910 
5436 3031 3032 3033 
5437 1147 1228 1229 
5438 1470 1624 1745 
5439 1855 2036 3597 
5440 366 365 367 
5441 408 407 409 
5442 709 710 732 
5443 1134 1136 1752 
5444 1195 1881 2752 
5445 1795 1797 2202 
5446 518 515 1871 
5447 704 707 709 
5448 1107 1106 1108 
5449 1113 1112 1114 
5450 1310 1311 1313 
5451 1681 1680 1820 
5452 2152 1970 2153 
5453 497 601 602 
5454 658 656 1706 
5455 1878 2657 2728 
5456 1255 1254 1258 
5457 1810 1664 1811 
5458 1885 2740 3969 
5459 2265 2248 2266 
5460 2615 422 3958 
5461 459 458 460 
5462 513 884 3881 
5463 1719 1435 1856 
5464 2078 3181 3182 
5465 912 876 913 
5466 1134 1752 3842 
5467 1412 1414 1467 
5468 1654 1653 2020 
5469 3821 413 3918 
5470 1210 1211 1708 
5471 2070 1492 2334 
5472 2110 2461 3914 
5473 517 515 518 
5474 2765 2032 3008 
5475 3715 3716 3717 
5476 29 30 261 
5477 218 219 264 
5478 1111 1112 1113 
5479 1253 1254 1255 
5480 1773 2109 3598 
5481 738 1698 3941 
5482 1049 1048 1187 
5483 1821 1820 1822 
5484 1931 1933 2269 
5485 2490 2492 4172 
5486 1861 613 3899 
5487 829 831 850 
5488 1119 1117 3947 
5489 1322 1320 4057 
5490 1615 1614 1616 
5491 3713 3741 4201 
5492 1834 1675 2302 
5493 412 413 414 
5494 2982 2981 3815 
5495 605 603 973 
5496 1097 1099 1480 
5497 1737 1935 1936 
5498 3714 3715 4028 
5499 528 545 3857 
5500 1484 698 3950 
5501 1094 1093 1095 
5502 1253 1213 1254 
5503 1597 1222 1704 
5504 1911 1904 1912 
5505 433 434 435 
5506 860 861 904 
5507 1115 1114 1116 
5508 550 548 551 
5509 662 659 3548 
5510 819 818 3892 
5511 2237 1898 3874 
5512 2116 2787 2788 
5513 749 594 943 
5514 693 694 696 
5515 847 812 865 
5516 1456 3776 3929 
5517 1708 1709 2105 
5518 2683 2307 2684 
5519 2429 2938 2939 
5520 3284 3283 3707 
5521 431 432 433 
5522 510 509 511 
5523 1121 1119 1576 
5524 1609 1610 1611 
5525 2048 2049 2050 
5526 2105 1709 2106 
5527 2020 2212 3834 
5528 660 661 4022 
5529 863 1938 1939 
5530 1024 1022 1557 
5531 1299 1301 1302 
5532 2759 4264 4282 
5533 512 511 513 
5534 672 670 775 
5535 1157 1156 1239 
5536 1397 1398 1399 
5537 1898 1684 1899 
5538 2596 2181 2597 
5539 1192 1194 3724 
5540 1690 2074 2328 
5541 2124 2125 2127 
5542 705 703 1490 
5543 911 964 965 
5544 944 951 952 
5545 944 952 3884 
5546 1348 1888 3933 
5547 965 1060 3806 
5548 1379 1376 1476 
5549 1992 2838 4070 
5550 2116 2786 2787 
5551 447 449 451 
5552 506 507 508 
5553 584 582 1891 
5554 2502 2501 2503 
5555 417 415 1495 
5556 938 976 977 
5557 977 1148 1149 
5558 1117 1116 1216 
5559 1355 1356 1357 
5560 1749 1550 3489 
5561 1939 1951 3975 
5562 2127 2128 2129 
5563 2339 2340 2341 
5564 2950 2617 3211 
5565 2058 805 3848 
5566 822 819 3892 
5567 1210 995 1211 
5568 2545 2546 3026 
5569 1023 1022 1024 
5570 1986 1906 1987 
5571 1982 2593 2763 
5572 2003 2772 3932 
5573 1776 2065 2066 
5574 2088 1850 2219 
5575 2006 2209 2211 
5576 2789 2115 3914 
5577 2685 2307 3865 
5578 1731 1227 1732 
5579 1347 1346 1348 
5580 2106 1709 2107 
5581 1745 1975 2185 
5582 2571 2738 2739 
5583 701 702 703 
5584 1772 2815 4014 
5585 2378 2375 4077 
5586 957 995 1210 
5587 2178 2857 3951 
5588 2339 2341 4016 
5589 473 469 3783 
5590 1167 3750 4168 
5591 2075 2342 3843 
5592 2128 2125 4330 
5593 3031 3033 4021 
5594 624 630 1493 
5595 2252 2027 2253 
5596 2133 2134 2135 
5597 2306 2309 3865 
5598 952 955 956 
5599 421 423 441 
5600 624 625 630 
5601 956 980 981 
5602 1084 1086 1196 
5603 1892 2120 2121 
5604 392 394 563 
5605 416 415 417 
5606 439 443 1500 
5607 678 676 1512 
5608 1469 1636 3389 
5609 3907 3619 4116 
5610 1005 991 1006 
5611 1430 1448 3561 
5612 2062 2063 2353 
5613 378 377 379 
5614 820 1496 2094 
5615 1697 1831 1832 
5616 2014 2222 2226 
5617 2183 2061 2632 
5618 2605 2607 2943 
5619 1395 1396 1397 
5620 3778 2331 3886 
5621 2596 2597 2648 
5622 1025 1024 1026 
5623 1242 1062 1468 
5624 2766 1180 3920 
5625 2794 2792 2808 
5626 2972 2973 2974 
5627 1607 1608 1609 
5628 2001 1630 2761 
5629 2328 2074 2358 
5630 3004 2338 3005 
5631 1576 3947 4059 
5632 2385 2387 2954 
5633 2408 4238 4261 
5634 451 1458 3858 
5635 526 525 527 
5636 1053 1165 3805 
5637 2581 3213 3544 
5638 2683 2684 3617 
5639 664 1672 4022 
5640 1399 1401 1402 
5641 2071 1824 2235 
5642 1556 1775 1776 
5643 1601 1738 1922 
5644 838 864 875 
5645 1862 1864 2705 
5646 2355 2353 3079 
5647 620 621 624 
5648 1023 1024 1025 
5649 1799 1801 1802 
5650 1297 1700 4068 
5651 2434 2435 2436 
5652 486 420 1762 
5653 1878 740 2238 
5654 935 999 4018 
5655 3124 3313 3314 
5656 414 413 415 
5657 2324 2040 2664 
5658 2824 2823 2825 
5659 887 2356 3818 
5660 967 965 3806 
5661 1505 1507 3963 
5662 1671 1670 2032 
5663 1878 2728 3852 
5664 2154 2480 2821 
5665 2455 2458 3170 
5666 674 673 675 
5667 1199 1200 3828 
5668 2445 2267 2724 
5669 514 513 515 
5670 1217 1485 1579 
5671 1735 1705 1736 
5672 2745 1901 4050 
5673 1488 1261 1565 
5674 1435 1417 3646 
5675 3347 1421 3931 
5676 2357 2028 3910 
5677 696 697 698 
5678 1094 1497 3909 
5679 1105 1494 3850 
5680 1903 1910 2748 
5681 2160 2159 2161 
5682 2252 3012 3013 
5683 3419 3417 3421 
5684 411 409 575 
5685 414 415 416 
5686 2106 2107 2267 
5687 293 200 3748 
5688 433 432 434 
5689 961 1010 1011 
5690 1864 1866 4033 
5691 3777 2091 3795 
5692 2371 2867 4025 
5693 932 824 3774 
5694 1773 1578 1779 
5695 2589 2280 2590 
5696 1773 3598 3983 
5697 2287 3218 3860 
5698 2725 2629 2944 
5699 413 411 3918 
5700 1373 1377 3991 
5701 2026 1908 2027 
5702 1561 1225 1562 
5703 2118 2810 3904 
5704 2405 4097 4175 
5705 3618 3619 3907 
5706 1171 1173 2077 
5707 1933 2031 3986 
5708 2359 2358 3851 
5709 578 593 3989 
5710 957 954 994 
5711 1073 1274 3875 
5712 2267 2107 2643 
5713 2307 2306 3865 
5714 3487 660 4178 
5715 761 803 804 
5716 953 954 957 
5717 1820 1680 2373 
5718 2335 2334 2336 
5719 691 690 692 
5720 875 864 876 
5721 989 987 1893 
5722 1694 1695 2095 
5723 1774 2361 3977 
5724 530 528 3857 
5725 2416 2417 2734 
5726 1764 1621 1765 
5727 1841 1929 2270 
5728 2328 2358 2359 
5729 1579 1580 1702 
5730 2700 2019 4020 
5731 1144 1143 1212 
5732 2817 2149 4162 
5733 2252 2253 3012 
5734 1094 1095 1208 
5735 1165 1690 3805 
5736 2812 1942 2813 
5737 431 430 432 
5738 1894 542 3787 
5739 783 808 809 
5740 1161 1515 2711 
5741 2212 2255 2617 
5742 573 565 3993 
5743 1389 1388 1391 
5744 1931 2269 3789 
5745 2163 2161 2164 
5746 1702 1703 1923 
5747 1758 2078 3940 
5748 2741 1771 3967 
5749 2099 1860 3823 
5750 668 666 1479 
5751 1030 1092 1093 
5752 1643 1562 3676 
5753 1636 1790 1792 
5754 1902 4154 4219 
5755 796 797 798 
5756 1594 1225 3882 
5757 1406 1408 1422 
5758 1733 1732 1921 
5759 2053 2666 2667 
5760 1019 1020 1021 
5761 2448 2447 2449 
5762 86 272 3908 
5763 1512 676 4007 
5764 1613 1612 1614 
5765 2020 2023 2212 
5766 2071 2726 2816 
5767 23 24 271 
5768 429 428 430 
5769 1192 1190 1193 
5770 1885 1905 2740 
5771 2513 2509 3367 
5772 2392 775 2394 
5773 360 361 362 
5774 388 390 1472 
5775 3856 530 3857 
5776 985 983 1087 
5777 1495 3821 3822 
5778 3118 3117 3119 
5779 1025 1026 1027 
5780 1029 1028 1030 
5781 2109 1779 2114 
5782 1605 1606 1607 
5783 1875 768 3719 
5784 995 994 1169 
5785 1169 1578 1773 
5786 1708 1211 1709 
5787 2170 2169 2998 
5788 3187 2644 3188 
5789 2648 2674 3107 
5790 698 699 701 
5791 955 951 1166 
5792 1951 2823 2824 
5793 86 87 272 
5794 2091 1157 3795 
5795 1717 1432 3764 
5796 81 280 3854 
5797 654 1270 3402 
5798 1752 1136 3893 
5799 2674 3723 4209 
5800 528 527 545 
5801 645 650 782 
5802 752 770 783 
5803 911 910 964 
5804 2381 2522 2547 
5805 423 424 425 
5806 1492 580 3733 
5807 1109 1198 3853 
5808 427 426 428 
5809 3786 1442 3982 
5810 1506 2757 3879 
5811 524 525 526 
5812 1518 578 3989 
5813 1892 2121 2729 
5814 1687 1275 1750 
5815 1827 2260 4001 
5816 823 825 851 
5817 2442 2352 3024 
5818 872 854 888 
5819 3792 2237 3874 
5820 845 887 3818 
5821 2074 2075 3843 
5822 1944 1946 1948 
5823 2168 2166 2169 
5824 1376 1374 4011 
5825 1449 1857 3982 
5826 1856 3646 3763 
5827 1815 1816 1817 
5828 2165 2164 2166 
5829 3794 2715 3848 
5830 1588 1586 1721 
5831 1672 2618 2635 
5832 2140 2138 3928 
5833 2178 2856 2857 
5834 2377 4037 4061 
5835 944 943 951 
5836 3561 1448 4348 
5837 400 402 503 
5838 689 688 690 
5839 3433 3437 3438 
5840 775 670 3894 
5841 2143 2145 2471 
5842 735 2343 3837 
5843 1090 1573 3921 
5844 1595 1625 1626 
5845 2789 4451 4458 
5846 17 18 3846 
5847 1189 1632 3620 
5848 1517 1237 1590 
5849 3067 3065 3068 
5850 1821 1822 1823 
5851 2326 3966 4095 
5852 447 451 3858 
5853 1175 1176 1177 
5854 2715 2058 3848 
5855 2129 2130 2131 
5856 2391 2392 2393 
5857 2541 2542 2543 
5858 420 419 421 
5859 2349 2347 2350 
5860 1456 980 1555 
5861 2641 2008 2642 
5862 2407 2394 2408 
5863 3976 2711 4127 
5864 670 668 3894 
5865 3240 3242 3243 
5866 628 626 920 
5867 1929 1931 3789 
5868 701 705 3950 
5869 1015 1055 1056 
5870 1561 1562 1643 
5871 1866 1868 1892 
5872 483 487 3714 
5873 964 910 1770 
5874 965 964 1060 
5875 1231 1184 1232 
5876 3383 1338 4203 
5877 1814 1813 1815 
5878 3583 3580 4297 
5879 589 740 1878 
5880 1502 1699 3873 
5881 2109 2114 2455 
5882 809 855 856 
5883 1030 1093 1094 
5884 838 792 864 
5885 1027 1028 1029 
5886 1069 1066 3723 
5887 345 80 3854 
5888 821 822 823 
5889 1076 1079 3749 
5890 440 437 3944 
5891 2020 1653 2023 
5892 2676 2086 3708 
5893 1491 1490 1585 
5894 2181 1998 3745 
5895 2438 2095 2670 
5896 2728 2657 3036 
5897 2954 2955 3220 
5898 957 994 995 
5899 1368 1367 1369 
5900 1898 1899 3874 
5901 1101 1158 4153 
5902 1195 2752 3864 
5903 1252 1213 1253 
5904 3654 1886 4062 
5905 425 427 4387 
5906 1923 1924 1943 
5907 2328 2359 3868 
5908 2972 2974 3895 
5909 107 108 4100 
5910 1281 1085 3228 
5911 1144 1213 1252 
5912 2661 1044 3457 
5913 2444 2099 3823 
5914 2548 2872 4155 
5915 1871 515 3881 
5916 1421 1395 3931 
5917 1467 1414 4134 
5918 2432 2433 2434 
5919 84 85 344 
5920 368 367 369 
5921 575 409 3978 
5922 789 1883 3927 
5923 1773 1779 2109 
5924 498 499 500 
5925 683 682 684 
5926 2461 2466 4459 
5927 2773 2585 2774 
5928 545 1090 3921 
5929 632 636 639 
5930 748 2405 3989 
5931 952 951 955 
5932 1274 1884 3875 
5933 1756 1887 2062 
5934 2065 1775 2067 
5935 913 1290 4092 
5936 1866 1892 4033 
5937 3417 2060 3992 
5938 396 398 1481 
5939 1142 1143 1144 
5940 1950 2523 3796 
5941 2326 3942 3966 
5942 3816 2972 3895 
5943 641 637 4293 
5944 1937 1920 2460 
5945 1957 2524 2525 
5946 2031 2248 2265 
5947 2543 2544 2545 
5948 856 889 890 
5949 1756 1262 1887 
5950 1747 1977 2190 
5951 1883 2629 2725 
5952 1286 882 3740 
5953 1576 1119 3947 
5954 1682 1827 4001 
5955 2026 2027 2252 
5956 2078 3182 3940 
5957 1939 1940 1951 
5958 2358 3843 3880 
5959 425 424 426 
5960 1477 489 3766 
5961 687 686 688 
5962 2356 930 3872 
5963 1132 1134 3842 
5964 2126 2481 2482 
5965 421 422 423 
5966 554 551 555 
5967 3798 2693 4094 
5968 21 22 343 
5969 2743 1890 2967 
5970 661 664 4022 
5971 1899 1684 3952 
5972 2376 2378 2379 
5973 416 417 418 
5974 2455 2114 2458 
5975 3063 2887 3064 
5976 1396 1392 4047 
5977 1600 1509 4006 
5978 1556 1555 1774 
5979 3872 1688 3985 
5980 404 406 1482 
5981 679 678 680 
5982 1170 4038 4170 
5983 1719 1950 3796 
5984 2583 2580 3964 
5985 376 377 378 
5986 771 816 817 
5987 956 955 980 
5988 526 527 528 
5989 796 790 797 
5990 925 926 927 
5991 2212 2023 2255 
5992 2838 2837 2860 
5993 439 1500 3944 
5994 1611 1610 1612 
5995 418 417 419 
5996 1507 1509 1511 
5997 1951 2824 3975 
5998 927 960 961 
5999 1595 1626 1644 
6000 1656 1658 1659 
6001 1939 1938 1940 
6002 602 601 603 
6003 2046 2047 2048 
6004 484 3714 4028 
6005 508 507 509 
6006 1007 1006 1088 
6007 1058 1592 3659 
6008 1581 1177 1714 
6009 1444 1449 3982 
6010 2555 1973 2571 
6011 3761 2356 3985 
6012 991 989 3876 
6013 3832 1939 3975 
6014 1967 1966 2193 
6015 945 1218 1694 
6016 981 980 1456 
6017 3714 1477 3715 
6018 1817 1994 2010 
6019 1645 1647 1648 
6020 2063 1887 2731 
6021 2548 2866 2872 
6022 580 573 581 
6023 1027 1026 1028 
6024 1042 1161 3976 
6025 2007 1882 2415 
6026 2072 2741 2742 
6027 2326 3808 3942 
6028 2436 2435 2447 
6029 2729 2121 2730 
6030 2385 2954 3970 
6031 421 419 422 
6032 742 4456 4467 
6033 592 599 3831 
6034 1417 1415 3646 
6035 1613 1615 3829 
6036 2486 2386 3890 
6037 2943 3673 4128 
6038 1297 1298 1299 
6039 1380 1383 1385 
6040 1837 2276 3917 
6041 75 76 340 
6042 834 832 4003 
6043 1089 1088 1219 
6044 2608 2213 3045 
6045 896 894 2102 
6046 2358 2074 3843 
6047 606 607 608 
6048 1310 1308 1311 
6049 1520 1521 1522 
6050 1958 2534 2702 
6051 423 422 424 
6052 515 513 3881 
6053 681 680 682 
6054 1355 1354 1356 
6055 3071 3069 3072 
6056 1073 1273 1274 
6057 2384 2023 3959 
6058 2446 2067 2782 
6059 3755 3756 4266 
6060 675 673 676 
6061 1144 1212 1213 
6062 1300 1317 1876 
6063 4597 2261 4603 
6064 1888 2743 3933 
6065 411 575 3918 
6066 1857 2012 2013 
6067 3460 1926 3829 
6068 770 753 771 
6069 1359 1360 1361 
6070 2361 2363 2462 
6071 12 13 339 
6072 685 684 686 
6073 1191 1846 3557 
6074 3851 2358 3880 
6075 675 676 677 
6076 2265 2266 3018 
6077 932 3774 4167 
6078 1353 1352 1354 
6079 1986 1987 1988 
6080 2006 2211 3924 
6081 1274 1273 1275 
6082 2155 2488 2531 
6083 3705 4092 4147 
6084 1374 1393 4011 
6085 2381 2379 2522 
6086 1823 1822 1824 
6087 493 498 3766 
6088 917 1251 3824 
6089 1860 3757 3823 
6090 2829 2587 2830 
6091 376 375 377 
6092 672 775 2391 
6093 1432 1314 1433 
6094 1440 1442 3786 
6095 1776 1775 2065 
6096 2416 1925 2417 
6097 3671 3431 4052 
6098 610 609 611 
6099 1340 1337 3628 
6100 1918 1901 1920 
6101 2270 1929 3789 
6102 2575 3496 4207 
6103 610 611 612 
6104 614 615 616 
6105 2712 3786 3982 
6106 506 484 507 
6107 691 692 693 
6108 1432 1433 3764 
6109 2391 775 2392 
6110 1071 1073 3875 
6111 2394 775 3894 
6112 3118 3119 3120 
6113 618 617 620 
6114 1117 1216 3947 
6115 2277 2297 3184 
6116 560 555 561 
6117 81 82 280 
6118 918 567 4093 
6119 606 605 607 
6120 612 611 613 
6121 683 684 685 
6122 1107 1109 3853 
6123 1551 1628 1655 
6124 1688 3868 3985 
6125 1843 1845 3953 
6126 418 419 420 
6127 1220 1219 1666 
6128 1835 1837 3917 
6129 13 14 3906 
6130 604 605 606 
6131 1136 1138 3893 
6132 2071 2235 2726 
6133 3289 2351 4241 
6134 2474 2616 3044 
6135 2539 2540 2541 
6136 616 615 617 
6137 1179 855 3971 
6138 945 888 1217 
6139 1825 1824 2071 
6140 408 495 4008 
6141 602 603 604 
6142 608 607 609 
6143 778 3758 4426 
6144 1183 1182 1184 
6145 821 823 4053 
6146 2617 2255 3970 
6147 445 3858 3999 
6148 2666 1755 4057 
6149 616 617 618 
6150 1304 1303 1305 
6151 1889 1431 1895 
6152 1456 1555 1556 
6153 2428 1496 2463 
6154 1547 1548 1652 
6155 2062 1887 2063 
6156 2722 3979 4034 
6157 572 565 573 
6158 677 676 678 
6159 3808 1465 3942 
6160 1951 1940 2822 
6161 2245 2345 3078 
6162 614 613 615 
6163 2757 1179 3971 
6164 1394 1421 2755 
6165 1862 2705 3892 
6166 478 479 480 
6167 1669 3722 3895 
6168 3977 2462 4036 
6169 18 19 279 
6170 564 561 565 
6171 3455 1000 3995 
6172 685 686 687 
6173 1343 1345 4200 
6174 844 527 3817 
6175 687 688 689 
6176 3849 943 4027 
6177 1203 1679 3828 
6178 4534 1826 4630 
6179 544 538 3839 
6180 612 613 614 
6181 766 764 2330 
6182 798 812 813 
6183 2065 2067 2446 
6184 1581 1925 2416 
6185 2103 2388 2432 
6186 1319 1321 1325 
6187 604 603 605 
6188 983 981 3929 
6189 2010 2197 2598 
6190 599 794 3831 
6191 1896 2026 2228 
6192 2003 2002 2584 
6193 2361 2462 3977 
6194 679 680 681 
6195 3361 1438 4320 
6196 1616 1726 1727 
6197 1313 1311 1314 
6198 2539 1961 2540 
6199 745 863 3832 
6200 817 818 819 
6201 1274 1275 1687 
6202 1995 2859 3319 
6203 3485 3463 4219 
6204 1454 3837 4088 
6205 1609 1608 1610 
6206 2392 2394 2407 
6207 677 678 679 
6208 22 23 3919 
6209 419 417 3958 
6210 1726 1614 4048 
6211 2118 2809 2810 
6212 3601 4423 4617 
6213 907 922 923 
6214 1522 1523 1524 
6215 2114 1779 3891 
6216 1302 1301 1303 
6217 1958 2702 4047 
6218 1687 1750 2029 
6219 608 609 610 
6220 1511 1600 1601 
6221 792 766 4039 
6222 2401 3819 3972 
6223 1803 1805 1806 
6224 1556 1774 1775 
6225 2754 4289 4323 
6226 1911 1912 1984 
6227 478 480 1877 
6228 681 682 683 
6229 1727 1965 1970 
6230 1505 3963 3965 
6231 437 439 3944 
6232 577 589 3852 
6233 689 690 691 
6234 1494 1107 3853 
6235 1936 1959 1960 
6236 1772 2072 2814 
6237 2505 2507 4126 
6238 1281 3306 3338 
6239 752 596 753 
6240 2356 3872 3985 
6241 2541 2540 2542 
6242 3391 3921 3922 
6243 758 729 3968 
6244 881 935 4018 
6245 850 831 3797 
6246 1662 1664 1810 
6247 1730 2177 2431 
6248 2529 2528 2530 
6249 3515 3513 3901 
6250 1772 1771 2072 
6251 3293 2210 4408 
6252 4115 2754 4323 
6253 848 866 867 
6254 2731 1887 3954 
6255 1992 2837 2838 
6256 16 346 3900 
6257 1013 1011 1014 
6258 1965 1726 1973 
6259 782 1291 1292 
6260 1229 1228 4044 
6261 1694 1218 1695 
6262 1161 2711 3976 
6263 2601 2964 2965 
6264 1274 1687 1884 
6265 1918 1920 1937 
6266 422 419 3958 
6267 443 445 3999 
6268 2269 1933 3986 
6269 346 17 3846 
6270 384 386 597 
6271 783 770 808 
6272 948 836 4005 
6273 1386 1519 1520 
6274 1645 1646 1647 
6275 1846 3190 3557 
6276 797 790 3927 
6277 791 1918 2096 
6278 989 1893 3876 
6279 1194 1193 1236 
6280 3921 1573 3922 
6281 2775 2774 2886 
6282 698 701 3950 
6283 798 797 812 
6284 710 712 3664 
6285 2662 1875 3719 
6286 2527 2525 2528 
6287 1505 1179 1506 
6288 2498 2497 2499 
6289 500 501 502 
6290 1039 1042 3976 
6291 2104 2103 3913 
6292 2799 3915 4055 
6293 813 847 848 
6294 1937 2460 2479 
6295 748 761 2405 
6296 981 1456 3929 
6297 820 819 821 
6298 1942 948 4005 
6299 1186 1225 1561 
6300 1695 1218 1771 
6301 1228 1723 4044 
6302 2257 2035 2660 
6303 2726 2235 2727 
6304 1645 1626 1646 
6305 2675 2676 4157 
6306 3715 3717 4079 
6307 445 447 3858 
6308 1200 1203 3828 
6309 1878 2238 2657 
6310 3876 1893 3877 
6311 2699 2114 3891 
6312 1897 2610 2749 
6313 2123 1917 2124 
6314 571 577 3852 
6315 892 890 939 
6316 1500 443 3999 
6317 769 786 787 
6318 987 985 3930 
6319 1066 1065 3723 
6320 3427 1083 4206 
6321 1366 1364 1419 
6322 856 855 889 
6323 1730 2431 3956 
6324 2001 2761 2762 
6325 582 573 3993 
6326 880 906 907 
6327 1641 1953 1954 
6328 2092 1762 2406 
6329 378 380 780 
6330 487 1477 3714 
6331 964 1770 4184 
6332 999 2084 4018 
6333 1961 1856 3763 
6334 3518 3517 3990 
6335 589 1878 3852 
6336 1896 1908 2026 
6337 644 4411 4412 
6338 4363 1276 4367 
6339 1648 1649 2009 
6340 2209 2007 2210 
6341 1306 1305 1885 
6342 1379 1476 3996 
6343 820 821 1496 
6344 546 1894 3957 
6345 584 1891 4065 
6346 1691 1502 3873 
6347 2435 2433 2744 
6348 909 898 937 
6349 1469 1468 1635 
6350 2211 2209 2917 
6351 2431 2556 2563 
6352 919 476 3935 
6353 737 745 3832 
6354 1374 1372 1393 
6355 1695 1771 1772 
6356 2153 2854 2855 
6357 344 85 3908 
6358 2377 502 4037 
6359 817 819 820 
6360 3401 1150 4146 
6361 1387 1388 1389 
6362 1607 1606 1608 
6363 1649 1647 1650 
6364 527 525 3817 
6365 804 854 872 
6366 1925 1714 2118 
6367 2852 2478 2853 
6368 2211 2917 2918 
6369 2256 3267 3655 
6370 1348 1431 1888 
6371 2103 2432 3913 
6372 2334 3733 4066 
6373 3025 928 3788 
6374 704 709 3765 
6375 1097 1480 3945 
6376 2898 2896 2904 
6377 688 1570 4393 
6378 1399 1402 1420 
6379 1244 1132 3842 
6380 1887 1262 3954 
6381 1511 1509 1600 
6382 1561 1643 2410 
6383 1896 1895 1908 
6384 3547 881 4018 
6385 2642 2008 4030 
6386 1659 1660 2008 
6387 2601 2201 2964 
6388 2341 2340 2551 
6389 1651 1650 1747 
6390 3321 3035 3751 
6391 500 502 2377 
6392 1395 1397 3931 
6393 2094 1496 2428 
6394 2998 2169 2999 
6395 2789 3914 4451 
6396 873 3907 4116 
6397 1087 983 3929 
6398 1299 1298 1301 
6399 3495 3031 4021 
6400 2184 1786 2776 
6401 2816 2726 3081 
6402 1217 1579 3967 
6403 1623 1966 1967 
6404 2161 2159 2364 
6405 608 862 4115 
6406 945 1217 1218 
6407 1006 991 3876 
6408 1847 1215 3912 
6409 1814 2201 2206 
6410 701 703 705 
6411 595 584 596 
6412 3556 1270 4130 
6413 1644 1626 1645 
6414 2166 2164 2167 
6415 791 786 1901 
6416 583 584 595 
6417 1032 1031 4138 
6418 1348 1346 1431 
6419 1739 1600 4006 
6420 4076 2982 4084 
6421 406 408 4008 
6422 1511 2389 3963 
6423 1811 1813 1814 
6424 2124 2127 2261 
6425 3330 3329 4151 
6426 643 638 644 
6427 1219 1088 1223 
6428 1138 1665 3893 
6429 1845 2277 3953 
6430 2543 2542 2544 
6431 3571 3572 4309 
6432 889 855 1179 
6433 1897 962 2609 
6434 2103 1706 2388 
6435 2956 2611 3010 
6436 1391 1958 4047 
6437 1507 1506 1508 
6438 1292 1293 1294 
6439 1411 1409 4229 
6440 1356 1354 1427 
6441 1512 4007 4193 
6442 2162 2565 4044 
6443 2403 2401 3972 
6444 366 367 368 
6445 502 504 505 
6446 1564 507 4028 
6447 542 540 3787 
6448 1680 1568 3934 
6449 1750 2014 4087 
6450 2353 2063 2354 
6451 2178 2477 2856 
6452 770 771 4078 
6453 1947 2273 4268 
6454 480 481 482 
6455 1389 1391 1392 
6456 1404 4455 4465 
6457 1509 1510 4006 
6458 482 484 506 
6459 809 808 855 
6460 1888 1431 1889 
6461 1790 1791 3997 
6462 72 73 3867 
6463 1020 947 4092 
6464 1015 1014 1055 
6465 2376 2379 2381 
6466 2031 2265 3986 
6467 1056 1055 1189 
6468 1086 1186 4113 
6469 1775 1774 3977 
6470 2434 2433 2435 
6471 1002 1001 1153 
6472 969 967 3974 
6473 1127 1125 4089 
6474 2641 2642 2926 
6475 878 879 880 
6476 1888 1889 1890 
6477 3431 3433 4052 
6478 1893 987 3930 
6479 1916 2123 2126 
6480 2184 2840 4132 
6481 2343 3832 3975 
6482 2565 2564 2566 
6483 2755 1421 2756 
6484 1814 1815 2201 
6485 416 418 3887 
6486 1891 582 3993 
6487 1505 1506 1507 
6488 1017 1016 1195 
6489 1326 1322 4057 
6490 4095 2731 4138 
6491 456 454 4084 
6492 729 727 3968 
6493 595 596 752 
6494 1169 1773 3983 
6495 1386 1384 1387 
6496 1394 1392 1395 
6497 1737 1736 1935 
6498 138 332 3410 
6499 1809 1996 2044 
6500 3992 2060 4045 
6501 583 582 584 
6502 2032 1670 2704 
6503 2006 2007 2209 
6504 2545 2544 2546 
6505 943 594 4027 
6506 1476 1376 4011 
6507 2395 2175 2561 
6508 3073 3072 3076 
6509 482 483 484 
6510 1684 1488 3952 
6511 1699 1501 4083 
6512 3461 4274 4375 
6513 3776 2346 4012 
6514 3033 3321 4021 
6515 370 369 371 
6516 3666 3648 4150 
6517 1883 2725 3927 
6518 1359 1357 1360 
6519 1509 1508 1510 
6520 2053 1755 2666 
6521 2546 2544 3305 
6522 4028 3715 4079 
6523 1507 1508 1509 
6524 668 1479 3894 
6525 1154 1153 1602 
6526 1208 3945 3959 
6527 1927 1419 2753 
6528 1616 1614 1726 
6529 2017 1794 2207 
6530 820 2094 3994 
6531 1586 1585 3973 
6532 1872 3575 4127 
6533 3722 3816 3895 
6534 1482 406 4008 
6535 1196 1086 4113 
6536 1380 1379 1381 
6537 1625 1992 4070 
6538 1792 1790 2200 
6539 869 870 871 
6540 1738 1600 1739 
6541 2907 2583 3964 
6542 727 1559 3968 
6543 3648 3761 4082 
6544 3947 3948 4059 
6545 1938 2154 3946 
6546 2403 3972 4101 
6547 2774 2585 4041 
6548 728 730 3837 
6549 3716 3766 4075 
6550 1095 1097 3945 
6551 2756 1421 3347 
6552 23 271 3919 
6553 594 579 4027 
6554 3336 2254 3928 
6555 1926 1613 3829 
6556 3959 3945 4118 
6557 1648 1647 1649 
6558 2658 2194 2659 
6559 2889 2590 3111 
6560 548 546 3957 
6561 925 923 926 
6562 1181 1180 1182 
6563 1231 1232 1633 
6564 1964 1741 1974 
6565 2067 3977 4036 
6566 2178 1739 2477 
6567 2029 1750 4087 
6568 2967 1890 2968 
6569 2355 3079 3984 
6570 2600 2598 2952 
6571 721 719 3878 
6572 947 913 4092 
6573 1738 1739 2178 
6574 1802 1801 1803 
6575 212 213 270 
6576 2500 2499 2501 
6577 833 835 4058 
6578 1591 1590 1620 
6579 2746 2530 2747 
6580 2636 2635 3198 
6581 3575 3976 4127 
6582 418 486 3887 
6583 561 555 992 
6584 620 624 4309 
6585 1303 1301 1312 
6586 2406 1762 4081 
6587 1806 1805 1807 
6588 656 653 4035 
6589 1496 821 4053 
6590 872 888 945 
6591 4663 2538 4708 
6592 1190 1189 3620 
6593 1916 1915 1917 
6594 2339 1991 2340 
6595 2067 1775 3977 
6596 2265 3018 3090 
6597 3617 2687 4191 
6598 149 150 269 
6599 3663 1460 4069 
6600 2760 2104 3913 
6601 362 363 364 
6602 364 365 366 
6603 973 603 4017 
6604 1555 980 4009 
6605 2184 2776 2839 
6606 915 917 3824 
6607 3619 3778 4098 
6608 996 921 1180 
6609 2367 2368 4025 
6610 864 792 4039 
6611 985 1087 3930 
6612 374 373 375 
6613 3927 2725 4042 
6614 2006 1882 2007 
6615 2153 1970 2854 
6616 2131 2133 2333 
6617 4231 1258 4339 
6618 824 822 3774 
6619 926 923 4103 
6620 1019 1021 4034 
6621 2260 3273 4001 
6622 4037 3807 4061 
6623 601 3845 4017 
6624 1433 1314 1434 
6625 1907 1906 1986 
6626 3547 4018 4121 
6627 1885 1305 1886 
6628 3947 1216 3948 
6629 1724 1277 4056 
6630 2254 2140 3928 
6631 3048 2258 3883 
6632 1214 3617 4191 
6633 1672 2636 4022 
6634 1383 1381 1384 
6635 1960 2625 2626 
6636 2126 2123 2481 
6637 999 1147 2084 
6638 1507 1511 3963 
6639 2277 3184 3953 
6640 3503 3506 4457 
6641 3965 3963 4156 
6642 581 582 583 
6643 1601 1600 1738 
6644 2431 2177 2556 
6645 869 867 870 
6646 1183 1184 1231 
6647 2940 3683 3925 
6648 1296 1300 3987 
6649 1433 1434 1437 
6650 1951 2822 2823 
6651 2584 2833 2900 
6652 769 751 786 
6653 807 787 3960 
6654 2432 2388 2433 
6655 766 2330 4039 
6656 1352 1349 3933 
6657 1552 1524 4177 
6658 1914 1913 1915 
6659 2258 2051 3883 
6660 1437 1630 1746 
6661 3466 3547 4121 
6662 1636 1635 1790 
6663 1967 2194 2409 
6664 2584 2002 2833 
6665 2636 3198 3207 
6666 2667 2666 3546 
6667 26 27 302 
6668 484 483 3714 
6669 813 812 847 
6670 1078 1077 3809 
6671 1382 1369 4020 
6672 2648 2597 2674 
6673 1294 1296 1297 
6674 1574 4410 4421 
6675 507 484 4028 
6676 581 573 582 
6677 2228 2026 4013 
6678 1526 1524 1552 
6679 1727 1726 1965 
6680 144 145 277 
6681 1371 1373 3991 
6682 1378 1376 1379 
6683 1672 2635 2636 
6684 2295 2631 4102 
6685 3702 2427 4278 
6686 4097 3827 4175 
6687 478 1877 3935 
6688 860 904 1902 
6689 1394 1395 1421 
6690 1954 1955 2244 
6691 207 208 278 
6692 2159 1724 4056 
6693 1175 1177 1581 
6694 785 721 3878 
6695 1361 1360 1362 
6696 2604 2605 4128 
6697 1857 2712 3982 
6698 1617 1234 1619 
6699 1746 1630 2001 
6700 2599 2896 2898 
6701 3275 2664 3303 
6702 782 1292 2390 
6703 1218 1217 3967 
6704 1766 1765 1767 
6705 1957 2525 2527 
6706 2797 2799 4055 
6707 1581 1714 1925 
6708 2179 1785 2767 
6709 1857 2013 2712 
6710 791 1901 1918 
6711 1530 1528 1563 
6712 752 753 770 
6713 1208 1095 3945 
6714 1731 1732 1733 
6715 1746 2001 2002 
6716 1062 1017 3864 
6717 1294 1295 1296 
6718 1702 1923 2117 
6719 1885 1886 1905 
6720 1892 2729 4033 
6721 2010 2598 2600 
6722 89 90 301 
6723 2813 1942 4005 
6724 645 782 4067 
6725 2101 1578 4174 
6726 902 903 908 
6727 3099 329 3101 
6728 1472 390 3859 
6729 4120 1583 4192 
6730 771 3994 4078 
6731 961 960 1010 
6732 1183 1231 1622 
6733 1905 1906 1907 
6734 2763 2593 2864 
6735 3498 4032 4171 
6736 417 1495 3958 
6737 580 581 3733 
6738 1660 1662 4030 
6739 2336 2334 4066 
6740 1185 1281 3338 
6741 3895 2974 4076 
6742 1024 1557 4046 
6743 1437 1434 1630 
6744 1495 3822 4105 
6745 1605 1603 1606 
6746 1610 1608 1725 
6747 2149 1832 4144 
6748 2886 2774 2901 
6749 797 3927 4042 
6750 1297 1296 1298 
6751 889 1179 1505 
6752 1566 1164 4135 
6753 1455 3549 4282 
6754 1669 4076 4084 
6755 2026 2252 4013 
6756 1907 1986 2005 
6757 2988 2987 2989 
6758 1290 876 4091 
6759 1389 1392 1394 
6760 1889 1895 1896 
6761 1620 1982 3585 
6762 2585 2584 4041 
6763 3983 3598 4109 
6764 374 375 376 
6765 1905 1886 1906 
6766 2919 2920 4314 
6767 923 922 4103 
6768 4070 2838 4207 
6769 137 138 3410 
6770 1154 1603 1605 
6771 2137 2139 2465 
6772 2299 4336 4416 
6773 953 3807 4037 
6774 2658 2659 4043 
6775 1308 1306 3969 
6776 2107 1709 4109 
6777 3763 3428 4120 
6778 922 906 962 
6779 1733 1921 2467 
6780 1880 1016 3974 
6781 1458 4245 4415 
6782 18 279 3846 
6783 941 1001 1002 
6784 1369 1370 1371 
6785 2968 1890 4051 
6786 1375 1374 1376 
6787 1927 2753 3022 
6788 1195 1016 1880 
6789 2468 2467 2478 
6790 372 371 373 
6791 2482 2481 3086 
6792 3521 3518 3990 
6793 2206 2201 2601 
6794 368 369 370 
6795 394 396 3861 
6796 787 786 791 
6797 1155 1149 1598 
6798 1488 1565 3952 
6799 1523 1521 1913 
6800 676 673 4007 
6801 791 2096 3960 
6802 1334 1332 4019 
6803 1649 1650 1651 
6804 388 1472 3936 
6805 1909 1508 3879 
6806 1356 1427 2454 
6807 603 601 4017 
6808 1197 1027 4054 
6809 2119 3713 4291 
6810 2529 2530 2746 
6811 1357 1356 4086 
6812 1669 3895 4076 
6813 1965 1973 2555 
6814 4018 2084 4121 
6815 3530 3521 3990 
6816 1306 1885 3969 
6817 1383 1384 1386 
6818 1936 1935 1959 
6819 1762 420 4081 
6820 1967 2193 2194 
6821 2487 2403 4101 
6822 1438 4288 4320 
6823 2979 2982 4076 
6824 2430 2779 2780 
6825 2900 2833 2905 
6826 454 1669 4084 
6827 1361 1362 1363 
6828 3615 2365 4026 
6829 1077 1466 3809 
6830 1798 1748 1799 
6831 295 11 3814 
6832 142 143 347 
6833 205 206 348 
6834 1018 1019 3979 
6835 1378 1379 1380 
6836 1651 1748 1798 
6837 1460 1623 4069 
6838 640 645 4067 
6839 2643 2107 4148 
6840 908 921 963 
6841 878 871 879 
6842 1360 1357 4086 
6843 959 1009 4165 
6844 2208 2207 2915 
6845 1369 1367 1370 
6846 2463 1496 4053 
6847 2046 1981 2047 
6848 835 860 4058 
6849 1017 1195 3864 
6850 1520 1519 1521 
6851 2245 3078 3961 
6852 2722 4034 4137 
6853 1037 1035 3954 
6854 1606 1603 1742 
6855 3433 3438 4052 
6856 2241 2700 2701 
6857 476 478 3935 
6858 730 735 3837 
6859 848 847 866 
6860 1362 1360 1514 
6861 77 78 288 
6862 1916 1917 2123 
6863 1653 1208 3959 
6864 896 2102 4015 
6865 2732 3497 4305 
6866 1799 1748 1800 
6867 2162 2564 2565 
6868 1736 1705 4080 
6869 1940 1938 3946 
6870 1046 1214 4173 
6871 1558 1127 4089 
6872 1366 1419 1927 
6873 1881 1882 2006 
6874 2977 2221 3449 
6875 2974 2979 4076 
6876 136 137 294 
6877 1380 1381 1383 
6878 343 22 3919 
6879 3807 1879 4061 
6880 2014 2226 4087 
6881 1300 1876 3987 
6882 1522 1521 1523 
6883 2364 2159 4056 
6884 963 996 1048 
6885 1554 1541 4110 
6886 2881 2513 3367 
6887 2788 2791 4059 
6888 14 15 287 
6889 1914 1915 1916 
6890 1984 2619 2620 
6891 1298 3987 3988 
6892 955 1166 4009 
6893 12 339 3814 
6894 1386 1387 1519 
6895 1895 1431 4032 
6896 3837 2343 4088 
6897 1375 1376 1378 
6898 1796 1795 4024 
6899 938 937 976 
6900 1881 1880 1882 
6901 1181 1182 1183 
6902 2384 3959 4118 
6903 2697 2696 4245 
6904 567 571 4093 
6905 2670 2095 4014 
6906 2493 2491 2975 
6907 3469 3470 4645 
6908 802 3411 4272 
6909 2660 2035 4104 
6910 199 200 293 
6911 922 962 1897 
6912 2252 3013 4013 
6913 2406 4081 4140 
6914 1027 1029 4054 
6915 1897 2609 2610 
6916 2615 3958 4105 
6917 2782 2067 4036 
6918 2991 2989 2992 
6919 1026 1024 4046 
6920 1381 1379 3996 
6921 1730 1227 1731 
6922 200 201 3748 
6923 865 812 4042 
6924 2409 2194 2658 
6925 2371 2592 2867 
6926 2693 2695 4094 
6927 782 2390 4067 
6928 2483 2485 4194 
6929 3275 1673 4204 
6930 2193 2868 4023 
6931 939 3965 4156 
6932 1371 1370 1372 
6933 502 505 4037 
6934 980 955 4009 
6935 1799 1800 1801 
6936 2705 1864 4033 
6937 1186 1561 4113 
6938 1545 1542 4112 
6939 1662 1810 4030 
6940 2742 2741 4414 
6941 372 373 374 
6942 2527 2528 2529 
6943 551 548 3957 
6944 3985 3868 4082 
6945 3958 1495 4105 
6946 927 926 960 
6947 540 544 3787 
6948 1365 1364 1366 
6949 2154 2821 3946 
6950 4074 456 4084 
6951 2202 2933 4024 
6952 1768 1767 1980 
6953 390 392 3859 
6954 1262 1037 3954 
6955 1599 1598 1728 
6956 4426 3758 4441 
6957 1733 2467 2468 
6958 1010 1057 1903 
6959 1373 1374 1375 
6960 505 953 4037 
6961 2190 2574 2877 
6962 1722 2000 3926 
6963 3733 585 4066 
6964 1365 1366 1367 
6965 1706 656 4035 
6966 2095 1695 4014 
6967 1927 3022 3023 
6968 902 859 903 
6969 1508 1506 3879 
6970 1743 2175 2395 
6971 1890 1889 4051 
6972 2565 2566 3061 
6973 370 371 372 
6974 2260 3082 3273 
6975 2901 2774 4041 
6976 1705 1704 4080 
6977 996 1180 1181 
6978 1767 1765 4213 
6979 1423 1429 2396 
6980 2708 2292 4000 
6981 1935 1736 2148 
6982 2439 3204 4298 
6983 2468 2478 2852 
6984 1523 1913 1914 
6985 2982 3815 4074 
6986 4250 1455 4264 
6987 907 906 922 
6988 538 536 3839 
6989 3745 1998 4064 
6990 1363 1364 1365 
6991 2988 2989 2990 
6992 1195 1880 1881 
6993 2598 2599 3949 
6994 1602 1743 3998 
6995 894 892 4040 
6996 1771 1218 3967 
6997 2489 2484 3014 
6998 2023 1653 3959 
6999 2556 2177 2569 
7000 1010 960 1057 
7001 1394 2755 4099 
7002 673 672 4007 
7003 1371 1372 1373 
7004 1814 2206 4010 
7005 1298 1296 3987 
7006 709 732 4077 
7007 1193 1190 3620 
7008 2711 3939 4127 
7009 536 3687 3839 
7010 963 921 996 
7011 1301 1298 3988 
7012 1903 1904 1910 
7013 2265 3090 3986 
7014 1973 1726 4048 
7015 1373 1372 1374 
7016 3665 1576 4106 
7017 2447 2435 4004 
7018 2405 761 4097 
7019 2689 2723 4191 
7020 3113 285 3114 
7021 880 879 906 
7022 1970 1965 4114 
7023 808 770 4078 
7024 2097 2764 4175 
7025 1551 1655 4029 
7026 4439 1410 4440 
7027 787 791 3960 
7028 3758 1571 4441 
7029 751 649 4050 
7030 2952 2598 3949 
7031 2768 3401 4340 
7032 380 382 4131 
7033 1187 1048 1593 
7034 3711 1454 4180 
7035 2241 2019 2700 
7036 2374 2722 4137 
7037 732 710 3664 
7038 1189 1055 1238 
7039 1831 1941 4582 
7040 908 903 921 
7041 2186 2188 2430 
7042 421 441 4081 
7043 1468 1062 3864 
7044 1341 1340 4171 
7045 3456 1451 4096 
7046 2303 3775 4000 
7047 2551 2890 2909 
7048 3538 596 4065 
7049 4564 2471 4577 
7050 1363 1362 1364 
7051 2752 1881 3924 
7052 1031 2326 4095 
7053 1211 3983 4109 
7054 3221 2289 4263 
7055 3914 2461 4449 
7056 1629 1287 4064 
7057 1743 2395 3998 
7058 1756 2062 4045 
7059 823 851 4053 
7060 1311 1308 3969 
7061 3730 2298 4349 
7062 995 1169 3983 
7063 4177 3804 4194 
7064 1954 2244 2672 
7065 1211 995 3983 
7066 1564 4028 4079 
7067 571 3852 4093 
7068 1632 1786 1991 
7069 1189 1238 1632 
7070 1567 2113 3934 
7071 2841 2620 2842 
7072 2927 2642 4205 
7073 3868 2359 4082 
7074 563 394 3861 
7075 2494 2496 4188 
7076 1014 3855 4117 
7077 2672 2244 2673 
7078 73 296 3867 
7079 1670 1334 4019 
7080 1687 2029 4145 
7081 2107 4109 4148 
7082 1998 1629 4064 
7083 206 207 4049 
7084 596 584 4065 
7085 646 641 4247 
7086 1659 2008 2640 
7087 482 506 4090 
7088 1294 1297 4068 
7089 3594 1754 4322 
7090 1960 1959 2625 
7091 2435 2744 4004 
7092 2436 2771 4231 
7093 404 1482 3911 
7094 196 321 3055 
7095 3945 1480 4118 
7096 731 3711 4063 
7097 1312 1301 3988 
7098 2375 3765 4077 
7099 2625 1959 2827 
7100 939 890 3965 
7101 1002 1153 1154 
7102 396 1481 3861 
7103 1168 3665 4108 
7104 2695 2706 4094 
7105 2824 2825 4180 
7106 977 976 1148 
7107 3852 2728 4093 
7108 2280 1749 3489 
7109 2779 2188 2836 
7110 3765 709 4077 
7111 372 374 849 
7112 780 380 4131 
7113 1803 1801 1804 
7114 1392 1391 4047 
7115 1226 1227 1730 
7116 1481 398 3916 
7117 2035 1854 4104 
7118 3460 3829 3980 
7119 1576 4059 4106 
7120 910 873 4116 
7121 1709 1211 4109 
7122 3529 3705 4147 
7123 1620 1785 1982 
7124 2184 2839 2840 
7125 4048 1612 4072 
7126 1910 1911 1978 
7127 1695 1772 4014 
7128 1910 1904 1911 
7129 2186 2185 2187 
7130 1854 1852 4104 
7131 2060 1757 4045 
7132 1226 1150 1227 
7133 1154 1602 1603 
7134 2325 3742 4124 
7135 2731 3954 4138 
7136 890 889 3965 
7137 2640 2008 2641 
7138 1889 1896 4051 
7139 3648 4082 4150 
7140 1621 1620 3585 
7141 4390 3323 4555 
7142 3665 4106 4108 
7143 1903 1057 1904 
7144 1693 4142 4285 
7145 1800 1748 4199 
7146 1164 1052 4135 
7147 1623 1967 4069 
7148 1606 1742 4031 
7149 2008 1660 4030 
7150 2599 2898 3949 
7151 382 3607 4131 
7152 1059 1058 3659 
7153 1808 1805 4111 
7154 672 2391 4007 
7155 2411 1652 2985 
7156 872 3827 4097 
7157 500 2377 4075 
7158 889 1505 3965 
7159 2102 894 4040 
7160 2584 2900 4041 
7161 786 751 4050 
7162 2179 2767 2832 
7163 2597 3745 4198 
7164 4081 441 4140 
7165 628 920 4185 
7166 1991 2184 4132 
7167 967 3806 3974 
7168 3766 498 4075 
7169 892 939 4040 
7170 1083 1084 4206 
7171 3761 3985 4082 
7172 1721 1586 3973 
7173 2147 2475 3566 
7174 2849 2628 2934 
7175 812 797 4042 
7176 1466 1722 3926 
7177 2390 1292 4068 
7178 3598 2456 4148 
7179 2200 1790 3997 
7180 3800 3188 4368 
7181 2148 1736 4080 
7182 1745 2185 2186 
7183 3993 565 4176 
7184 4154 3608 4219 
7185 1730 1731 2177 
7186 402 404 3911 
7187 2854 1970 4114 
7188 2990 2991 2994 
7189 2292 2303 4000 
7190 1901 786 4050 
7191 1292 1294 4068 
7192 455 810 4221 
7193 3967 1579 4123 
7194 2388 1706 4035 
7195 1757 1756 4045 
7196 4135 1052 4173 
7197 1651 1747 1748 
7198 2569 2177 4119 
7199 4537 2996 4619 
7200 4352 3539 4363 
7201 1568 1567 3934 
7202 4441 1571 4453 
7203 1055 1014 4117 
7204 1795 2202 4024 
7205 1346 1344 4032 
7206 2077 4122 4226 
7207 3663 4069 4203 
7208 1148 976 1150 
7209 288 78 3898 
7210 860 1902 4058 
7211 1790 1635 1791 
7212 3954 1035 4138 
7213 1608 1606 4031 
7214 2781 2406 4140 
7215 4088 2824 4180 
7216 4035 652 4182 
7217 3295 3027 3296 
7218 1067 1068 4246 
7219 3506 3508 4464 
7220 398 400 3916 
7221 761 804 4097 
7222 2741 3967 4123 
7223 1991 1786 2184 
7224 2430 2188 2779 
7225 3508 3510 4479 
7226 498 500 4075 
7227 1270 3487 4130 
7228 1965 2555 4114 
7229 3442 1504 4289 
7230 4067 3652 4280 
7231 2323 1634 3882 
7232 3510 3512 4474 
7233 1996 1808 2198 
7234 4431 3535 4518 
7235 1149 1148 3955 
7236 2131 2333 4234 
7237 2605 2943 4128 
7238 287 15 3900 
7239 2340 1991 4132 
7240 4331 2782 4470 
7241 2194 2193 4023 
7242 3928 3484 4466 
7243 2704 1670 4019 
7244 1699 4083 4347 
7245 1765 1621 3585 
7246 2833 2002 4060 
7247 1548 1551 4029 
7248 3415 2077 4226 
7249 2542 2540 4120 
7250 1579 1702 4123 
7251 420 421 4081 
7252 1035 1032 4138 
7253 1984 2620 2841 
7254 294 137 3410 
7255 386 388 3936 
7256 3753 1079 4152 
7257 2625 2827 2942 
7258 2001 2762 4060 
7259 2676 3710 4157 
7260 3876 3877 4085 
7261 503 402 3911 
7262 4238 3578 4261 
7263 3754 1167 4168 
7264 3971 808 4078 
7265 4059 2791 4106 
7266 2994 2991 3126 
7267 1148 1150 1226 
7268 1982 2179 2593 
7269 606 608 4115 
7270 2804 2807 4197 
7271 1902 904 4154 
7272 1896 2228 4051 
7273 3948 2788 4059 
7274 2063 2731 4211 
7275 1803 1804 1805 
7276 4082 2359 4150 
7277 1632 1238 1786 
7278 4458 3536 4461 
7279 1626 1625 4070 
7280 1807 1805 1808 
7281 4042 2725 4149 
7282 14 287 3906 
7283 315 47 3252 
7284 1223 1088 4085 
7285 932 4167 4236 
7286 1431 1346 4032 
7287 1547 1652 2411 
7288 1967 2409 4069 
7289 2077 1173 4122 
7290 1886 1305 4062 
7291 2761 1630 4222 
7292 2395 2561 2567 
7293 569 1455 4250 
7294 4016 2341 4284 
7295 1226 1730 3956 
7296 3883 2680 4252 
7297 2990 2989 2991 
7298 1305 1303 4062 
7299 4171 1340 4258 
7300 2767 1785 4159 
7301 1458 453 4221 
7302 1811 1814 4010 
7303 1912 1904 4251 
7304 3969 2740 4139 
7305 2563 2556 2851 
7306 898 896 4015 
7307 2002 2001 4060 
7308 2982 4074 4084 
7309 1528 1526 4218 
7310 2725 2944 4149 
7311 1303 1312 4062 
7312 1810 1811 4010 
7313 1620 1590 1785 
7314 3745 2709 4198 
7315 2551 2340 2890 
7316 1088 1006 4085 
7317 1534 1532 1544 
7318 4280 3652 4296 
7319 207 278 4049 
7320 3480 4382 4402 
7321 1002 3608 4154 
7322 1982 1785 2179 
7323 1740 1619 1741 
7324 3775 2683 4208 
7325 2630 3048 4202 
7326 1514 1360 4086 
7327 2497 2495 2652 
7328 2230 2969 4239 
7329 1981 1980 4155 
7330 2418 2760 4259 
7331 2659 2194 4023 
7332 1010 1903 3855 
7333 4095 3966 4211 
7334 3774 2705 4167 
7335 400 503 3916 
7336 1427 4133 4216 
7337 643 644 4161 
7338 2511 2611 2956 
7339 1006 3876 4085 
7340 1354 1352 4133 
7341 1541 1543 4110 
7342 2149 4144 4162 
7343 3979 1019 4034 
7344 2084 1147 4169 
7345 2426 2427 4248 
7346 1468 3864 4164 
7347 1807 1808 1809 
7348 2745 4050 4161 
7349 1561 2410 4113 
7350 1877 480 4090 
7351 339 13 3906 
7352 804 872 4097 
7353 3955 1226 3956 
7354 1702 2117 4123 
7355 3890 1480 4153 
7356 1792 2200 4160 
7357 2915 2207 2925 
7358 904 941 4154 
7359 4192 1583 4229 
7360 1414 1416 4134 
7361 1543 1547 4110 
7362 2548 2865 2866 
7363 3569 3571 4311 
7364 1356 2454 4086 
7365 392 563 3859 
7366 1288 461 4257 
7367 4457 3506 4464 
7368 316 236 3257 
7369 2198 1808 4111 
7370 2425 2733 4261 
7371 1434 1314 4139 
7372 3717 3716 4230 
7373 2730 4502 4598 
7374 3920 903 4107 
7375 1581 2416 4122 
7376 1369 1371 4020 
7377 2759 2424 4264 
7378 1805 1804 4111 
7379 3227 1264 4143 
7380 2044 1996 2191 
7381 1079 1080 4152 
7382 1173 1175 4122 
7383 1832 1831 4144 
7384 1725 1608 4031 
7385 3730 4349 4370 
7386 3656 1280 4331 
7387 1791 4164 4227 
7388 4109 3598 4148 
7389 366 368 914 
7390 807 3960 4107 
7391 4256 1907 4292 
7392 859 807 4107 
7393 1212 1143 4237 
7394 1884 1687 4145 
7395 1178 3775 4208 
7396 3914 4449 4451 
7397 2407 2408 4142 
7398 1634 1594 3882 
7399 2964 2201 4071 
7400 1427 1354 4133 
7401 497 602 4255 
7402 2186 2187 2188 
7403 1314 1311 4139 
7404 1063 1064 4249 
7405 2119 4291 4343 
7406 4069 2409 4203 
7407 660 4022 4178 
7408 3385 2736 4311 
7409 1770 910 4116 
7410 1311 3969 4139 
7411 2359 3851 4150 
7412 1519 1387 4099 
7413 3305 4192 4229 
7414 1480 1099 4153 
7415 480 482 4090 
7416 876 864 4091 
7417 1671 2765 4279 
7418 865 4042 4149 
7419 2253 4304 4317 
7420 3210 2490 4172 
7421 1881 2006 3924 
7422 4164 2752 4227 
7423 1052 1046 4173 
7424 1080 1083 4152 
7425 2785 3863 4532 
7426 1416 1423 4134 
7427 2768 4340 4384 
7428 1014 1011 3855 
7429 1352 3933 4133 
7430 4122 2416 4226 
7431 3416 3418 4277 
7432 1652 1548 4029 
7433 1729 1962 1969 
7434 1815 1817 4071 
7435 922 1897 4103 
7436 4007 2391 4193 
7437 4629 2818 4632 
7438 134 135 4210 
7439 1148 1226 3955 
7440 1099 1101 4153 
7441 3234 3107 4209 
7442 1434 4139 4222 
7443 2818 2997 4632 
7444 1571 3780 4453 
7445 1742 1603 3998 
7446 1524 1523 4177 
7447 1009 1063 4165 
7448 1011 1010 3855 
7449 1809 1808 1996 
7450 3089 2494 4188 
7451 2645 3189 4435 
7452 1479 3578 4238 
7453 4475 2790 4480 
7454 1147 1229 4169 
7455 1635 1468 4164 
7456 4032 1344 4171 
7457 2415 1882 4179 
7458 551 3957 4181 
7459 467 470 4262 
7460 2744 2433 4182 
7461 1646 1626 4070 
7462 1913 4233 4283 
7463 2201 1815 4071 
7464 649 643 4161 
7465 565 561 4176 
7466 2575 4207 4253 
7467 2731 4095 4211 
7468 2548 2192 2865 
7469 3833 1470 4166 
7470 1598 1149 3955 
7471 1344 1341 4171 
7472 4453 3780 4469 
7473 561 992 4176 
7474 1603 1602 3998 
7475 639 3385 4312 
7476 1980 2192 2548 
7477 3107 2674 4209 
7478 2050 2049 2586 
7479 597 386 3936 
7480 3741 1639 4201 
7481 2452 2645 4424 
7482 1212 4237 4259 
7483 2809 2119 4343 
7484 3769 3789 4344 
7485 903 859 4107 
7486 2542 4120 4192 
7487 4099 2755 4233 
7488 2744 4182 4247 
7489 3291 4027 4250 
7490 1209 3730 4370 
7491 1366 1927 4163 
7492 1893 3930 4241 
7493 2408 2394 4238 
7494 1879 3840 4271 
7495 3111 2590 3183 
7496 1423 2396 4134 
7497 1578 1209 4174 
7498 2190 2877 2878 
7499 1060 964 4184 
7500 4033 2729 4167 
7501 1639 1957 4201 
7502 1980 1767 2192 
7503 2572 2573 2576 
7504 3864 2752 4164 
7505 1547 2411 4110 
7506 1370 1367 4163 
7507 2341 2551 4379 
7508 4050 649 4161 
7509 201 331 3748 
7510 941 1002 4154 
7511 2125 1917 4286 
7512 1612 1610 4072 
7513 864 4039 4091 
7514 1741 1619 1783 
7515 2805 3155 4195 
7516 3827 2097 4175 
7517 3113 3114 3116 
7518 2421 3442 4289 
7519 1175 1581 4122 
7520 1238 1055 4117 
7521 4133 2743 4216 
7522 1367 1366 4163 
7523 308 159 4186 
7524 992 555 4181 
7525 2388 4035 4182 
7526 2551 2909 4196 
7527 4424 2645 4435 
7528 4139 2740 4222 
7529 2392 2407 4215 
7530 3279 3276 4204 
7531 3510 4474 4479 
7532 3963 2389 4156 
7533 307 96 4189 
7534 4022 2636 4178 
7535 595 3641 4267 
7536 2782 4331 4345 
7537 3155 2804 4197 
7538 926 4103 4220 
7539 3933 2743 4133 
7540 937 898 4015 
7541 3826 2613 4239 
7542 2427 2329 4278 
7543 2186 2430 4166 
7544 555 551 4181 
7545 2372 4528 4551 
7546 2777 3109 4462 
7547 3363 2778 4501 
7548 1345 3590 4200 
7549 4027 579 4250 
7550 1393 1372 4242 
7551 2705 4033 4167 
7552 1057 960 4220 
7553 2101 4174 4392 
7554 3924 2919 4227 
7555 3045 2213 4136 
7556 3566 4576 4577 
7557 1935 2148 4129 
7558 108 3595 4100 
7559 2687 2689 4191 
7560 2192 1767 4213 
7561 3496 1646 4207 
7562 2827 1959 4129 
7563 3989 2405 4225 
7564 2613 2229 4239 
7565 2345 2634 4512 
7566 1448 3786 4326 
7567 2576 2891 2893 
7568 4365 2681 4552 
7569 1959 1935 4129 
7570 1470 1745 4166 
7571 634 628 4185 
7572 829 850 4274 
7573 4071 1817 4125 
7574 1338 3663 4203 
7575 2298 3718 4321 
7576 2391 2393 4193 
7577 305 33 4190 
7578 1237 1236 4159 
7579 1913 1521 4233 
7580 306 222 4300 
7581 583 595 4267 
7582 2737 2735 4296 
7583 1897 2749 4103 
7584 1084 1196 4206 
7585 1962 1972 2557 
7586 2431 2563 4333 
7587 1229 4044 4243 
7588 3528 3531 4308 
7589 1980 2548 4155 
7590 1610 1725 4072 
7591 3686 2630 4202 
7592 1057 4220 4251 
7593 4115 862 4351 
7594 2636 3207 4178 
7595 3546 2666 4212 
7596 4182 652 4247 
7597 348 206 4049 
7598 1962 1728 1972 
7599 1370 4163 4242 
7600 2903 2594 2906 
7601 1254 1213 4276 
7602 2754 2419 4289 
7603 2666 4057 4212 
7604 4580 3080 4584 
7605 1387 1389 4099 
7606 3125 2505 4126 
7607 2728 3036 4260 
7608 2433 2388 4182 
7609 3955 3956 4214 
7610 1914 3804 4177 
7611 1765 3585 4213 
7612 2364 3439 4386 
7613 3276 3275 4204 
7614 4346 3500 4416 
7615 2777 4462 4482 
7616 2177 1731 4119 
7617 4030 1810 4205 
7618 1905 1907 4256 
7619 3606 2294 4418 
7620 2205 2374 4158 
7621 3498 4171 4258 
7622 1817 2010 4125 
7623 3716 4075 4230 
7624 4329 1570 4463 
7625 2480 4124 4235 
7626 2324 2665 4244 
7627 3930 3289 4241 
7628 3512 3514 4452 
7629 2422 3498 4258 
7630 3971 4078 4232 
7631 2544 2542 4192 
7632 2769 2768 4384 
7633 1954 2672 4143 
7634 3585 2763 4213 
7635 1748 1747 4199 
7636 4435 3189 4438 
7637 1544 1532 4141 
7638 2213 1807 4136 
7639 1519 4099 4233 
7640 1927 3023 4163 
7641 4541 3688 4548 
7642 2048 2047 2049 
7643 4489 2785 4532 
7644 1733 2468 4119 
7645 1807 1809 4136 
7646 4078 3994 4232 
7647 2569 4119 4254 
7648 4289 1504 4323 
7649 4075 2377 4230 
7650 2766 4269 4305 
7651 3608 3485 4219 
7652 1590 1237 4159 
7653 3023 3396 4651 
7654 4386 3439 4420 
7655 96 97 4189 
7656 159 160 4186 
7657 2878 2879 2880 
7658 1317 1319 4294 
7659 1791 1635 4164 
7660 1731 1733 4119 
7661 1957 2527 4201 
7662 1254 4276 4310 
7663 1389 1394 4099 
7664 3780 440 4469 
7665 1729 1728 1962 
7666 2778 2777 4482 
7667 33 34 4190 
7668 2047 1981 4155 
7669 3840 3803 4316 
7670 2010 2600 4125 
7671 4057 1320 4212 
7672 1563 1528 4218 
7673 2891 2573 2892 
7674 2450 2452 4404 
7675 2586 2049 2594 
7676 4445 4156 4468 
7677 2503 2501 2637 
7678 1150 976 4146 
7679 1646 4070 4207 
7680 2531 3080 4580 
7681 3086 282 4570 
7682 2354 2063 4211 
7683 3406 3407 4385 
7684 618 620 4281 
7685 1454 4088 4180 
7686 2519 2521 2783 
7687 2890 2340 4132 
7688 639 636 4280 
7689 360 362 1047 
7690 3894 1479 4238 
7691 1523 1914 4177 
7692 2503 2637 2941 
7693 3305 2544 4192 
7694 3866 2818 4629 
7695 3717 4230 4271 
7696 453 455 4221 
7697 2416 2734 4226 
7698 2683 3617 4208 
7699 3668 2383 4362 
7700 1145 3424 4431 
7701 3415 4226 4272 
7702 4219 3463 4273 
7703 3873 1699 4278 
7704 4233 2755 4283 
7705 1882 1880 4179 
7706 1745 2186 4166 
7707 2253 2027 4304 
7708 2327 3801 4315 
7709 1747 2190 4199 
7710 2405 4175 4225 
7711 2479 4327 4419 
7712 4259 2760 4276 
7713 1810 4010 4205 
7714 2732 4305 4318 
7715 3974 3806 4179 
7716 1493 630 4312 
7717 2692 2690 4478 
7718 2925 2207 4160 
7719 1518 3989 4225 
7720 632 639 4312 
7721 960 926 4220 
7722 1785 1590 4159 
7723 2694 2692 4477 
7724 2642 4030 4205 
7725 3804 2483 4194 
7726 2393 2392 4215 
7727 2432 2434 4339 
7728 976 937 4146 
7729 4341 1934 4507 
7730 4231 2771 4324 
7731 1255 1258 4324 
7732 4167 2729 4236 
7733 4279 2765 4304 
7734 1880 3974 4179 
7735 1143 1693 4237 
7736 2467 4492 4508 
7737 1583 1411 4229 
7738 918 4093 4260 
7739 4226 2734 4272 
7740 3700 1288 4350 
7741 2809 4343 4432 
7742 4281 3572 4413 
7743 2757 3971 4232 
7744 3572 4281 4309 
7745 1565 4381 4394 
7746 7 8 323 
7747 2724 4315 4396 
7748 640 4067 4280 
7749 862 3835 4422 
7750 3988 3987 4299 
7751 4367 1276 4368 
7752 3087 2697 4245 
7753 4207 2838 4253 
7754 2434 2436 4231 
7755 3408 648 4418 
7756 3363 4501 4521 
7757 2674 2597 4198 
7758 70 71 324 
7759 3811 4358 4372 
7760 3637 497 4255 
7761 2639 2324 4244 
7762 3291 4250 4264 
7763 4237 2733 4259 
7764 1630 1434 4222 
7765 2696 2694 4473 
7766 2572 1974 2573 
7767 4539 2641 4547 
7768 3616 3988 4299 
7769 4188 2496 4223 
7770 2096 1918 4318 
7771 1071 3875 4246 
7772 2743 2967 4216 
7773 1549 1540 4270 
7774 2229 2230 4239 
7775 4220 2749 4251 
7776 3462 3459 4375 
7777 2759 4282 4302 
7778 4003 931 4581 
7779 2188 2187 4224 
7780 2167 3476 4454 
7781 4473 2694 4477 
7782 4163 3023 4242 
7783 579 569 4250 
7784 2422 4258 4279 
7785 34 35 351 
7786 223 224 350 
7787 3713 4201 4291 
7788 4175 2764 4225 
7789 2377 4061 4230 
7790 97 98 352 
7791 160 161 349 
7792 3085 2426 4248 
7793 1264 1641 4143 
7794 3891 2101 4240 
7795 4257 463 4262 
7796 4271 3840 4316 
7797 685 687 4337 
7798 937 4015 4146 
7799 2752 3924 4227 
7800 1915 4283 4286 
7801 678 1512 4356 
7802 4119 2468 4254 
7803 652 646 4247 
7804 690 4393 4476 
7805 2838 2860 4253 
7806 4269 2096 4305 
7807 3877 1893 4241 
7808 4214 3956 4333 
7809 625 621 4368 
7810 2761 4256 4292 
7811 1529 1553 4444 
7812 3442 2759 4302 
7813 2024 2021 4335 
7814 2729 2730 4236 
7815 3703 479 4373 
7816 4107 3960 4269 
7817 1258 1254 4310 
7818 461 463 4257 
7819 3634 2643 4401 
7820 2820 3363 4521 
7821 2345 2246 2634 
7822 2586 2594 2903 
7823 2374 4137 4263 
7824 604 606 4323 
7825 1869 4498 4558 
7826 4248 2427 4350 
7827 1064 1067 4249 
7828 4477 2692 4478 
7829 1598 3955 4214 
7830 3446 2678 4433 
7831 3811 1564 4358 
7832 3462 4375 4383 
7833 2565 3061 4243 
7834 1142 1144 4369 
7835 2394 3894 4238 
7836 3055 3056 3058 
7837 2129 2131 4234 
7838 1068 1071 4246 
7839 4091 4039 4308 
7840 3999 3858 4415 
7841 3879 2757 4265 
7842 2836 2188 4224 
7843 3994 2094 4232 
7844 2590 2280 4217 
7845 2354 3581 4359 
7846 4044 2565 4243 
7847 2794 2808 4329 
7848 3833 4166 4295 
7849 2363 2754 4351 
7850 2280 3489 4217 
7851 133 134 322 
7852 2088 2429 4336 
7853 4232 2094 4265 
7854 1974 1741 4183 
7855 3806 1060 4346 
7856 196 197 321 
7857 2733 2418 4259 
7858 585 583 4267 
7859 2396 1429 4361 
7860 4211 3966 4297 
7861 2757 4232 4265 
7862 1641 1954 4143 
7863 4247 641 4293 
7864 2761 4222 4256 
7865 4166 2430 4295 
7866 4197 2807 4356 
7867 1372 1370 4242 
7868 3578 2425 4261 
7869 2776 4290 4338 
7870 4411 2770 4412 
7871 2892 2573 4183 
7872 4447 758 4450 
7873 1633 3062 4605 
7874 2740 1905 4256 
7875 2733 4237 4285 
7876 463 467 4262 
7877 2273 3379 4268 
7878 2653 2655 4377 
7879 2724 2267 4328 
7880 3411 3415 4272 
7881 4137 3221 4263 
7882 3925 2933 4325 
7883 4690 3537 4694 
7884 4103 2749 4220 
7885 1521 1519 4233 
7886 2776 1786 4290 
7887 1631 1457 4417 
7888 2766 3920 4269 
7889 423 425 4376 
7890 2032 2704 4313 
7891 1676 3426 4460 
7892 378 780 4332 
7893 4536 2474 4630 
7894 3572 4391 4413 
7895 1457 3345 4417 
7896 3001 2521 4650 
7897 2663 3203 4436 
7898 3941 1698 4357 
7899 4454 3476 4487 
7900 4283 2756 4286 
7901 3048 3883 4252 
7902 1236 4016 4284 
7903 1340 3628 4258 
7904 3628 1671 4279 
7905 1943 1944 4378 
7906 3482 1420 4465 
7907 2830 2587 3905 
7908 3340 3339 4490 
7909 4159 1236 4284 
7910 3435 3475 4420 
7911 3383 4203 4288 
7912 2814 4429 4546 
7913 3920 4107 4269 
7914 477 1459 4373 
7915 3440 1050 4487 
7916 2424 3291 4264 
7917 3531 4091 4308 
7918 4230 4061 4271 
7919 2187 2882 2883 
7920 3528 4308 4357 
7921 2447 4004 4352 
7922 1741 1783 4183 
7923 1256 1761 4399 
7924 1728 1598 4214 
7925 1794 1792 4160 
7926 1915 1913 4283 
7927 2754 4115 4351 
7928 4336 3812 4416 
7929 2468 2852 4254 
7930 4357 1698 4400 
7931 4305 2096 4318 
7932 2587 2586 3905 
7933 471 473 4389 
7934 3879 4265 4303 
7935 2586 2903 3905 
7936 1478 3755 4266 
7937 3629 1196 4306 
7938 3519 3520 4442 
7939 3255 3254 4609 
7940 1518 4225 4321 
7941 4093 2728 4260 
7942 1252 1253 4399 
7943 2353 2354 4359 
7944 4258 3628 4279 
7945 1446 1447 4448 
7946 3637 4255 4302 
7947 3188 2644 4367 
7948 222 223 4300 
7949 4404 2452 4424 
7950 4290 2748 4338 
7951 1565 1261 4381 
7952 4304 2765 4317 
7953 3326 2439 4298 
7954 4688 3209 4701 
7955 3572 3570 4391 
7956 1325 1321 4355 
7957 1972 1728 4214 
7958 4117 2748 4290 
7959 757 4409 4430 
7960 2646 2414 4436 
7961 2329 3873 4278 
7962 1459 475 4389 
7963 1904 1057 4251 
7964 1593 1048 4342 
7965 2800 2798 4446 
7966 996 1181 4342 
7967 2298 4321 4349 
7968 827 829 4274 
7969 756 774 4360 
7970 2094 2428 4265 
7971 2190 2878 4199 
7972 3599 2464 4405 
7973 3480 3931 4382 
7974 851 4494 4497 
7975 3418 3422 4277 
7976 757 682 4409 
7977 4316 3803 4358 
7978 2448 2450 4394 
7979 2065 2446 4366 
7980 2354 4211 4297 
7981 3797 4058 4273 
7982 1258 4231 4324 
7983 2274 1527 4444 
7984 1532 1530 4141 
7985 2576 2573 2891 
7986 2802 2800 4430 
7987 4004 788 4352 
7988 2736 3569 4311 
7989 4058 1902 4273 
7990 4446 2798 4463 
7991 3549 2296 4282 
7992 3881 4388 4396 
7993 2350 2347 4374 
7994 4351 862 4422 
7995 1399 1420 4382 
7996 1288 4248 4350 
7997 884 3811 4372 
7998 3326 4298 4504 
7999 4222 2740 4256 
8000 2767 4159 4284 
8001 2756 3347 4330 
8002 1512 4197 4356 
8003 2207 1794 4160 
8004 4261 2733 4285 
8005 1919 1934 4429 
8006 3881 884 4388 
8007 4255 3442 4302 
8008 4354 2939 4408 
8009 4356 2807 4409 
8010 3183 2590 4217 
8011 1800 4199 4319 
8012 4225 2764 4321 
8013 4284 2341 4379 
8014 4186 349 4187 
8015 3512 4452 4474 
8016 754 4475 4480 
8017 849 374 4364 
8018 3497 2766 4305 
8019 1258 4310 4339 
8020 636 640 4280 
8021 2419 2421 4289 
8022 2755 2756 4283 
8023 3835 2318 4470 
8024 1515 1478 4275 
8025 3960 2096 4269 
8026 2352 2349 4406 
8027 3712 778 4426 
8028 2699 3891 4341 
8029 3865 3712 4426 
8030 1260 1487 4423 
8031 3463 3462 4383 
8032 622 618 4281 
8033 1213 1212 4276 
8034 2161 2364 4386 
8035 4282 2296 4302 
8036 3652 2737 4296 
8037 4276 2760 4310 
8038 3058 3056 3059 
8039 4422 3835 4470 
8040 3514 3516 4450 
8041 4507 993 4543 
8042 2430 2780 4295 
8043 2878 2877 2879 
8044 3264 4687 4689 
8045 412 1676 4460 
8046 1696 1572 4421 
8047 1196 4113 4306 
8048 2296 3637 4302 
8049 2594 2049 4287 
8050 4061 1879 4271 
8051 2167 2164 4386 
8052 1319 1325 4294 
8053 4142 2408 4285 
8054 4324 2771 4381 
8055 4203 2409 4288 
8056 2762 2761 4292 
8057 626 622 4413 
8058 1917 1915 4286 
8059 1238 4117 4290 
8060 2573 1974 4183 
8061 3987 1876 4299 
8062 1972 4214 4333 
8063 2409 2658 4288 
8064 1530 1563 4141 
8065 1482 3360 4648 
8066 2778 4482 4501 
8067 4265 2428 4303 
8068 4400 3691 4437 
8069 3744 2654 4403 
8070 1902 4219 4273 
8071 2151 2472 4514 
8072 644 638 4411 
8073 1222 1220 4434 
8074 2027 2422 4304 
8075 2763 2864 4353 
8076 3364 4682 4684 
8077 1570 4329 4393 
8078 1478 4266 4275 
8079 2481 4590 4625 
8080 1907 2005 4292 
8081 2878 2880 4319 
8082 1698 3691 4400 
8083 1323 3833 4295 
8084 2798 2796 4463 
8085 884 4372 4388 
8086 1212 4259 4276 
8087 2707 3702 4347 
8088 3878 719 4467 
8089 3504 3878 4467 
8090 4004 2744 4293 
8091 3997 1791 4314 
8092 4039 2330 4308 
8093 3966 3583 4297 
8094 4288 2658 4320 
8095 630 632 4312 
8096 4201 2527 4291 
8097 3718 1518 4321 
8098 4456 3504 4467 
8099 733 758 4447 
8100 1909 3879 4303 
8101 4273 3463 4383 
8102 2210 3812 4354 
8103 3500 2299 4416 
8104 2041 1681 4486 
8105 322 134 4210 
8106 2117 1923 4390 
8107 2521 2520 4639 
8108 1233 3077 4659 
8109 2744 4247 4293 
8110 4331 1280 4345 
8111 2455 3170 4410 
8112 4281 620 4309 
8113 3786 2712 4326 
8114 2933 3038 4325 
8115 1871 3881 4396 
8116 2527 2529 4291 
8117 1365 1368 4491 
8118 3358 2041 4486 
8119 706 3536 4458 
8120 3008 2032 4313 
8121 2389 3384 4468 
8122 4455 1422 4466 
8123 1515 4275 4307 
8124 3801 1871 4315 
8125 2443 2459 4412 
8126 1404 1406 4455 
8127 2746 2747 4322 
8128 2423 2732 4419 
8129 1918 1937 4318 
8130 4659 3077 4668 
8131 1912 4251 4301 
8132 1593 3486 4652 
8133 3717 4271 4316 
8134 2760 3913 4310 
8135 4493 3694 4526 
8136 1410 1412 4440 
8137 4158 2374 4263 
8138 2422 4279 4304 
8139 2765 3008 4317 
8140 3519 4442 4447 
8141 2318 3656 4331 
8142 3185 1515 4307 
8143 2670 4014 4392 
8144 3081 4433 4533 
8145 1504 604 4323 
8146 2955 4644 4647 
8147 1257 1255 4324 
8148 4291 2529 4343 
8149 3877 2441 4334 
8150 2769 4384 4445 
8151 2488 2423 4327 
8152 2466 2721 4456 
8153 2658 4043 4320 
8154 1467 4134 4365 
8155 376 378 4332 
8156 2267 2643 4328 
8157 1910 1978 4338 
8158 1448 4326 4348 
8159 350 3270 4300 
8160 1422 1408 4439 
8161 717 742 4467 
8162 3931 1397 4382 
8163 2125 4286 4330 
8164 1786 1238 4290 
8165 2742 4431 4518 
8166 4079 3717 4316 
8167 97 352 4189 
8168 3574 553 4495 
8169 3326 4504 4528 
8170 4295 2780 4355 
8171 34 351 4190 
8172 553 559 4495 
8173 4430 2800 4446 
8174 495 410 4460 
8175 4113 2410 4306 
8176 4085 3877 4334 
8177 2166 2167 4454 
8178 1323 4295 4355 
8179 2215 2024 4335 
8180 1553 1531 4537 
8181 2460 1920 4483 
8182 2408 4261 4285 
8183 3956 2431 4333 
8184 160 349 4186 
8185 2071 2816 4505 
8186 3797 4273 4383 
8187 2706 2707 4347 
8188 634 4185 4411 
8189 2796 2794 4329 
8190 2192 4213 4353 
8191 3254 274 4589 
8192 4394 2450 4404 
8193 3789 2269 4344 
8194 223 350 4300 
8195 2792 2790 4475 
8196 2999 2169 4454 
8197 1450 4448 4500 
8198 3691 741 4437 
8199 3460 3980 4497 
8200 795 796 4511 
8201 1791 4227 4314 
8202 3401 4146 4340 
8203 1644 1645 4516 
8204 3058 3059 3060 
8205 2784 2785 4489 
8206 687 1483 4337 
8207 4155 2872 4287 
8208 2187 2883 4224 
8209 939 4156 4445 
8210 2764 2438 4349 
8211 3481 3479 4402 
8212 4341 4240 4546 
8213 1822 1820 4515 
8214 4333 2563 4380 
8215 3483 4455 4466 
8216 4181 3957 4462 
8217 4308 2330 4357 
8218 3514 4450 4452 
8219 4174 2670 4392 
8220 474 3662 4503 
8221 2820 4521 4541 
8222 3554 314 4544 
8223 4185 2770 4411 
8224 851 825 4494 
8225 4310 3913 4339 
8226 2749 2610 4301 
8227 1821 2042 4486 
8228 4375 850 4383 
8229 4015 2102 4340 
8230 4338 1978 4395 
8231 1223 4085 4334 
8232 4199 2878 4319 
8233 4349 2438 4370 
8234 1048 996 4342 
8235 4286 2756 4330 
8236 3913 2432 4339 
8237 3202 3311 4675 
8238 2643 4148 4401 
8239 690 688 4393 
8240 4358 3803 4372 
8241 2789 4458 4461 
8242 2632 4397 4425 
8243 2449 2447 4352 
8244 1859 2457 4498 
8245 2529 2746 4343 
8246 2462 2363 4351 
8247 2748 1910 4338 
8248 3701 3700 4350 
8249 1321 1323 4355 
8250 162 259 4620 
8251 4340 2102 4384 
8252 2437 2669 4443 
8253 869 877 4534 
8254 4227 2919 4314 
8255 2299 2088 4336 
8256 4146 4015 4340 
8257 1420 1402 4465 
8258 2036 2037 4523 
8259 1533 1536 4537 
8260 4083 2706 4347 
8261 870 867 4506 
8262 680 678 4356 
8263 3001 4650 4655 
8264 376 4332 4364 
8265 2018 2240 4529 
8266 2011 2311 4510 
8267 374 376 4364 
8268 2865 2192 4353 
8269 3079 2353 4359 
8270 2413 2412 4575 
8271 2113 2474 4536 
8272 3991 1377 4524 
8273 2330 3941 4357 
8274 2036 4523 4533 
8275 2449 4352 4363 
8276 879 871 4485 
8277 2415 4346 4416 
8278 2467 1921 4492 
8279 4381 2771 4394 
8280 3235 3236 4371 
8281 2451 2449 4363 
8282 1617 1740 4535 
8283 3528 4357 4400 
8284 4079 4316 4358 
8285 1257 4324 4381 
8286 4393 2808 4476 
8287 259 163 4636 
8288 4213 2763 4353 
8289 2463 4053 4484 
8290 3388 3406 4385 
8291 692 690 4476 
8292 3081 2726 4488 
8293 1782 4567 4631 
8294 2776 4338 4395 
8295 1144 1252 4369 
8296 774 795 4360 
8297 1276 625 4368 
8298 1429 3561 4361 
8299 3712 2758 4387 
8300 479 477 4373 
8301 2438 2670 4370 
8302 2644 2451 4367 
8303 949 993 4507 
8304 3566 2475 4576 
8305 4185 920 4362 
8306 2066 2065 4366 
8307 3803 3802 4372 
8308 4437 741 4442 
8309 1655 1656 4522 
8310 4336 2429 4354 
8311 4321 2764 4349 
8312 2770 2443 4412 
8313 3687 3688 4541 
8314 2758 2437 4427 
8315 2745 4398 4483 
8316 2451 4363 4367 
8317 4134 2396 4365 
8318 2066 4366 4374 
8319 3109 4181 4462 
8320 2121 3838 4502 
8321 2463 4484 4514 
8322 2444 3694 4493 
8323 2347 2066 4374 
8324 3144 4564 4577 
8325 4391 920 4413 
8326 4318 1937 4419 
8327 2655 3017 4377 
8328 181 182 4565 
8329 2521 4639 4650 
8330 1564 4079 4358 
8331 441 423 4376 
8332 1427 4216 4481 
8333 1651 1798 4513 
8334 3525 4400 4437 
8335 4274 850 4375 
8336 2769 4445 4468 
8337 2152 2476 4549 
8338 4401 2456 4410 
8339 3812 4336 4354 
8340 2146 2681 4579 
8341 3570 3668 4391 
8342 1944 1948 4378 
8343 4505 2816 4523 
8344 2049 2047 4287 
8345 4322 1754 4432 
8346 1261 1257 4381 
8347 4549 2473 4566 
8348 475 471 4389 
8349 2741 4123 4414 
8350 4014 2815 4392 
8351 2009 1649 4513 
8352 4251 2749 4301 
8353 2814 2072 4518 
8354 3424 3535 4431 
8355 3310 940 4695 
8356 3170 2458 4545 
8357 2732 4318 4419 
8358 2164 2161 4386 
8359 4388 2445 4396 
8360 2415 4179 4346 
8361 3479 3480 4402 
8362 4372 3802 4388 
8363 1842 4539 4547 
8364 2767 4284 4379 
8365 3237 3323 4578 
8366 3891 4240 4341 
8367 4376 425 4387 
8368 2809 4432 4500 
8369 993 2811 4543 
8370 2784 4489 4505 
8371 3525 3528 4400 
8372 2445 2724 4396 
8373 3802 2445 4388 
8374 4245 2696 4415 
8375 3022 2753 4596 
8376 680 4356 4409 
8377 1253 1256 4399 
8378 4409 2807 4430 
8379 2771 2448 4394 
8380 2839 2776 4395 
8381 259 3001 4655 
8382 1923 1943 4390 
8383 2047 4155 4287 
8384 4492 3384 4508 
8385 648 3606 4418 
8386 3320 3186 4568 
8387 1397 1399 4382 
8388 850 3797 4383 
8389 2462 4351 4422 
8390 3374 3373 4635 
8391 2059 3744 4617 
8392 1648 2947 4516 
8393 2654 3009 4403 
8394 2745 4161 4398 
8395 4343 2746 4432 
8396 2102 4040 4384 
8397 4638 3151 4641 
8398 2380 4681 4686 
8399 4329 2808 4393 
8400 1577 3447 4471 
8401 4361 3561 4575 
8402 3024 2352 4406 
8403 4398 2459 4483 
8404 3980 4484 4497 
8405 2987 2701 4524 
8406 1659 2640 4522 
8407 2061 1631 4417 
8408 3519 4447 4450 
8409 4161 644 4398 
8410 2473 1909 4561 
8411 2456 2455 4410 
8412 4179 3806 4346 
8413 3447 754 4480 
8414 920 626 4413 
8415 3133 2632 4425 
8416 2632 2061 4397 
8417 638 634 4411 
8418 2464 3007 4405 
8419 2625 2942 4519 
8420 3812 2415 4416 
8421 4513 1798 4635 
8422 3439 3435 4420 
8423 827 4274 4494 
8424 3952 1565 4404 
8425 3563 2646 4428 
8426 2557 1972 4380 
8427 441 4376 4427 
8428 682 680 4409 
8429 3278 3279 4407 
8430 2137 2465 4560 
8431 4448 2810 4500 
8432 3535 1919 4429 
8433 1487 2059 4423 
8434 2934 2628 4527 
8435 1899 4424 4435 
8436 1572 1574 4421 
8437 866 847 4531 
8438 4461 1577 4471 
8439 3536 1577 4461 
8440 2807 2802 4430 
8441 4514 2472 4520 
8442 269 150 4614 
8443 1937 2479 4419 
8444 4274 3461 4494 
8445 4123 2117 4414 
8446 3324 3325 4555 
8447 4148 2456 4401 
8448 1408 1410 4439 
8449 1510 2473 4550 
8450 2685 3865 4426 
8451 3044 2616 4542 
8452 4432 1754 4500 
8453 754 692 4476 
8454 1899 3952 4424 
8455 2141 2143 4562 
8456 4498 3838 4558 
8457 3597 2036 4533 
8458 3311 3310 4685 
8459 2832 2767 4379 
8460 3523 3525 4437 
8461 4036 2462 4422 
8462 2678 3597 4433 
8463 3203 3202 4671 
8464 4471 3447 4480 
8465 3874 1899 4435 
8466 4376 2758 4427 
8467 2414 2663 4436 
8468 2996 2993 4619 
8469 1704 1222 4434 
8470 1972 4333 4380 
8471 940 3622 4699 
8472 2150 3836 4566 
8473 3767 4449 4459 
8474 3932 2772 4567 
8475 2373 3934 4536 
8476 2261 3541 4590 
8477 3553 4556 4562 
8478 1754 1450 4500 
8479 3792 3874 4438 
8480 1527 1529 4444 
8481 1565 4394 4404 
8482 2459 4398 4412 
8483 1412 1467 4440 
8484 183 184 4593 
8485 2380 3026 4681 
8486 3952 4404 4424 
8487 2412 4361 4575 
8488 2460 4493 4526 
8489 2471 3566 4577 
8490 2685 4426 4441 
8491 4140 441 4427 
8492 3744 4403 4574 
8493 2253 4317 4472 
8494 1362 1514 4559 
8495 3552 3554 4553 
8496 3874 4435 4438 
8497 3767 1569 4449 
8498 4086 2454 4530 
8499 3520 3523 4442 
8500 4612 2855 4628 
8501 3825 4446 4463 
8502 3825 757 4446 
8503 2701 2700 4524 
8504 2686 2685 4441 
8505 4427 2437 4443 
8506 4451 3785 4458 
8507 2460 4483 4493 
8508 2786 4461 4471 
8509 4606 1582 4622 
8510 4414 2117 4555 
8511 2828 4571 4683 
8512 2721 3504 4456 
8513 3689 4464 4479 
8514 2686 4441 4453 
8515 1930 1928 4583 
8516 4494 3461 4497 
8517 741 733 4447 
8518 3689 785 4464 
8519 2465 2139 4556 
8520 473 3783 4574 
8521 1450 1446 4448 
8522 4662 2539 4692 
8523 3516 3519 4450 
8524 1419 1364 4559 
8525 410 412 4460 
8526 1419 4559 4676 
8527 149 269 4563 
8528 2821 2480 4595 
8529 1406 1422 4455 
8530 4036 4422 4470 
8531 2688 4453 4469 
8532 3785 706 4458 
8533 3334 3335 4552 
8534 3144 267 4564 
8535 3957 1894 4462 
8536 4440 1467 4552 
8537 4448 1447 4499 
8538 4040 939 4445 
8539 3688 2321 4548 
8540 2688 2686 4453 
8541 3239 2516 4626 
8542 179 180 4573 
8543 2781 4140 4443 
8544 2169 2166 4454 
8545 2786 2789 4461 
8546 779 718 4571 
8547 4695 940 4699 
8548 4365 2396 4579 
8549 1402 1404 4465 
8550 2124 2261 4590 
8551 1570 3825 4463 
8552 2690 2688 4469 
8553 1569 3785 4451 
8554 758 3968 4452 
8555 4640 3693 4649 
8556 3904 2810 4499 
8557 2787 4471 4480 
8558 3523 4437 4442 
8559 2787 2786 4471 
8560 4462 1894 4482 
8561 757 4430 4446 
8562 4384 4040 4445 
8563 2773 2775 4584 
8564 719 717 4467 
8565 267 3553 4564 
8566 2482 3086 4570 
8567 2210 4354 4408 
8568 742 3767 4459 
8569 4303 4520 4561 
8570 3744 4574 4617 
8571 3012 2253 4472 
8572 2333 2133 4572 
8573 4442 741 4447 
8574 3484 3483 4466 
8575 4397 2061 4417 
8576 4449 1569 4451 
8577 3044 4534 4630 
8578 3542 3540 4597 
8579 4390 1943 4578 
8580 785 3878 4457 
8581 3325 4414 4555 
8582 2808 2792 4475 
8583 2758 4376 4387 
8584 185 186 4587 
8585 2820 4541 4548 
8586 785 4457 4464 
8587 2155 2531 4580 
8588 440 3944 4478 
8589 1633 1232 4580 
8590 2454 1427 4481 
8591 2790 2787 4480 
8592 1500 4473 4477 
8593 2782 4036 4470 
8594 3115 2536 4696 
8595 3593 2615 4653 
8596 1920 2745 4483 
8597 2466 4456 4459 
8598 4502 2457 4598 
8599 2493 2975 4591 
8600 3476 3440 4487 
8601 1559 3689 4479 
8602 1500 3999 4473 
8603 1921 2769 4492 
8604 4671 3202 4675 
8605 4362 920 4391 
8606 2746 4322 4432 
8607 164 165 4592 
8608 3944 1500 4477 
8609 1894 3787 4482 
8610 3944 4477 4478 
8611 3400 3399 4681 
8612 3668 4362 4391 
8613 4156 2389 4468 
8614 3674 1825 4489 
8615 4140 4427 4443 
8616 1681 1821 4486 
8617 2538 3180 4646 
8618 188 189 4600 
8619 4474 1559 4479 
8620 4450 758 4452 
8621 155 263 4623 
8622 4303 2428 4520 
8623 4468 3384 4492 
8624 2042 3675 4607 
8625 2321 1869 4558 
8626 1368 1842 4491 
8627 3968 1559 4474 
8628 559 918 4495 
8629 871 870 4485 
8630 2459 2444 4493 
8631 3694 1718 4526 
8632 3461 3460 4497 
8633 2517 2519 4585 
8634 3014 2484 4570 
8635 3622 3340 4490 
8636 3180 2470 4642 
8637 2726 2727 4488 
8638 3323 4390 4578 
8639 3335 4440 4552 
8640 825 827 4494 
8641 4205 4010 4557 
8642 4661 3395 4691 
8643 1718 1717 4586 
8644 153 154 4634 
8645 4053 851 4484 
8646 1445 1582 4606 
8647 4429 2814 4518 
8648 3384 1922 4508 
8649 2615 4105 4653 
8650 3543 4597 4603 
8651 2489 3014 4610 
8652 2730 2121 4502 
8653 4484 3980 4514 
8654 4398 644 4412 
8655 4452 3968 4474 
8656 2261 2127 4603 
8657 2699 4507 4543 
8658 2481 2123 4590 
8659 263 156 4615 
8660 3205 2535 4670 
8661 3603 2730 4598 
8662 338 4573 4625 
8663 1231 1633 4605 
8664 4508 1922 4517 
8665 3051 4536 4630 
8666 4517 3951 4525 
8667 1158 3151 4638 
8668 4586 1717 4627 
8669 2681 4365 4579 
8670 1869 1859 4498 
8671 2821 4595 4606 
8672 3692 3693 4640 
8673 4501 544 4521 
8674 3674 4489 4532 
8675 4538 2948 4635 
8676 4498 2457 4502 
8677 2316 2538 4646 
8678 2153 2855 4612 
8679 914 368 4601 
8680 1325 4355 4504 
8681 867 866 4506 
8682 2975 2491 4610 
8683 3662 3039 4503 
8684 4583 2753 4676 
8685 2478 4508 4517 
8686 796 814 4511 
8687 2477 1739 4604 
8688 2810 2809 4500 
8689 2853 4517 4525 
8690 2826 3946 4622 
8691 298 3093 4569 
8692 3787 544 4501 
8693 372 849 4588 
8694 4549 2476 4550 
8695 4548 2321 4558 
8696 2486 3890 4638 
8697 2525 2524 4611 
8698 2470 2319 4642 
8699 1820 2373 4515 
8700 4675 3311 4685 
8701 3838 4498 4502 
8702 4482 3787 4501 
8703 503 3911 4509 
8704 4685 3310 4695 
8705 2652 2495 4591 
8706 1825 2071 4505 
8707 2473 4549 4550 
8708 2311 2949 4510 
8709 2478 2467 4508 
8710 3225 4011 4661 
8711 1715 3389 4646 
8712 4489 1825 4505 
8713 4235 3904 4499 
8714 1645 1648 4516 
8715 2497 2652 4594 
8716 158 308 4624 
8717 4101 1271 4647 
8718 4496 2953 4618 
8719 4428 2646 4658 
8720 2037 2784 4523 
8721 544 3839 4521 
8722 1649 1651 4513 
8723 2626 2625 4519 
8724 3535 4429 4518 
8725 4403 473 4574 
8726 1656 1659 4522 
8727 2699 4341 4507 
8728 4246 3875 4632 
8729 2700 3991 4524 
8730 2072 2742 4518 
8731 2428 2463 4520 
8732 3980 2151 4514 
8733 2404 2487 4641 
8734 2637 2501 4602 
8735 1922 3951 4517 
8736 3449 3208 4673 
8737 2853 2478 4517 
8738 4475 754 4476 
8739 2473 4561 4566 
8740 2784 4505 4523 
8741 3951 2857 4525 
8742 4523 2816 4533 
8743 2997 4246 4632 
8744 2479 2460 4526 
8745 2240 2966 4529 
8746 2628 2626 4527 
8747 4087 2226 4645 
8748 3970 491 4667 
8749 2626 4519 4527 
8750 3693 2080 4649 
8751 4571 2828 4662 
8752 4484 851 4497 
8753 3734 1715 4642 
8754 2018 4529 4539 
8755 349 161 4620 
8756 314 3256 4544 
8757 847 865 4531 
8758 152 304 4540 
8759 1531 1533 4537 
8760 4644 2487 4647 
8761 1618 1617 4535 
8762 4567 2531 4631 
8763 2780 2779 4528 
8764 4298 1325 4504 
8765 2948 4513 4635 
8766 4590 3541 4625 
8767 1826 3051 4630 
8768 2129 4234 4603 
8769 366 914 4643 
8770 4569 3093 4576 
8771 3999 4415 4473 
8772 3675 3674 4532 
8773 4415 2696 4473 
8774 4483 2459 4493 
8775 4234 3543 4603 
8776 4160 2200 4633 
8777 3470 4087 4645 
8778 877 1826 4534 
8779 3911 1482 4648 
8780 141 142 4674 
8781 1514 4086 4530 
8782 3603 4598 4599 
8783 2810 4448 4499 
8784 4657 2992 4702 
8785 3934 2113 4536 
8786 2458 2699 4543 
8787 1187 1593 4652 
8788 4520 2472 4561 
8789 1234 1233 4659 
8790 4573 3086 4625 
8791 2816 3081 4533 
8792 4585 2783 4592 
8793 1380 1385 4657 
8794 2815 2814 4546 
8795 2616 3404 4542 
8796 4456 742 4459 
8797 2808 4475 4476 
8798 1219 1223 4658 
8799 2465 4544 4560 
8800 2769 4468 4492 
8801 4186 4187 4613 
8802 4355 2780 4504 
8803 4589 2333 4609 
8804 298 4585 4592 
8805 3839 3687 4541 
8806 2819 2820 4548 
8807 3836 2152 4549 
8808 4576 327 4577 
8809 2617 3970 4667 
8810 4504 2780 4528 
8811 4528 2779 4551 
8812 4153 1158 4638 
8813 4521 3839 4541 
8814 2139 2141 4556 
8815 931 3602 4599 
8816 4499 1447 4595 
8817 3602 3603 4599 
8818 4006 1510 4550 
8819 4240 2815 4546 
8820 1717 3764 4627 
8821 2080 1720 4665 
8822 4326 2712 4639 
8823 2378 4077 4660 
8824 2992 2989 4666 
8825 1720 3796 4669 
8826 147 148 4554 
8827 3553 3552 4553 
8828 2779 2836 4551 
8829 4010 2206 4557 
8830 4627 3764 4631 
8831 2463 4514 4520 
8832 3838 2819 4558 
8833 3561 4348 4575 
8834 2588 2829 4701 
8835 3764 1782 4631 
8836 3093 327 4576 
8837 2117 4390 4555 
8838 3594 4322 4621 
8839 4554 148 4563 
8840 1783 1619 4659 
8841 4665 1720 4669 
8842 4242 3023 4651 
8843 2955 2387 4644 
8844 148 149 4563 
8845 2135 2137 4560 
8846 4235 4499 4595 
8847 144 277 4672 
8848 1364 1362 4559 
8849 2819 4548 4558 
8850 2520 4326 4639 
8851 327 3144 4577 
8852 3796 2523 4677 
8853 3186 2924 4568 
8854 4553 2465 4556 
8855 4559 3333 4676 
8856 4210 2262 4704 
8857 2753 4583 4596 
8858 282 181 4565 
8859 4486 2042 4607 
8860 2826 4622 4640 
8861 1781 1780 4680 
8862 2477 4604 4612 
8863 1047 362 4656 
8864 4649 2080 4665 
8865 347 143 4672 
8866 277 3049 4663 
8867 2143 2471 4562 
8868 2472 2150 4566 
8869 334 183 4593 
8870 1467 4365 4552 
8871 1782 3932 4567 
8872 718 720 4571 
8873 4006 4550 4604 
8874 2484 2482 4570 
8875 3333 2515 4676 
8876 2333 4572 4609 
8877 3783 3600 4574 
8878 1941 4545 4582 
8879 4682 1780 4684 
8880 4677 2523 4679 
8881 1426 3810 4693 
8882 2817 4162 4581 
8883 720 722 4683 
8884 4560 3256 4572 
8885 2396 4361 4579 
8886 4693 2547 4694 
8887 2133 2135 4572 
8888 338 179 4573 
8889 3553 4562 4564 
8890 4550 2476 4604 
8891 4669 3796 4677 
8892 1223 4428 4658 
8893 2523 2828 4679 
8894 1588 1721 4684 
8895 2477 4612 4628 
8896 3541 338 4625 
8897 1943 4378 4578 
8898 2953 2963 4618 
8899 4598 2817 4599 
8900 3973 2381 4689 
8901 1232 2155 4580 
8902 3264 2547 4693 
8903 1909 4303 4561 
8904 4679 2828 4683 
8905 165 298 4592 
8906 2135 4560 4572 
8907 4234 2333 4589 
8908 2522 2379 4686 
8909 2821 4606 4622 
8910 3080 2773 4584 
8911 2811 2812 4582 
8912 2519 2783 4585 
8913 290 185 4587 
8914 2469 2539 4662 
8915 360 1047 4688 
8916 2515 1930 4583 
8917 150 151 4614 
8918 4687 1721 4689 
8919 2536 2208 4696 
8920 2495 2493 4591 
8921 2123 2124 4590 
8922 4327 4586 4627 
8923 4583 1928 4596 
8924 370 372 4588 
8925 4574 3600 4617 
8926 1704 4434 4671 
8927 310 188 4600 
8928 2457 2817 4598 
8929 4526 1718 4586 
8930 368 370 4601 
8931 2522 4690 4694 
8932 3543 3542 4597 
8933 1452 3537 4690 
8934 4569 2517 4585 
8935 2702 3264 4693 
8936 370 4588 4601 
8937 3026 2546 4681 
8938 3605 3604 4637 
8939 2499 2497 4594 
8940 3256 3255 4609 
8941 154 155 4623 
8942 4434 3203 4671 
8943 2499 4594 4602 
8944 2524 2624 4611 
8945 1447 1445 4606 
8946 2387 2486 4644 
8947 2127 2129 4603 
8948 3360 3358 4607 
8949 1622 1231 4605 
8950 4600 189 4608 
8951 3364 2714 4682 
8952 2501 2499 4602 
8953 3358 4486 4607 
8954 1739 4006 4604 
8955 161 162 4620 
8956 4692 2541 4697 
8957 2992 4666 4702 
8958 2458 4543 4545 
8959 3264 2534 4687 
8960 2491 2489 4610 
8961 4557 2206 4664 
8962 4524 1377 4666 
8963 2476 2153 4612 
8964 156 157 4615 
8965 2601 2965 4616 
8966 4327 2479 4586 
8967 2480 4235 4595 
8968 2539 2541 4692 
8969 4615 157 4624 
8970 4543 2811 4545 
8971 1798 3374 4635 
8972 3600 3601 4617 
8973 4561 2472 4566 
8974 157 158 4624 
8975 2479 4526 4586 
8976 2928 4557 4664 
8977 4595 1447 4606 
8978 2826 4640 4649 
8979 3946 2821 4622 
8980 2541 2543 4697 
8981 3241 3239 4626 
8982 4544 3256 4560 
8983 3086 2481 4625 
8984 2856 2477 4628 
8985 2488 4627 4631 
8986 1884 4629 4632 
8987 2474 3044 4630 
8988 1375 1378 4702 
8989 2262 358 4688 
8990 1884 4145 4629 
8991 308 4186 4613 
8992 2531 2488 4631 
8993 2991 2992 4703 
8994 1593 4342 4637 
8995 2925 4160 4633 
8996 4322 2747 4621 
8997 3875 1884 4632 
8998 3553 4553 4556 
8999 4581 931 4599 
9000 3389 2316 4646 
9001 4545 2811 4582 
9002 1582 3692 4640 
9003 2543 2545 4698 
9004 163 164 4636 
9005 2601 4616 4664 
9006 2712 2013 4639 
9007 2319 3734 4642 
9008 4562 2471 4564 
9009 3220 2955 4654 
9010 3151 2404 4641 
9011 2226 4073 4645 
9012 2488 4327 4627 
9013 4697 2543 4698 
9014 779 4662 4692 
9015 364 366 4643 
9016 2592 4551 4678 
9017 2822 2826 4649 
9018 2013 2532 4650 
9019 4641 2487 4644 
9020 2487 4101 4647 
9021 3890 4153 4638 
9022 4639 2013 4650 
9023 1233 1187 4652 
9024 4604 2476 4612 
9025 1393 4242 4651 
9026 4342 3605 4637 
9027 4650 2532 4655 
9028 4698 2545 4700 
9029 2545 3026 4700 
9030 4572 3256 4609 
9031 2532 2921 4655 
9032 1393 4651 4661 
9033 362 364 4656 
9034 2822 4649 4665 
9035 4622 1582 4640 
9036 1666 1219 4658 
9037 4647 1271 4654 
9038 364 4643 4656 
9039 1378 1380 4657 
9040 4077 732 4660 
9041 779 4571 4662 
9042 298 4569 4585 
9043 1619 1234 4659 
9044 2987 4524 4666 
9045 4011 1393 4661 
9046 2823 2822 4665 
9047 2206 2601 4664 
9048 2537 3206 4708 
9049 2823 4665 4669 
9050 3211 2617 4667 
9051 4002 3294 4705 
9052 2817 4581 4599 
9053 2989 2987 4666 
9054 3077 3075 4668 
9055 2825 2823 4669 
9056 4672 277 4708 
9057 2535 2929 4670 
9058 143 144 4672 
9059 4080 1704 4671 
9060 4509 3911 4648 
9061 142 347 4674 
9062 2714 3224 4682 
9063 4063 2825 4677 
9064 2825 4669 4677 
9065 2753 1419 4676 
9066 4080 4671 4675 
9067 2148 4080 4675 
9068 2977 3449 4673 
9069 4703 1385 4705 
9070 308 4613 4706 
9071 2546 3400 4681 
9072 2486 4641 4644 
9073 4063 4677 4679 
9074 2534 3364 4687 
9075 2089 1781 4680 
9076 3399 1452 4690 
9077 4666 1377 4702 
9078 3224 3225 4691 
9079 731 4679 4683 
9080 4660 732 4700 
9081 731 4063 4679 
9082 4680 1780 4682 
9083 2148 4675 4685 
9084 154 4623 4634 
9085 2089 4680 4691 
9086 3026 4660 4700 
9087 722 731 4683 
9088 358 360 4688 
9089 3126 4703 4705 
9090 1780 1588 4684 
9091 2379 2380 4686 
9092 4680 3224 4691 
9093 4684 1721 4687 
9094 2992 4657 4703 
9095 4129 2148 4685 
9096 2747 2530 4706 
9097 3395 2089 4691 
9098 2955 4647 4654 
9099 2262 4701 4704 
9100 1721 3973 4689 
9101 3799 779 4692 
9102 2522 4686 4690 
9103 3799 4692 4697 
9104 3537 1426 4694 
9105 3810 2702 4693 
9106 2547 2522 4694 
9107 2827 4129 4695 
9108 4551 2836 4678 
9109 4129 4685 4695 
9110 3664 1289 4698 
9111 1289 3799 4697 
9112 2827 4695 4699 
9113 2208 2915 4696 
9114 4701 2829 4704 
9115 1289 4697 4698 
9116 3664 4698 4700 
9117 2942 2827 4699 
9118 732 3664 4700 
9119 3209 2588 4701 
9120 4657 1385 4703 
9121 1377 1375 4702 
9122 3206 4672 4708 
9123 3126 2991 4703 
9124 4613 2747 4706 
9125 3224 4680 4682 
9126 2829 2830 4707 
9127 322 4210 4704 
9128 3364 4684 4687 
9129 4686 3399 4690 
9130 1385 4002 4705 
9131 322 4704 4707 
9132 4704 2829 4707 
9133 3054 322 4707 
9134 2530 2623 4706 
9135 277 4663 4708 
9136 4707 2830 4709 
9137 3054 4707 4709 
9138 2884 4803 4885 
9139 3153 2191 4710 
9140 2842 2620 4710 
9141 3164 1784 4793 
9142 4806 2872 4881 
9143 94 95 4711 
9144 2888 4825 4888 
9145 3057 3296 4800 
9146 2620 3153 4710 
9147 4319 3100 4790 
9148 227 228 4712 
9149 2871 2914 4714 
9150 122 123 4713 
9151 1812 3319 4714 
9152 2859 2871 4714 
9153 95 307 4711 
9154 2914 2182 4715 
9155 1978 3247 4859 
9156 2182 1816 4715 
9157 1813 1812 4715 
9158 210 211 4716 
9159 3140 2739 4723 
9160 2739 3140 4724 
9161 3141 2567 4739 
9162 2567 3141 4738 
9163 3121 2846 4736 
9164 2846 3121 4737 
9165 4731 261 4782 
9166 4732 3217 4781 
9167 4735 323 4784 
9168 2851 4725 4776 
9169 3196 4726 4778 
9170 2847 4720 4775 
9171 3452 4718 4773 
9172 2844 4717 4772 
9173 3120 4721 4765 
9174 4736 2846 4761 
9175 4739 2567 4769 
9176 2739 4724 4768 
9177 4738 3141 4771 
9178 4729 311 4740 
9179 3140 4723 4770 
9180 4734 295 4762 
9181 4730 343 4746 
9182 4733 305 4752 
9183 4737 3121 4765 
9184 3123 4722 4786 
9185 2896 303 4849 
9186 2901 342 4841 
9187 3163 3867 4819 
9188 27 28 4718 
9189 30 31 4717 
9190 19 20 4720 
9191 3235 4371 4721 
9192 2175 2176 4722 
9193 3219 3274 4724 
9194 2739 2738 4723 
9195 3140 3138 4724 
9196 4072 1725 4723 
9197 59 60 4725 
9198 8 9 4726 
9199 3147 3148 4727 
9200 1969 1962 4728 
9201 4380 2563 4729 
9202 3450 3451 4731 
9203 3494 2560 4730 
9204 2165 2168 4732 
9205 2566 2564 4733 
9206 3197 3195 4734 
9207 3266 257 4736 
9208 2572 2576 4735 
9209 330 3136 4739 
9210 3118 3121 4736 
9211 2171 2846 4737 
9212 1948 1946 4737 
9213 3137 3141 4739 
9214 2395 2567 4738 
9215 1742 3998 4738 
9216 228 300 4712 
9217 3216 3217 4774 
9218 32 305 4772 
9219 29 261 4773 
9220 21 343 4775 
9221 61 311 4776 
9222 3146 3147 4777 
9223 10 295 4778 
9224 7 323 4779 
9225 2851 2556 4780 
9226 2847 2562 4783 
9227 2844 2552 4782 
9228 2553 2163 4781 
9229 3196 2558 4784 
9230 3123 299 4785 
9231 3120 3119 4786 
9232 2839 3249 4823 
9233 2882 4807 4883 
9234 220 221 4788 
9235 2510 2504 4789 
9236 2503 2941 4789 
9237 1804 1801 4790 
9238 1800 4319 4790 
9239 4803 262 4885 
9240 131 132 4791 
9241 194 195 4792 
9242 3055 3058 4792 
9243 3054 4709 4791 
9244 289 122 4713 
9245 3319 2859 4714 
9246 1986 1988 4795 
9247 3075 3073 4796 
9248 1816 1813 4715 
9249 3247 1978 4874 
9250 1983 1683 4787 
9251 4300 3270 4797 
9252 220 4788 4824 
9253 1230 3168 4787 
9254 309 4806 4881 
9255 1683 1230 4787 
9256 326 210 4716 
9257 3194 4668 4866 
9258 342 2900 4851 
9259 3162 3164 4793 
9260 3696 1983 4799 
9261 2506 2510 4800 
9262 4043 2659 4801 
9263 4717 2844 4782 
9264 4719 2553 4781 
9265 4720 2847 4783 
9266 3217 4732 4774 
9267 4721 3120 4786 
9268 305 4733 4772 
9269 261 4731 4773 
9270 4722 3123 4785 
9271 4725 2851 4780 
9272 343 4730 4775 
9273 3147 4728 4777 
9274 311 4729 4776 
9275 4726 3196 4784 
9276 295 4734 4778 
9277 323 4735 4779 
9278 1988 1989 4802 
9279 261 30 4717 
9280 302 27 4718 
9281 3217 302 4719 
9282 302 4718 4719 
9283 279 19 4720 
9284 2176 3235 4721 
9285 2561 2175 4722 
9286 2738 4072 4723 
9287 3138 3219 4724 
9288 291 59 4725 
9289 323 8 4726 
9290 3148 3158 4727 
9291 1962 2557 4728 
9292 2563 2851 4729 
9293 2560 2847 4730 
9294 3451 3452 4731 
9295 2168 2554 4732 
9296 2564 2844 4733 
9297 3195 3196 4734 
9298 2576 2894 4735 
9299 257 3118 4736 
9300 1946 2171 4737 
9301 3136 3137 4739 
9302 3998 2395 4738 
9303 5 6 4794 
9304 3260 3258 4795 
9305 3168 3166 4787 
9306 4744 279 4783 
9307 4769 2561 4785 
9308 4741 291 4780 
9309 2554 4754 4774 
9310 2557 4740 4777 
9311 2568 3177 4745 
9312 3052 2566 4752 
9313 2846 2845 4761 
9314 2845 3052 4759 
9315 2554 2568 4754 
9316 2849 3197 4762 
9317 2568 4745 4754 
9318 2845 4759 4761 
9319 3052 4752 4759 
9320 3177 3494 4746 
9321 4745 3177 4746 
9322 2570 3300 4748 
9323 3200 2559 4744 
9324 2559 2570 4747 
9325 4371 1948 4765 
9326 4747 2570 4748 
9327 4744 2559 4747 
9328 3300 3299 4749 
9329 4748 3300 4749 
9330 3299 2850 4751 
9331 4749 3299 4751 
9332 2850 2848 4753 
9333 4755 2849 4762 
9334 4751 2850 4753 
9335 2848 2849 4755 
9336 4753 2848 4755 
9337 2567 2561 4769 
9338 3141 3139 4771 
9339 3139 3140 4770 
9340 3253 275 4764 
9341 3274 315 4768 
9342 3139 4770 4771 
9343 3252 3253 4766 
9344 315 3252 4767 
9345 315 4767 4768 
9346 275 3560 4763 
9347 3252 4766 4767 
9348 275 4763 4764 
9349 3560 3559 4760 
9350 3253 4764 4766 
9351 283 3131 4750 
9352 3560 4760 4763 
9353 311 3175 4740 
9354 3131 335 4743 
9355 3173 291 4741 
9356 341 3412 4757 
9357 3559 341 4758 
9358 3412 283 4756 
9359 335 3173 4742 
9360 341 4757 4758 
9361 3412 4756 4757 
9362 335 4742 4743 
9363 283 4750 4756 
9364 3173 4741 4742 
9365 3131 4743 4750 
9366 3559 4758 4760 
9367 2557 4380 4740 
9368 2569 4254 4741 
9369 4741 4254 4742 
9370 4254 2852 4742 
9371 4742 2852 4743 
9372 2852 2853 4743 
9373 346 4747 4748 
9374 3919 271 4745 
9375 346 3846 4747 
9376 3900 346 4748 
9377 3846 279 4744 
9378 343 3919 4746 
9379 3919 4745 4746 
9380 3846 4744 4747 
9381 287 3900 4749 
9382 3906 287 4751 
9383 4745 271 4754 
9384 3900 4748 4749 
9385 287 4749 4751 
9386 271 3172 4754 
9387 339 3906 4753 
9388 3906 4751 4753 
9389 305 4190 4752 
9390 339 4753 4755 
9391 4743 2853 4750 
9392 3814 339 4755 
9393 2853 4525 4750 
9394 4750 4525 4756 
9395 2857 2856 4757 
9396 4757 2856 4758 
9397 4756 2857 4757 
9398 4752 4190 4759 
9399 3814 4755 4762 
9400 4525 2857 4756 
9401 4190 351 4759 
9402 351 3266 4761 
9403 295 3814 4762 
9404 2855 2854 4763 
9405 4763 2854 4764 
9406 2856 4628 4758 
9407 2854 4114 4764 
9408 4759 351 4761 
9409 3121 3120 4765 
9410 4760 2855 4763 
9411 4764 4114 4766 
9412 4114 2555 4766 
9413 2555 2571 4767 
9414 4628 2855 4760 
9415 2571 2739 4768 
9416 4766 2555 4767 
9417 4767 2571 4768 
9418 3104 330 4769 
9419 4758 4628 4760 
9420 1725 4031 4770 
9421 4031 1742 4771 
9422 4770 4031 4771 
9423 3200 4744 4783 
9424 4754 3172 4774 
9425 2569 4741 4780 
9426 3104 4769 4785 
9427 4740 3175 4777 
9428 31 32 4772 
9429 28 29 4773 
9430 3172 3216 4774 
9431 20 21 4775 
9432 60 61 4776 
9433 3175 3146 4777 
9434 9 10 4778 
9435 6 7 4779 
9436 2556 2569 4780 
9437 2562 3200 4783 
9438 2163 2165 4781 
9439 2552 3450 4782 
9440 3119 3123 4786 
9441 2558 2572 4784 
9442 299 3104 4785 
9443 4716 211 4826 
9444 278 3047 4833 
9445 4807 260 4883 
9446 3231 3232 4842 
9447 4668 3075 4866 
9448 2884 3129 4803 
9449 2651 2908 4803 
9450 3150 2879 4839 
9451 221 306 4788 
9452 4713 123 4828 
9453 4292 2005 4804 
9454 3161 324 4857 
9455 4111 1804 4875 
9456 2941 317 4873 
9457 303 2897 4860 
9458 2881 3367 4805 
9459 3296 3027 4805 
9460 2906 2594 4806 
9461 4287 2872 4806 
9462 3269 3268 4807 
9463 2191 1996 4809 
9464 268 3382 4810 
9465 3092 348 4811 
9466 3127 3128 4812 
9467 2504 2503 4789 
9468 2870 4818 4886 
9469 1801 1800 4790 
9470 227 4712 4830 
9471 2510 3059 4880 
9472 3064 2887 4814 
9473 3297 2876 4815 
9474 2905 2833 4816 
9475 2875 2595 4817 
9476 132 3054 4791 
9477 195 3055 4792 
9478 2870 3376 4818 
9479 2898 2904 4818 
9480 3699 340 4867 
9481 337 2910 4872 
9482 3167 3162 4793 
9483 4788 2869 4824 
9484 94 4711 4832 
9485 3076 3490 4837 
9486 340 3698 4838 
9487 2902 2843 4820 
9488 3348 2875 4820 
9489 3065 3064 4821 
9490 2876 2633 4822 
9491 3094 328 4829 
9492 264 219 4824 
9493 2863 4716 4826 
9494 2005 1986 4795 
9495 280 3232 4843 
9496 2591 2881 4825 
9497 2882 3576 4807 
9498 2574 2874 4808 
9499 3073 3076 4796 
9500 212 270 4826 
9501 2866 4713 4828 
9502 2874 4253 4827 
9503 124 309 4828 
9504 2867 2592 4829 
9505 4395 1978 4859 
9506 4712 2883 4830 
9507 4668 3194 4863 
9508 2909 337 4834 
9509 261 4717 4782 
9510 3217 4719 4781 
9511 279 4720 4783 
9512 2176 4721 4786 
9513 2561 4722 4785 
9514 291 4725 4780 
9515 323 4726 4784 
9516 4728 2557 4777 
9517 4729 2851 4776 
9518 4730 2847 4775 
9519 4731 3452 4773 
9520 4733 2844 4772 
9521 4732 2554 4774 
9522 4734 3196 4778 
9523 4735 2894 4779 
9524 260 226 4830 
9525 3149 319 4831 
9526 4711 2885 4832 
9527 262 93 4832 
9528 3112 2873 4833 
9529 4189 352 4827 
9530 117 281 4834 
9531 337 116 4834 
9532 333 3154 4835 
9533 286 3091 4836 
9534 3490 249 4837 
9535 250 312 4837 
9536 296 74 4838 
9537 75 340 4838 
9538 258 100 4839 
9539 101 3150 4839 
9540 3097 3099 4840 
9541 243 284 4841 
9542 342 242 4841 
9543 84 344 4842 
9544 2831 2862 4843 
9545 3232 3230 4843 
9546 306 4300 4797 
9547 192 354 4845 
9548 317 191 4845 
9549 70 324 4844 
9550 4779 2894 4794 
9551 6 4779 4794 
9552 89 301 4846 
9553 319 254 4847 
9554 255 356 4847 
9555 4709 2830 4848 
9556 4025 2867 4810 
9557 3698 3696 4798 
9558 2198 4111 4840 
9559 3069 3068 4850 
9560 2858 2834 4852 
9561 3111 2888 4853 
9562 2865 4353 4854 
9563 2836 4224 4855 
9564 2860 2837 4856 
9565 72 3867 4857 
9566 324 71 4857 
9567 2908 91 4887 
9568 3246 3249 4859 
9569 3748 331 4825 
9570 215 303 4860 
9571 3595 313 4861 
9572 4795 3258 4878 
9573 3166 3165 4799 
9574 3262 276 4816 
9575 2892 4183 4863 
9576 1783 4668 4863 
9577 4100 3595 4864 
9578 3150 297 4865 
9579 3096 3100 4865 
9580 340 76 4867 
9581 77 288 4867 
9582 3 131 4868 
9583 4 194 4869 
9584 3169 355 4870 
9585 67 2 4870 
9586 256 1 4871 
9587 1 5 4871 
9588 130 3 4868 
9589 2 68 4870 
9590 193 4 4869 
9591 115 337 4872 
9592 3577 114 4872 
9593 1978 1911 4874 
9594 1984 2841 4874 
9595 91 92 4887 
9596 273 3577 4823 
9597 2892 3193 4831 
9598 3059 3056 4880 
9599 318 2903 4858 
9600 303 216 4849 
9601 2508 2506 4800 
9602 336 3174 4821 
9603 288 3898 4822 
9604 2282 4043 4801 
9605 2873 2577 4811 
9606 2832 4196 4812 
9607 3092 2589 4836 
9608 2593 3128 4835 
9609 1989 2367 4802 
9610 2005 4795 4878 
9611 241 342 4851 
9612 4818 264 4886 
9613 4798 3165 4819 
9614 2914 2871 4813 
9615 344 3908 4817 
9616 3129 2651 4803 
9617 2877 2574 4808 
9618 284 3132 4814 
9619 345 3854 4815 
9620 2762 4292 4804 
9621 4798 3696 4799 
9622 3165 4798 4799 
9623 4795 1988 4879 
9624 3027 293 4805 
9625 2594 4287 4806 
9626 3268 260 4807 
9627 3265 258 4808 
9628 1996 2198 4809 
9629 3145 268 4810 
9630 348 4049 4811 
9631 281 3127 4812 
9632 2902 88 4846 
9633 127 318 4858 
9634 2912 2914 4813 
9635 2907 301 4862 
9636 2887 2886 4814 
9637 2862 3297 4815 
9638 2833 4060 4816 
9639 2595 3233 4817 
9640 4813 2871 4884 
9641 4788 306 4882 
9642 3249 273 4823 
9643 3376 2898 4818 
9644 4023 2868 4882 
9645 270 4813 4884 
9646 91 2908 4862 
9647 3169 69 4844 
9648 301 90 4862 
9649 2906 126 4858 
9650 3867 296 4819 
9651 217 2904 4849 
9652 2905 240 4851 
9653 3165 3163 4819 
9654 2843 3348 4820 
9655 3068 3065 4821 
9656 2633 3134 4822 
9657 4801 2659 4877 
9658 2840 2839 4823 
9659 219 220 4824 
9660 90 91 4862 
9661 2888 2591 4825 
9662 3245 2841 4861 
9663 3260 4795 4879 
9664 211 212 4826 
9665 2842 4710 4864 
9666 4253 2860 4827 
9667 123 124 4828 
9668 2891 2892 4831 
9669 2589 2889 4836 
9670 2864 2593 4835 
9671 2592 4678 4829 
9672 2841 2842 4861 
9673 126 127 4858 
9674 226 227 4830 
9675 4710 3103 4864 
9676 3193 3149 4831 
9677 93 94 4832 
9678 2899 2902 4846 
9679 2861 3112 4833 
9680 116 117 4834 
9681 3128 333 4835 
9682 3091 3092 4836 
9683 2897 2913 4860 
9684 2913 214 4860 
9685 249 250 4837 
9686 74 75 4838 
9687 4800 2510 4880 
9688 240 241 4851 
9689 100 101 4839 
9690 3098 3097 4840 
9691 216 217 4849 
9692 2659 4023 4877 
9693 4803 2908 4887 
9694 242 243 4841 
9695 83 84 4842 
9696 3230 2831 4843 
9697 69 70 4844 
9698 3159 3169 4844 
9699 191 192 4845 
9700 88 89 4846 
9701 3100 3098 4875 
9702 254 255 4847 
9703 4797 4023 4882 
9704 2830 3905 4848 
9705 2904 2896 4849 
9706 1988 4802 4879 
9707 3072 3069 4850 
9708 3060 3059 4873 
9709 2900 2905 4851 
9710 2834 2861 4852 
9711 2889 3111 4853 
9712 4353 2864 4854 
9713 4678 2836 4855 
9714 2837 3672 4856 
9715 71 72 4857 
9716 2903 2906 4858 
9717 3247 3246 4859 
9718 214 215 4860 
9719 313 3245 4861 
9720 2908 2907 4862 
9721 194 4792 4869 
9722 131 4791 4868 
9723 4183 1783 4863 
9724 3270 4801 4877 
9725 3103 4100 4864 
9726 4853 2888 4888 
9727 2858 4852 4889 
9728 3075 4796 4866 
9729 4804 2005 4878 
9730 297 3096 4865 
9731 4790 3100 4875 
9732 3192 3194 4866 
9733 76 77 4867 
9734 262 4832 4885 
9735 353 130 4868 
9736 354 193 4869 
9737 355 67 4870 
9738 356 256 4871 
9739 260 4830 4883 
9740 114 115 4872 
9741 4828 309 4881 
9742 4023 4797 4877 
9743 4789 2941 4873 
9744 4826 270 4884 
9745 3059 4789 4873 
9746 1911 1984 4874 
9747 264 4824 4886 
9748 1804 4790 4875 
9749 2191 4809 4876 
9750 2869 2870 4886 
9751 3057 4800 4880 
9752 4797 3270 4877 
9753 5 4794 4871 
9754 3102 3103 4876 
9755 3258 3259 4878 
9756 2871 2863 4884 
9757 3350 3260 4879 
9758 3056 3057 4880 
9759 2872 2866 4881 
9760 2883 2882 4883 
9761 2885 2884 4885 
9762 92 262 4887 
9763 331 3110 4888 
9764 4792 354 4869 
9765 4791 353 4868 
9766 4802 3350 4879 
9767 262 4803 4887 
9768 4794 356 4871 
9769 4796 3192 4866 
9770 326 4716 4889 
9771 306 4797 4882 
9772 3259 4804 4878 
9773 4809 3102 4876 
9774 4824 2869 4886 
9775 2863 4826 4884 
9776 2866 4828 4881 
9777 4832 2885 4885 
9778 4830 2883 4883 
9779 3110 4853 4888 
9780 4852 326 4889 
$EndElements
